[2026-05-10T12:26:40.344] [DEBUG] debug-file - Task 'entry:default@ProcessStartupConfig' cost while wrapping incremental declarations: 1 ms 
[2026-05-10T12:26:40.344] [DEBUG] debug-file - entry:default@ProcessStartupConfig is not up-to-date, since the output file 'E:\project\My_project\OpenHarmony\frontend\entry\build\default\intermediates\startup\default\startup_config.json' does not exist.
[2026-05-10T12:26:40.344] [DEBUG] debug-file - Incremental task entry:default@ProcessStartupConfig pre-execution cost: 1 ms .
[2026-05-10T12:26:40.344] [DEBUG] debug-file - entry : default@ProcessStartupConfig cost memory 0.095062255859375
[2026-05-10T12:26:40.344] [DEBUG] debug-file - runTaskFromQueue task cost before running: 1 s 194 ms 
[2026-05-10T12:26:40.345] [INFO] debug-file - Finished :entry:default@ProcessStartupConfig... after 1 ms 
[2026-05-10T12:26:40.345] [DEBUG] debug-file - Executing task :entry:default@BuildNativeWithNinja
[2026-05-10T12:26:40.345] [DEBUG] debug-file - entry : default@BuildNativeWithNinja cost memory 0.024322509765625
[2026-05-10T12:26:40.346] [DEBUG] debug-file - runTaskFromQueue task cost before running: 1 s 196 ms 
[2026-05-10T12:26:40.346] [INFO] debug-file - Finished :entry:default@BuildNativeWithNinja... after 1 ms 
[2026-05-10T12:26:40.347] [DEBUG] debug-file - restool module names: entry; moduleName=entry, taskName=default@ProcessResource
[2026-05-10T12:26:40.348] [DEBUG] debug-file - Executing task :entry:default@ProcessResource
[2026-05-10T12:26:40.348] [DEBUG] debug-file - Task 'entry:default@ProcessResource' cost while wrapping incremental declarations: 1 ms 
[2026-05-10T12:26:40.349] [DEBUG] debug-file - Incremental task entry:default@ProcessResource pre-execution cost: 1 ms .
[2026-05-10T12:26:40.349] [DEBUG] debug-file - entry : default@ProcessResource cost memory 0.6195144653320312
[2026-05-10T12:26:40.350] [INFO] debug-file - UP-TO-DATE :entry:default@ProcessResource...  
[2026-05-10T12:26:40.351] [DEBUG] debug-file - Executing task :entry:default@GenerateLoaderJson
[2026-05-10T12:26:40.352] [DEBUG] debug-file - Task 'entry:default@GenerateLoaderJson' cost while wrapping incremental declarations: 1 ms 
[2026-05-10T12:26:40.355] [DEBUG] debug-file - Incremental task entry:default@GenerateLoaderJson pre-execution cost: 2 ms .
[2026-05-10T12:26:40.355] [DEBUG] debug-file - entry : default@GenerateLoaderJson cost memory 0.5174179077148438
[2026-05-10T12:26:40.357] [INFO] debug-file - UP-TO-DATE :entry:default@GenerateLoaderJson...  
[2026-05-10T12:26:40.357] [DEBUG] debug-file - Executing task :entry:default@ProcessLibs
[2026-05-10T12:26:40.358] [DEBUG] debug-file - Incremental task entry:default@ProcessLibs pre-execution cost: 1 ms .
[2026-05-10T12:26:40.358] [DEBUG] debug-file - entry : default@ProcessLibs cost memory 0.2133026123046875
[2026-05-10T12:26:40.358] [INFO] debug-file - UP-TO-DATE :entry:default@ProcessLibs...  
[2026-05-10T12:26:40.359] [DEBUG] debug-file - restool module names: entry; moduleName=entry, taskName=default@CompileResource
[2026-05-10T12:26:40.359] [DEBUG] debug-file - Executing task :entry:default@CompileResource
[2026-05-10T12:26:40.363] [DEBUG] debug-file - Incremental task entry:default@CompileResource pre-execution cost: 4 ms .
[2026-05-10T12:26:40.363] [DEBUG] debug-file - entry : default@CompileResource cost memory 0.7360305786132812
[2026-05-10T12:26:40.363] [INFO] debug-file - UP-TO-DATE :entry:default@CompileResource...  
[2026-05-10T12:26:40.364] [DEBUG] debug-file - Executing task :entry:default@DoNativeStrip
[2026-05-10T12:26:40.364] [DEBUG] debug-file - File: 'E:\project\My_project\OpenHarmony\frontend\entry\build\default\intermediates\binxo\default' from 'doBinxoNativeLibs' is not exists, just ignore.
[2026-05-10T12:26:40.364] [DEBUG] debug-file - Task 'entry:default@DoNativeStrip' cost while wrapping incremental declarations: 1 ms 
[2026-05-10T12:26:40.364] [DEBUG] debug-file - Incremental task entry:default@DoNativeStrip pre-execution cost: 1 ms .
[2026-05-10T12:26:40.364] [DEBUG] debug-file - entry : default@DoNativeStrip cost memory 0.5373382568359375
[2026-05-10T12:26:40.365] [INFO] debug-file - UP-TO-DATE :entry:default@DoNativeStrip...  
[2026-05-10T12:26:40.365] [DEBUG] debug-file - Executing task :entry:default@CompileArkTS
[2026-05-10T12:26:40.366] [DEBUG] debug-file - obfuscationOptions: undefined
[2026-05-10T12:26:40.366] [DEBUG] debug-file - Task 'entry:default@CompileArkTS' cost while wrapping incremental declarations: 1 ms 
[2026-05-10T12:26:40.368] [DEBUG] debug-file - entry:default@CompileArkTS is not up-to-date, since the input file 'E:\project\My_project\OpenHarmony\frontend\entry\build\default\intermediates\loader\default' has been changed.
[2026-05-10T12:26:40.368] [DEBUG] debug-file - Incremental task entry:default@CompileArkTS pre-execution cost: 2 ms .
[2026-05-10T12:26:40.374] [DEBUG] debug-file - build config:
[2026-05-10T12:26:40.375] [DEBUG] debug-file - {
  moduleType: 'entry',
  perf: 0,
  targetName: '.default',
  packageManagerType: 'ohpm',
  localPropertiesPath: 'E:\\project\\My_project\\OpenHarmony\\frontend\\local.properties',
  isPreview: false,
  isOhosTest: false,
  isLocalTest: false,
  buildMode: 'Debug',
  hotReloadBuild: undefined,
  watchMode: 'false',
  aceProfilePath: 'E:\\project\\My_project\\OpenHarmony\\frontend\\entry\\build\\default\\intermediates\\res\\default\\resources\\base\\profile',
  etsLoaderPath: 'E:\\Program Files\\Huawei\\DevEco Studio\\sdk\\default\\openharmony\\ets\\build-tools\\ets-loader',
  modulePath: 'E:\\project\\My_project\\OpenHarmony\\frontend\\entry',
  testFrameworkPar: {
    testMode: undefined,
    coveragePathFilter: undefined,
    coverageMode: undefined
  },
  needCoverageInsert: false,
  debugLine: false,
  projectTopDir: 'E:\\project\\My_project\\OpenHarmony\\frontend',
  compileSdkVersion: 24,
  compatibleSdkVersion: 24,
  originCompatibleSdkVersion: '6.1.1(24)',
  compatibleSdkVersionStage: undefined,
  bundleName: 'c***h',
  etsLoaderVersion: '6.1.1.115',
  etsLoaderReleaseType: 'Beta1',
  aotCompileMode: 'type',
  apPath: 'E:\\project\\My_project\\OpenHarmony\\frontend\\entry\\modules.ap',
  entryModuleName: 'entry',
  entryModuleVersion: '1.0.0',
  entryPackageName: 'entry',
  allModuleNameHash: 'ce07020a89efc81a7e6eef6687a77f9b00a5d846c6bb29ca823e57a40b03e7bb',
  externalApiPaths: [
    'E:\\Program Files\\Huawei\\DevEco Studio\\sdk\\default\\hms\\ets'
  ],
  compilerTypes: [],
  isCrossplatform: false,
  hvigorPluginFile: undefined,
  compilePluginPath: undefined,
  buildGeneratedProfilePath: 'E:\\project\\My_project\\OpenHarmony\\frontend\\entry\\build\\default\\generated\\profile\\default',
  bundleType: 'app',
  arkTSVersion: undefined,
  apiVersion: 24,
  needCompleteSourcesMap: false,
  isFaMode: false,
  buildDir: 'E:\\project\\My_project\\OpenHarmony\\frontend\\entry\\build',
  deviceTypes: [ 'default', 'tablet' ],
  pkgContextInfo: undefined,
  ohPackagePathMap: {},
  dependencyAliasMap: {},
  permission: { requestPermissions: [ [Object] ], definePermissions: undefined },
  useGetCurrentBundleName: false,
  projectArkOption: undefined,
  sourceMapDir: undefined,
  branchElimination: false,
  transformLib: undefined,
  tsImportSendable: false,
  resolveConflictMode: true,
  depName2RootPath: {},
  depName2DepInfo: {},
  depName2OhExports: {},
  rootPathSet: [ 'E:\\project\\My_project\\OpenHarmony\\frontend' ],
  useNativeResolver: true,
  shouldEmitJs: true,
  useTscResolve: false,
  singleFileEmit: false,
  userProjectConfig: {
    autoLazyImport: false,
    allowEmptyBundleName: false,
    reExportCheckMode: 'noCheck',
    executionMode: 'memory',
    usePathPlaceholder: false,
    writeRollupCache: true,
    isExpandImportEnabled: false,
    expandImportExclude: '',
    lazyImportExclude: '',
    lazyImportInclude: '',
    ignoreCrossplatformCheck: false,
    isHarDeduplicateEnabled: false,
    skipOhModulesLint: false,
    enableStrictCheckOHModule: false,
    disableSendableCheckRules: [],
    useDeclarationFileSignature: false,
    customizedOptions: undefined,
    integratedHsp: false,
    isPreloadSoEnabled: false
  },
  executionMode: 'memory',
  arkCompileCachePath: 'E:\\project\\My_project\\OpenHarmony\\frontend\\entry\\build\\default\\cache\\default\\default@CompileArkTS\\esmodule',
  autoLazyFilter: undefined,
  isHarDeduplicateEnabled: false,
  intermediateHarDuplicateDirPath: 'E:\\project\\My_project\\OpenHarmony\\frontend\\entry\\build\\default\\intermediates\\har_duplicate\\default',
  autoLazyImport: false,
  allowEmptyBundleName: false,
  reExportCheckMode: 'noCheck',
  usePathPlaceholder: false,
  writeRollupCache: true,
  isExpandImportEnabled: false,
  expandImportExclude: '',
  lazyImportExclude: '',
  lazyImportInclude: '',
  ignoreCrossplatformCheck: false,
  skipOhModulesLint: false,
  enableStrictCheckOHModule: false,
  disableSendableCheckRules: [],
  useDeclarationFileSignature: false,
  customizedOptions: undefined,
  integratedHsp: false,
  isPreloadSoEnabled: false,
  strictMode: undefined,
  useNormalizedOHMUrl: false,
  caseSensitiveCheck: false,
  aceModuleJsonPath: 'E:\\project\\My_project\\OpenHarmony\\frontend\\entry\\build\\default\\intermediates\\res\\default\\ark_module.json',
  appResource: 'E:\\project\\My_project\\OpenHarmony\\frontend\\entry\\build\\default\\intermediates\\res\\default\\ResourceTable.txt',
  rawFileResource: 'E:\\project\\My_project\\OpenHarmony\\frontend\\entry\\build\\default\\intermediates\\res\\default\\resources\\rawfile',
  resourceTableHash: '65f34a2e4b63780d1d6c0614d8f19de78ca4a0f4f9875431e701e0d59ea2a136',
  runtimeOS: 'HarmonyOS',
  sdkInfo: 'false:24:6.1.1.115:Beta1',
  aceModuleRoot: 'E:\\project\\My_project\\OpenHarmony\\frontend\\entry\\src\\main\\ets',
  compileMode: 'esmodule',
  aceSuperVisualPath: 'E:\\project\\My_project\\OpenHarmony\\frontend\\entry\\src\\main\\supervisual',
  aceBuildJson: 'E:\\project\\My_project\\OpenHarmony\\frontend\\entry\\build\\default\\intermediates\\loader\\default\\loader.json',
  cachePath: 'E:\\project\\My_project\\OpenHarmony\\frontend\\entry\\build\\default\\cache\\default\\default@CompileArkTS\\esmodule\\debug',
  aceModuleBuild: 'E:\\project\\My_project\\OpenHarmony\\frontend\\entry\\build\\default\\intermediates\\loader_out\\default\\ets',
  supportChunks: true,
  declaredFilesPath: undefined,
  shouldCollectDirectImportees: false,
  isByteCodeHarOptimize: false,
  expandImportPath: undefined,
  resourceTableTs: 'E:\\project\\My_project\\OpenHarmony\\frontend\\entry\\build\\default\\generated\\r\\default\\ResourceTable.ts',
  moduleMetaInfoFiles: [
    {
      filePath: 'E:\\project\\My_project\\OpenHarmony\\frontend\\entry\\build\\default\\generated\\r\\default\\ResourceTable.ts',
      ohmurl: 'com.example.campusauth/entry/build/generated/r/ResourceTable'
    }
  ],
  pkgNameToPkgBriefInfo: {
    entry: {
      pkgRoot: 'E:\\project\\My_project\\OpenHarmony\\frontend\\entry',
      originalSourceRoots: undefined,
      sourceRoots: [Array],
      pkgName: 'entry'
    }
  },
  projectModel: {
    'E:\\project\\My_project\\OpenHarmony\\frontend\\entry\\src\\main': {
      moduleName: 'entry',
      modulePkgPath: 'E:\\project\\My_project\\OpenHarmony\\frontend\\entry',
      belongProjectPath: 'E:\\project\\My_project\\OpenHarmony\\frontend'
    },
    'E:\\project\\My_project\\OpenHarmony\\frontend\\entry': {
      moduleName: 'entry',
      modulePkgPath: 'E:\\project\\My_project\\OpenHarmony\\frontend\\entry',
      belongProjectPath: 'E:\\project\\My_project\\OpenHarmony\\frontend'
    },
    'E:\\project\\My_project\\OpenHarmony\\frontend': {
      moduleName: 'frontend',
      modulePkgPath: 'E:\\project\\My_project\\OpenHarmony\\frontend',
      belongProjectPath: 'E:\\project\\My_project\\OpenHarmony\\frontend'
    }
  },
  pkgJsonFileHash: '73bedc6cd266758e220700fffe08c7455ae29fd8b5c2b7b7a62c3d32d45eb2ec',
  allModulePaths: [ 'E:\\project\\My_project\\OpenHarmony\\frontend\\entry' ],
  routerMap: {},
  obfuscationOptions: undefined,
  byteCodeHarToDependencyKeys: undefined,
  compileBlockPkg: [],
  mockParams: {
    decorator: '@MockSetup',
    packageName: '@ohos/hamock',
    etsSourceRootPath: 'src/main/ets',
    mockConfigPath: undefined,
    mockConfigKey2ModuleInfo: {},
    source2ModuleIdMap: {}
  },
  copyCodeResourceEnable: true,
  copyCodeResourceExcludes: [],
  copyCodeResourceIncludes: undefined,
  uiTransformOptimization: false,
  sdkPath: 'E:/Program Files/Huawei/DevEco Studio/sdk',
  needPreloadSoFileSet: {},
  preloadSoFilePath: 'E:\\project\\My_project\\OpenHarmony\\frontend\\entry\\build\\default\\intermediates\\preload\\default\\preload.json',
  useSourceHash: false,
  localModuleParamMap: {},
  otherPaths: {
    'entry/*': [
      '..\\*',
      '..\\..\\..\\build\\default\\generated\\profile\\default\\*'
    ]
  },
  collectImportersConfig: {
    relativeDir: 'E:\\project\\My_project\\OpenHarmony\\frontend\\entry\\src\\main\\ets',
    buildConfigJsonPath: 'E:\\project\\My_project\\OpenHarmony\\frontend\\entry\\build\\config\\buildConfig.json',
    isReload: false,
    patchPath: 'E:\\project\\My_project\\OpenHarmony\\frontend\\entry\\build\\default\\intermediates\\patch\\default'
  }
}
[2026-05-10T12:26:40.375] [DEBUG] debug-file - Compile arkts with external api path: E:\Program Files\Huawei\DevEco Studio\sdk\default\hms\ets
[2026-05-10T12:26:40.376] [DEBUG] debug-file - default@CompileArkTS work[0] is submitted.
[2026-05-10T12:26:40.376] [DEBUG] debug-file - default@CompileArkTS work[0] is pushed to ready queue.
[2026-05-10T12:26:40.376] [DEBUG] debug-file - A work dispatched to worker[15] failed because unable to get work from ready queue.
[2026-05-10T12:26:40.376] [DEBUG] debug-file - A work dispatched to worker[14] failed because unable to get work from ready queue.
[2026-05-10T12:26:40.376] [DEBUG] debug-file - A work dispatched to worker[13] failed because unable to get work from ready queue.
[2026-05-10T12:26:40.376] [DEBUG] debug-file - A work dispatched to worker[12] failed because unable to get work from ready queue.
[2026-05-10T12:26:40.376] [DEBUG] debug-file - A work dispatched to worker[11] failed because unable to get work from ready queue.
[2026-05-10T12:26:40.376] [DEBUG] debug-file - A work dispatched to worker[10] failed because unable to get work from ready queue.
[2026-05-10T12:26:40.376] [DEBUG] debug-file - A work dispatched to worker[9] failed because unable to get work from ready queue.
[2026-05-10T12:26:40.376] [DEBUG] debug-file - A work dispatched to worker[8] failed because unable to get work from ready queue.
[2026-05-10T12:26:40.376] [DEBUG] debug-file - A work dispatched to worker[7] failed because unable to get work from ready queue.
[2026-05-10T12:26:40.376] [DEBUG] debug-file - A work dispatched to worker[6] failed because unable to get work from ready queue.
[2026-05-10T12:26:40.376] [DEBUG] debug-file - A work dispatched to worker[5] failed because unable to get work from ready queue.
[2026-05-10T12:26:40.376] [DEBUG] debug-file - Create  resident worker with id: 4.
[2026-05-10T12:26:40.377] [DEBUG] debug-file - default@CompileArkTS work[0] has been dispatched to worker[4].
[2026-05-10T12:26:40.377] [DEBUG] debug-file - default@CompileArkTS work[0] is dispatched.
[2026-05-10T12:26:40.377] [DEBUG] debug-file - CopyResources startTime: 5141059632900
[2026-05-10T12:26:40.377] [DEBUG] debug-file - default@CompileArkTS work[1] is submitted.
[2026-05-10T12:26:40.377] [DEBUG] debug-file - default@CompileArkTS work[1] is pushed to ready queue.
[2026-05-10T12:26:40.377] [DEBUG] debug-file - A work dispatched to worker[15] failed because unable to get work from ready queue.
[2026-05-10T12:26:40.377] [DEBUG] debug-file - Create  resident worker with id: 14.
[2026-05-10T12:26:40.378] [DEBUG] debug-file - default@CompileArkTS work[1] has been dispatched to worker[14].
[2026-05-10T12:26:40.378] [DEBUG] debug-file - default@CompileArkTS work[1] is dispatched.
[2026-05-10T12:26:40.378] [DEBUG] debug-file - entry : default@CompileArkTS cost memory 1.5904769897460938
[2026-05-10T12:26:40.379] [DEBUG] debug-file - Executing task :entry:default@BuildJS
[2026-05-10T12:26:40.379] [DEBUG] debug-file - Task 'entry:default@BuildJS' cost while wrapping incremental declarations: 1 ms 
[2026-05-10T12:26:40.380] [DEBUG] debug-file - entry : default@BuildJS cost memory 0.5431060791015625
[2026-05-10T12:26:40.381] [DEBUG] debug-file - runTaskFromQueue task cost before running: 1 s 231 ms 
[2026-05-10T12:26:40.381] [INFO] debug-file - Finished :entry:default@BuildJS... after 2 ms 
[2026-05-10T12:26:40.381] [DEBUG] debug-file - Executing task :entry:default@CacheNativeLibs
[2026-05-10T12:26:40.381] [DEBUG] debug-file - File: 'E:\project\My_project\OpenHarmony\frontend\entry\build\default\intermediates\binxo\default' from 'cacheBinxoNativeLibs' is not exists, just ignore.
[2026-05-10T12:26:40.382] [DEBUG] debug-file - Task 'entry:default@CacheNativeLibs' cost while wrapping incremental declarations: 1 ms 
[2026-05-10T12:26:40.382] [DEBUG] debug-file - Incremental task entry:default@CacheNativeLibs pre-execution cost: 1 ms .
[2026-05-10T12:26:40.382] [DEBUG] debug-file - entry : default@CacheNativeLibs cost memory 0.10250091552734375
[2026-05-10T12:26:40.382] [INFO] debug-file - UP-TO-DATE :entry:default@CacheNativeLibs...  
[2026-05-10T12:26:40.762] [DEBUG] debug-file - worker[14] has one work done.
[2026-05-10T12:26:40.762] [DEBUG] debug-file - CopyResources is end, endTime: 5141444212800
[2026-05-10T12:26:40.762] [DEBUG] debug-file - default@CompileArkTS work[1] done.
[2026-05-10T12:26:40.762] [DEBUG] debug-file - A work dispatched to worker[14] failed because unable to get work from ready queue.
[2026-05-10T12:26:43.954] [WARN] debug-file - [33mWARN: [33m[33mArkTS:WARN File: E:/project/My_project/OpenHarmony/frontend/entry/src/main/ets/entryability/EntryAbility.ets:6:5
 Function may throw exceptions. Special handling is required.
[39m[39m
[33mWARN: [33m[33mArkTS:WARN File: E:/project/My_project/OpenHarmony/frontend/entry/src/main/ets/pages/LoginPage.ets:29:7
 Function may throw exceptions. Special handling is required.
[39m[39m
[33mWARN: [33m[33mArkTS:WARN File: E:/project/My_project/OpenHarmony/frontend/entry/src/main/ets/pages/LoginPage.ets:29:14
 'replaceUrl' has been deprecated.
[39m[39m
[33mWARN: [33m[33mArkTS:WARN File: E:/project/My_project/OpenHarmony/frontend/entry/src/main/ets/pages/LoginPage.ets:47:22
 'showToast' has been deprecated.
[39m[39m
[33mWARN: [33m[33mArkTS:WARN File: E:/project/My_project/OpenHarmony/frontend/entry/src/main/ets/pages/LoginPage.ets:52:20
 'showToast' has been deprecated.
[39m[39m
[33mWARN: [33m[33mArkTS:WARN File: E:/project/My_project/OpenHarmony/frontend/entry/src/main/ets/pages/LoginPage.ets:53:14
 'replaceUrl' has been deprecated.
[39m[39m
[33mWARN: [33m[33mArkTS:WARN File: E:/project/My_project/OpenHarmony/frontend/entry/src/main/ets/pages/LoginPage.ets:69:5
 Function may throw exceptions. Special handling is required.
[39m[39m
[33mWARN: [33m[33mArkTS:WARN File: E:/project/My_project/OpenHarmony/frontend/entry/src/main/ets/pages/LoginPage.ets:69:12
 'pushUrl' has been deprecated.
[39m[39m
[33mWARN: [33m[33mArkTS:WARN File: E:/project/My_project/OpenHarmony/frontend/entry/src/main/ets/components/PageTitleBar.ets:19:33
 'back' has been deprecated.
[39m[39m
[33mWARN: [33m[33mArkTS:WARN File: E:/project/My_project/OpenHarmony/frontend/entry/src/main/ets/pages/RegisterPage.ets:28:5
 Function may throw exceptions. Special handling is required.
[39m[39m
[33mWARN: [33m[33mArkTS:WARN File: E:/project/My_project/OpenHarmony/frontend/entry/src/main/ets/pages/RegisterPage.ets:28:12
 'replaceUrl' has been deprecated.
[39m[39m
[33mWARN: [33m[33mArkTS:WARN File: E:/project/My_project/OpenHarmony/frontend/entry/src/main/ets/pages/RegisterPage.ets:78:7
 Function may throw exceptions. Special handling is required.
[39m[39m
[33mWARN: [33m[33mArkTS:WARN File: E:/project/My_project/OpenHarmony/frontend/entry/src/main/ets/pages/RegisterPage.ets:78:20
 'showToast' has been deprecated.
[39m[39m
[33mWARN: [33m[33mArkTS:WARN File: E:/project/My_project/OpenHarmony/frontend/entry/src/main/ets/pages/RegisterPage.ets:100:24
 'showToast' has been deprecated.
[39m[39m
[33mWARN: [33m[33mArkTS:WARN File: E:/project/My_project/OpenHarmony/frontend/entry/src/main/ets/pages/RegisterPage.ets:103:22
 'showToast' has been deprecated.
[39m[39m
[33mWARN: [33m[33mArkTS:WARN File: E:/project/My_project/OpenHarmony/frontend/entry/src/main/ets/pages/RegisterPage.ets:104:16
 'replaceUrl' has been deprecated.
[39m[39m
[33mWARN: [33m[33mArkTS:WARN File: E:/project/My_project/OpenHarmony/frontend/entry/src/main/ets/pages/RegisterPage.ets:109:22
 'showToast' has been deprecated.
[39m[39m
[33mWARN: [33m[33mArkTS:WARN File: E:/project/My_project/OpenHarmony/frontend/entry/src/main/ets/utils/PermissionUtil.ets:37:7
 Function may throw exceptions. Special handling is required.
[39m[39m
[33mWARN: [33m[33mArkTS:WARN File: E:/project/My_project/OpenHarmony/frontend/entry/src/main/ets/utils/PermissionUtil.ets:37:14
 'replaceUrl' has been deprecated.
[39m[39m
[33mWARN: [33m[33mArkTS:WARN File: E:/project/My_project/OpenHarmony/frontend/entry/src/main/ets/utils/PermissionUtil.ets:41:7
 Function may throw exceptions. Special handling is required.
[39m[39m
[33mWARN: [33m[33mArkTS:WARN File: E:/project/My_project/OpenHarmony/frontend/entry/src/main/ets/utils/PermissionUtil.ets:41:20
 'showToast' has been deprecated.
[39m[39m
[33mWARN: [33m[33mArkTS:WARN File: E:/project/My_project/OpenHarmony/frontend/entry/src/main/ets/utils/PermissionUtil.ets:42:7
 Function may throw exceptions. Special handling is required.
[39m[39m
[33mWARN: [33m[33mArkTS:WARN File: E:/project/My_project/OpenHarmony/frontend/entry/src/main/ets/utils/PermissionUtil.ets:42:14
 'replaceUrl' has been deprecated.
[39m[39m
[33mWARN: [33m[33mArkTS:WARN File: E:/project/My_project/OpenHarmony/frontend/entry/src/main/ets/pages/OverviewPage.ets:41:7
 Function may throw exceptions. Special handling is required.
[39m[39m
[33mWARN: [33m[33mArkTS:WARN File: E:/project/My_project/OpenHarmony/frontend/entry/src/main/ets/pages/OverviewPage.ets:41:14
 'replaceUrl' has been deprecated.
[39m[39m
[33mWARN: [33m[33mArkTS:WARN File: E:/project/My_project/OpenHarmony/frontend/entry/src/main/ets/pages/OverviewPage.ets:128:7
 Function may throw exceptions. Special handling is required.
[39m[39m
[33mWARN: [33m[33mArkTS:WARN File: E:/project/My_project/OpenHarmony/frontend/entry/src/main/ets/pages/OverviewPage.ets:128:20
 'showToast' has been deprecated.
[39m[39m
[33mWARN: [33m[33mArkTS:WARN File: E:/project/My_project/OpenHarmony/frontend/entry/src/main/ets/pages/OverviewPage.ets:132:14
 'pushUrl' has been deprecated.
[39m[39m
[33mWARN: [33m[33mArkTS:WARN File: E:/project/My_project/OpenHarmony/frontend/entry/src/main/ets/pages/OverviewPage.ets:137:17
 'show' has been deprecated.
[39m[39m
[33mWARN: [33m[33mArkTS:WARN File: E:/project/My_project/OpenHarmony/frontend/entry/src/main/ets/pages/OverviewPage.ets:146:24
 'showToast' has been deprecated.
[39m[39m
[33mWARN: [33m[33mArkTS:WARN File: E:/project/My_project/OpenHarmony/frontend/entry/src/main/ets/pages/OverviewPage.ets:147:18
 'replaceUrl' has been deprecated.
[39m[39m
[33mWARN: [33m[33mArkTS:WARN File: E:/project/My_project/OpenHarmony/frontend/entry/src/main/ets/pages/DefenseDemoPage.ets:39:7
 Function may throw exceptions. Special handling is required.
[39m[39m
[33mWARN: [33m[33mArkTS:WARN File: E:/project/My_project/OpenHarmony/frontend/entry/src/main/ets/pages/DefenseDemoPage.ets:39:20
 'showToast' has been deprecated.
[39m[39m
[33mWARN: [33m[33mArkTS:WARN File: E:/project/My_project/OpenHarmony/frontend/entry/src/main/ets/pages/DefenseDemoPage.ets:66:20
 'showToast' has been deprecated.
[39m[39m
[33mWARN: [33m[33mArkTS:WARN File: E:/project/My_project/OpenHarmony/frontend/entry/src/main/ets/pages/DashboardPage.ets:37:7
 Function may throw exceptions. Special handling is required.
[39m[39m
[33mWARN: [33m[33mArkTS:WARN File: E:/project/My_project/OpenHarmony/frontend/entry/src/main/ets/pages/DashboardPage.ets:37:14
 'replaceUrl' has been deprecated.
[39m[39m
[33mWARN: [33m[33mArkTS:WARN File: E:/project/My_project/OpenHarmony/frontend/entry/src/main/ets/pages/DashboardPage.ets:61:7
 Function may throw exceptions. Special handling is required.
[39m[39m
[33mWARN: [33m[33mArkTS:WARN File: E:/project/My_project/OpenHarmony/frontend/entry/src/main/ets/pages/DashboardPage.ets:61:20
 'showToast' has been deprecated.
[39m[39m
[33mWARN: [33m[33mArkTS:WARN File: E:/project/My_project/OpenHarmony/frontend/entry/src/main/ets/pages/DashboardPage.ets:64:5
 Function may throw exceptions. Special handling is required.
[39m[39m
[33mWARN: [33m[33mArkTS:WARN File: E:/project/My_project/OpenHarmony/frontend/entry/src/main/ets/pages/DashboardPage.ets:64:12
 'pushUrl' has been deprecated.
[39m[39m
[33mWARN: [33m[33mArkTS:WARN File: E:/project/My_project/OpenHarmony/frontend/entry/src/main/ets/pages/DashboardPage.ets:78:17
 'show' has been deprecated.
[39m[39m
[33mWARN: [33m[33mArkTS:WARN File: E:/project/My_project/OpenHarmony/frontend/entry/src/main/ets/pages/DashboardPage.ets:91:24
 'showToast' has been deprecated.
[39m[39m
[33mWARN: [33m[33mArkTS:WARN File: E:/project/My_project/OpenHarmony/frontend/entry/src/main/ets/pages/DashboardPage.ets:92:18
 'replaceUrl' has been deprecated.
[39m[39m
[33mWARN: [33m[33mArkTS:WARN File: E:/project/My_project/OpenHarmony/frontend/entry/src/main/ets/pages/AuthPage.ets:320:33
 'pushUrl' has been deprecated.
[39m[39m
[33mWARN: [33m[33mArkTS:WARN File: E:/project/My_project/OpenHarmony/frontend/entry/src/main/ets/pages/DeviceBindPage.ets:27:17
 'show' has been deprecated.
[39m[39m
[33mWARN: [33m[33mArkTS:WARN File: E:/project/My_project/OpenHarmony/frontend/entry/src/main/ets/pages/DeviceBindPage.ets:37:24
 'showToast' has been deprecated.
[39m[39m
[33mWARN: [33m[33mArkTS:WARN File: E:/project/My_project/OpenHarmony/frontend/entry/src/main/ets/pages/AuthPermissionPage.ets:46:5
 Function may throw exceptions. Special handling is required.
[39m[39m
[33mWARN: [33m[33mArkTS:WARN File: E:/project/My_project/OpenHarmony/frontend/entry/src/main/ets/pages/AuthPermissionPage.ets:46:18
 'showToast' has been deprecated.
[39m[39m
[33mWARN: [33m[33mArkTS:WARN File: E:/project/My_project/OpenHarmony/frontend/entry/src/main/ets/pages/TerminalFilingPage.ets:24:17
 'show' has been deprecated.
[39m[39m
[33mWARN: [33m[33mArkTS:WARN File: E:/project/My_project/OpenHarmony/frontend/entry/src/main/ets/pages/TerminalFilingPage.ets:34:24
 'showToast' has been deprecated.
[39m[39m
[33mWARN: [33m[33mArkTS:WARN File: E:/project/My_project/OpenHarmony/frontend/entry/src/main/ets/pages/AdminPermissionPage.ets:24:17
 'show' has been deprecated.
[39m[39m
[33mWARN: [33m[33mArkTS:WARN File: E:/project/My_project/OpenHarmony/frontend/entry/src/main/ets/pages/AdminPermissionPage.ets:34:24
 'showToast' has been deprecated.
[39m[39m
[33mWARN: [33m[33mArkTS:WARN File: E:/project/My_project/OpenHarmony/frontend/entry/src/main/ets/pages/AccessRuleConfigPage.ets:24:17
 'show' has been deprecated.
[39m[39m
[33mWARN: [33m[33mArkTS:WARN File: E:/project/My_project/OpenHarmony/frontend/entry/src/main/ets/pages/AccessRuleConfigPage.ets:34:24
 'showToast' has been deprecated.
[39m[39m
[33mWARN: [33m[33mArkTS:WARN File: E:/project/My_project/OpenHarmony/frontend/entry/src/main/ets/pages/BlacklistPage.ets:26:17
 'show' has been deprecated.
[39m[39m
[33mWARN: [33m[33mArkTS:WARN File: E:/project/My_project/OpenHarmony/frontend/entry/src/main/ets/pages/BlacklistPage.ets:36:24
 'showToast' has been deprecated.
[39m[39m

[2026-05-10T12:26:43.955] [DEBUG] debug-file - Ark compile task finished.finished time is 5144637363000
[2026-05-10T12:26:43.956] [DEBUG] debug-file - worker[4] has one work done.
[2026-05-10T12:26:43.957] [DEBUG] debug-file - default@CompileArkTS work[0] done.
[2026-05-10T12:26:43.957] [DEBUG] debug-file - A work dispatched to worker[4] failed because unable to get work from ready queue.
[2026-05-10T12:26:43.957] [INFO] debug-file - Finished :entry:default@CompileArkTS... after 2 s 574 ms 
[2026-05-10T12:26:43.958] [DEBUG] debug-file - Executing task :entry:default@GeneratePkgModuleJson
[2026-05-10T12:26:43.958] [DEBUG] debug-file - File: 'E:\project\My_project\OpenHarmony\frontend\entry\build\default\intermediates\preload\default\preload.json' from 'preloadSoJsonPath' is not exists, just ignore.
[2026-05-10T12:26:43.958] [DEBUG] debug-file - Error occurs while handling @Input 'shouldDeduplicateHar': The "data" argument must be of type string or an instance of Buffer, TypedArray, or DataView. Received undefined
[2026-05-10T12:26:43.958] [DEBUG] debug-file - Task 'entry:default@GeneratePkgModuleJson' cost while wrapping incremental declarations: 1 ms 
[2026-05-10T12:26:43.959] [DEBUG] debug-file - Incremental task entry:default@GeneratePkgModuleJson pre-execution cost: 1 ms .
[2026-05-10T12:26:43.959] [DEBUG] debug-file - entry : default@GeneratePkgModuleJson cost memory 0.10134124755859375
[2026-05-10T12:26:43.959] [INFO] debug-file - UP-TO-DATE :entry:default@GeneratePkgModuleJson...  
[2026-05-10T12:26:43.960] [DEBUG] debug-file - Executing task :entry:default@ProcessCompiledResources
[2026-05-10T12:26:43.960] [DEBUG] debug-file - File: 'E:\project\My_project\OpenHarmony\frontend\entry\build\default\intermediates\preload\default\preload.json' from 'preloadSoJsonPath' is not exists, just ignore.
[2026-05-10T12:26:43.960] [DEBUG] debug-file - Task 'entry:default@ProcessCompiledResources' cost while wrapping incremental declarations: 1 ms 
[2026-05-10T12:26:43.960] [DEBUG] debug-file - entry : default@ProcessCompiledResources cost memory 0.0678253173828125
[2026-05-10T12:26:43.960] [DEBUG] debug-file - runTaskFromQueue task cost before running: 4 s 810 ms 
[2026-05-10T12:26:43.960] [INFO] debug-file - Finished :entry:default@ProcessCompiledResources... after 1 ms 
[2026-05-10T12:26:43.961] [DEBUG] debug-file - Executing task :entry:default@PackageHap
[2026-05-10T12:26:43.964] [DEBUG] debug-file - entry:default@PackageHap is not up-to-date, since the input file 'E:\project\My_project\OpenHarmony\frontend\entry\build\default\intermediates\loader_out\default\ets' has been changed.
[2026-05-10T12:26:43.964] [DEBUG] debug-file - Incremental task entry:default@PackageHap pre-execution cost: 2 ms .
[2026-05-10T12:26:43.965] [DEBUG] debug-file - Use tool [E:\Program Files\Huawei\DevEco Studio\sdk\default\openharmony\toolchains\lib\app_packing_tool.jar]
 [
  'java',
  '-Dfile.encoding=GBK',
  '-jar',
  'E:\\Program Files\\Huawei\\DevEco Studio\\sdk\\default\\openharmony\\toolchains\\lib\\app_packing_tool.jar',
  '--mode',
  'hap',
  '--force',
  'true',
  '--lib-path',
  'E:\\project\\My_project\\OpenHarmony\\frontend\\entry\\build\\default\\intermediates\\stripped_native_libs\\default',
  '--json-path',
  'E:\\project\\My_project\\OpenHarmony\\frontend\\entry\\build\\default\\intermediates\\package\\default\\module.json',
  '--resources-path',
  'E:\\project\\My_project\\OpenHarmony\\frontend\\entry\\build\\default\\intermediates\\res\\default\\resources',
  '--index-path',
  'E:\\project\\My_project\\OpenHarmony\\frontend\\entry\\build\\default\\intermediates\\res\\default\\resources.index',
  '--pack-info-path',
  'E:\\project\\My_project\\OpenHarmony\\frontend\\entry\\build\\default\\outputs\\default\\pack.info',
  '--out-path',
  'E:\\project\\My_project\\OpenHarmony\\frontend\\entry\\build\\default\\outputs\\default\\entry-default-unsigned.hap',
  '--ets-path',
  'E:\\project\\My_project\\OpenHarmony\\frontend\\entry\\build\\default\\intermediates\\loader_out\\default\\ets',
  '--pkg-sdk-info-path',
  'E:\\project\\My_project\\OpenHarmony\\frontend\\entry\\build\\default\\intermediates\\loader\\default\\pkgSdkInfo.json'
]
[2026-05-10T12:26:43.965] [DEBUG] debug-file - default@PackageHap work[2] is submitted.
[2026-05-10T12:26:43.965] [DEBUG] debug-file - default@PackageHap work[2] is pushed to ready queue.
[2026-05-10T12:26:43.965] [DEBUG] debug-file - A work dispatched to worker[15] failed because unable to get work from ready queue.
[2026-05-10T12:26:43.965] [DEBUG] debug-file - default@PackageHap work[2] has been dispatched to worker[14].
[2026-05-10T12:26:43.965] [DEBUG] debug-file - default@PackageHap work[2] is dispatched.
[2026-05-10T12:26:43.967] [DEBUG] debug-file - entry : default@PackageHap cost memory 0.6232147216796875
[2026-05-10T12:26:44.063] [DEBUG] debug-file - current process  memoryUsage: {
  rss: 780238848,
  heapTotal: 80023552,
  heapUsed: 54244048,
  external: 4151812,
  arrayBuffers: 22767
} os memoryUsage :20.225723266601562
[2026-05-10T12:26:44.368] [DEBUG] debug-file - worker[14] has one work done.
[2026-05-10T12:26:44.369] [DEBUG] debug-file - default@PackageHap work[2] done.
[2026-05-10T12:26:44.369] [DEBUG] debug-file - A work dispatched to worker[14] failed because unable to get work from ready queue.
[2026-05-10T12:26:44.369] [INFO] debug-file - Finished :entry:default@PackageHap... after 314 ms 
[2026-05-10T12:26:44.370] [DEBUG] debug-file - Executing task :entry:default@PackingCheck
[2026-05-10T12:26:44.373] [DEBUG] debug-file - entry : default@PackingCheck cost memory 0.5180511474609375
[2026-05-10T12:26:44.373] [DEBUG] debug-file - runTaskFromQueue task cost before running: 5 s 223 ms 
[2026-05-10T12:26:44.373] [INFO] debug-file - Finished :entry:default@PackingCheck... after 3 ms 
[2026-05-10T12:26:44.374] [DEBUG] debug-file - Executing task :entry:default@SignHap
[2026-05-10T12:26:44.374] [WARN] debug-file - Will skip sign 'hos_hap'. No signingConfigs profile is configured in current project.
             If needed, configure the signingConfigs in E:\project\My_project\OpenHarmony\frontend\build-profile.json5.
[2026-05-10T12:26:44.375] [DEBUG] debug-file - entry:default@SignHap is not up-to-date, since the input file 'E:\project\My_project\OpenHarmony\frontend\entry\build\default\outputs\default\entry-default-unsigned.hap' has been changed.
[2026-05-10T12:26:44.375] [DEBUG] debug-file - Incremental task entry:default@SignHap pre-execution cost: 1 ms .
[2026-05-10T12:26:44.375] [DEBUG] debug-file - entry : default@SignHap cost memory 0.09935760498046875
[2026-05-10T12:26:44.375] [DEBUG] debug-file - runTaskFromQueue task cost before running: 5 s 225 ms 
[2026-05-10T12:26:44.375] [INFO] debug-file - Finished :entry:default@SignHap... after 2 ms 
[2026-05-10T12:26:44.376] [DEBUG] debug-file - Executing task :entry:default@CollectDebugSymbol
[2026-05-10T12:26:44.376] [DEBUG] debug-file - entry : default@CollectDebugSymbol cost memory 0.096405029296875
[2026-05-10T12:26:44.376] [DEBUG] debug-file - runTaskFromQueue task cost before running: 5 s 227 ms 
[2026-05-10T12:26:44.377] [INFO] debug-file - Finished :entry:default@CollectDebugSymbol... after 1 ms 
[2026-05-10T12:26:44.377] [DEBUG] debug-file - Executing task :entry:assembleHap
[2026-05-10T12:26:44.377] [DEBUG] debug-file - entry : assembleHap cost memory 0.0176544189453125
[2026-05-10T12:26:44.377] [DEBUG] debug-file - runTaskFromQueue task cost before running: 5 s 227 ms 
[2026-05-10T12:26:44.377] [INFO] debug-file - Finished :entry:assembleHap... after 1 ms 
[2026-05-10T12:26:44.378] [INFO] debug-file - BUILD SUCCESSFUL in 5 s 228 ms 
[2026-05-10T12:26:44.378] [DEBUG] debug-file - Update task entry:default@PreBuild input file:E:\project\My_project\OpenHarmony\frontend\AppScope\app.json5 cache by regenerate.
[2026-05-10T12:26:44.378] [DEBUG] debug-file - Update task entry:default@PreBuild input file:E:\project\My_project\OpenHarmony\frontend\entry\src\main\module.json5 cache by regenerate.
[2026-05-10T12:26:44.378] [DEBUG] debug-file - Update task entry:default@PreBuild input file:E:\project\My_project\OpenHarmony\frontend\build-profile.json5 cache by regenerate.
[2026-05-10T12:26:44.378] [DEBUG] debug-file - Update task entry:default@PreBuild input file:E:\project\My_project\OpenHarmony\frontend\entry\build-profile.json5 cache by regenerate.
[2026-05-10T12:26:44.379] [DEBUG] debug-file - Update task entry:default@PreBuild input file:E:\project\My_project\OpenHarmony\frontend\entry\src\main\resources\base\profile\main_pages.json cache by regenerate.
[2026-05-10T12:26:44.379] [DEBUG] debug-file - Update task entry:default@PreBuild input file:E:\project\My_project\OpenHarmony\frontend\hvigor\hvigor-config.json5 cache by regenerate.
[2026-05-10T12:26:44.379] [DEBUG] debug-file - Update task entry:default@PreBuild input file:E:\project\My_project\OpenHarmony\frontend\entry\oh-package.json5 cache by regenerate.
[2026-05-10T12:26:44.379] [DEBUG] debug-file - Update task entry:default@PreBuild input file:E:\project\My_project\OpenHarmony\frontend\oh-package.json5 cache by regenerate.
[2026-05-10T12:26:44.379] [DEBUG] debug-file - Incremental task entry:default@PreBuild post-execution cost:1 ms .
[2026-05-10T12:26:44.379] [DEBUG] debug-file - Update task entry:default@CreateModuleInfo output file:E:\project\My_project\OpenHarmony\frontend\entry\build\default\generated\profile\default\ModuleInfo.ts cache.
[2026-05-10T12:26:44.379] [DEBUG] debug-file - Incremental task entry:default@CreateModuleInfo post-execution cost:1 ms .
[2026-05-10T12:26:44.379] [DEBUG] debug-file - There is no need to refresh cache, since the incremental task entry:default@GenerateMetadata is up-to-date.
[2026-05-10T12:26:44.379] [DEBUG] debug-file - There is no need to refresh cache, since the incremental task entry:default@MergeProfile is up-to-date.
[2026-05-10T12:26:44.379] [DEBUG] debug-file - There is no need to refresh cache, since the incremental task entry:default@CreateBuildProfile is up-to-date.
[2026-05-10T12:26:44.379] [DEBUG] debug-file - Update task entry:default@GeneratePkgContextInfo output file:E:\project\My_project\OpenHarmony\frontend\entry\build\default\intermediates\loader\default\pkgContextInfo.json cache.
[2026-05-10T12:26:44.379] [DEBUG] debug-file - Incremental task entry:default@GeneratePkgContextInfo post-execution cost:1 ms .
[2026-05-10T12:26:44.379] [DEBUG] debug-file - There is no need to refresh cache, since the incremental task entry:default@GeneratePkgSdkInfo is up-to-date.
[2026-05-10T12:26:44.379] [DEBUG] debug-file - Update task entry:default@ProcessIntegratedHsp output file:E:\project\My_project\OpenHarmony\frontend\build\cache\default\integrated_hsp\integratedHspCache.json cache.
[2026-05-10T12:26:44.379] [DEBUG] debug-file - Incremental task entry:default@ProcessIntegratedHsp post-execution cost:1 ms .
[2026-05-10T12:26:44.379] [DEBUG] debug-file - There is no need to refresh cache, since the incremental task entry:default@MakePackInfo is up-to-date.
[2026-05-10T12:26:44.379] [DEBUG] debug-file - Update task entry:default@SyscapTransform input file:E:\Program Files\Huawei\DevEco Studio\sdk\default\openharmony\toolchains\syscap_tool.exe cache by regenerate.
[2026-05-10T12:26:44.379] [DEBUG] debug-file - Update task entry:default@SyscapTransform input file:E:\Program Files\Huawei\DevEco Studio\sdk\default\openharmony\ets\api\device-define cache by regenerate.
[2026-05-10T12:26:44.380] [DEBUG] debug-file - Update task entry:default@SyscapTransform output file:E:\project\My_project\OpenHarmony\frontend\entry\build\default\intermediates\syscap\default\rpcid.sc cache.
[2026-05-10T12:26:44.380] [DEBUG] debug-file - Incremental task entry:default@SyscapTransform post-execution cost:1 ms .
[2026-05-10T12:26:44.380] [DEBUG] debug-file - There is no need to refresh cache, since the incremental task entry:default@ProcessProfile is up-to-date.
[2026-05-10T12:26:44.380] [DEBUG] debug-file - There is no need to refresh cache, since the incremental task entry:default@ProcessRouterMap is up-to-date.
[2026-05-10T12:26:44.380] [DEBUG] debug-file - There is no need to refresh cache, since the incremental task entry:default@ProcessShareConfig is up-to-date.
[2026-05-10T12:26:44.380] [DEBUG] debug-file - Update task entry:default@ProcessStartupConfig output file:E:\project\My_project\OpenHarmony\frontend\entry\build\default\intermediates\startup\default\startup_config.json cache.
[2026-05-10T12:26:44.380] [DEBUG] debug-file - Incremental task entry:default@ProcessStartupConfig post-execution cost:1 ms .
[2026-05-10T12:26:44.380] [DEBUG] debug-file - There is no need to refresh cache, since the incremental task entry:default@ProcessResource is up-to-date.
[2026-05-10T12:26:44.380] [DEBUG] debug-file - There is no need to refresh cache, since the incremental task entry:default@GenerateLoaderJson is up-to-date.
[2026-05-10T12:26:44.380] [DEBUG] debug-file - There is no need to refresh cache, since the incremental task entry:default@ProcessLibs is up-to-date.
[2026-05-10T12:26:44.380] [DEBUG] debug-file - There is no need to refresh cache, since the incremental task entry:default@CompileResource is up-to-date.
[2026-05-10T12:26:44.380] [DEBUG] debug-file - There is no need to refresh cache, since the incremental task entry:default@DoNativeStrip is up-to-date.
[2026-05-10T12:26:44.381] [DEBUG] debug-file - Update task entry:default@CompileArkTS input file:E:\project\My_project\OpenHarmony\frontend\entry\build\default\intermediates\loader\default cache from map.
[2026-05-10T12:26:44.381] [DEBUG] debug-file - Update task entry:default@CompileArkTS input file:E:\project\My_project\OpenHarmony\frontend\entry\build\default\intermediates\res\default\resources\rawfile cache by regenerate.
[2026-05-10T12:26:44.381] [DEBUG] debug-file - Update task entry:default@CompileArkTS input file:E:\project\My_project\OpenHarmony\frontend\entry\build\default\intermediates\res\default\ResourceTable.txt cache by regenerate.
[2026-05-10T12:26:44.381] [DEBUG] debug-file - Update task entry:default@CompileArkTS input file:E:\project\My_project\OpenHarmony\frontend\entry\build\default\intermediates\res\default\ark_module.json cache by regenerate.
[2026-05-10T12:26:44.381] [DEBUG] debug-file - Update task entry:default@CompileArkTS input file:E:\project\My_project\OpenHarmony\frontend\entry\build\default\intermediates\res\default\resources\base\profile cache by regenerate.
[2026-05-10T12:26:44.381] [DEBUG] debug-file - Update task entry:default@CompileArkTS input file:E:\project\My_project\OpenHarmony\frontend\entry\src\main\ets cache by regenerate.
[2026-05-10T12:26:44.384] [DEBUG] debug-file - Update task entry:default@CompileArkTS input file:E:\project\My_project\OpenHarmony\frontend\entry\build\default\generated\profile\default\BuildProfile.ets cache by regenerate.
[2026-05-10T12:26:44.384] [DEBUG] debug-file - Update task entry:default@CompileArkTS output file:E:\project\My_project\OpenHarmony\frontend\entry\build\default\intermediates\loader_out\default\ets cache.
[2026-05-10T12:26:44.384] [DEBUG] debug-file - Incremental task entry:default@CompileArkTS post-execution cost:5 ms .
[2026-05-10T12:26:44.385] [DEBUG] debug-file - Update task entry:default@BuildJS input file:E:\project\My_project\OpenHarmony\frontend\entry\build\default\intermediates\loader\default cache by regenerate.
[2026-05-10T12:26:44.385] [DEBUG] debug-file - Update task entry:default@BuildJS input file:E:\project\My_project\OpenHarmony\frontend\entry\build\default\intermediates\res\default\resources\rawfile cache by regenerate.
[2026-05-10T12:26:44.385] [DEBUG] debug-file - Update task entry:default@BuildJS input file:E:\project\My_project\OpenHarmony\frontend\entry\build\default\intermediates\res\default\ResourceTable.txt cache by regenerate.
[2026-05-10T12:26:44.385] [DEBUG] debug-file - Update task entry:default@BuildJS input file:E:\project\My_project\OpenHarmony\frontend\entry\build\default\intermediates\res\default\ark_module.json cache by regenerate.
[2026-05-10T12:26:44.385] [DEBUG] debug-file - Update task entry:default@BuildJS input file:E:\project\My_project\OpenHarmony\frontend\entry\build\default\intermediates\res\default\resources\base\profile cache by regenerate.
[2026-05-10T12:26:44.385] [DEBUG] debug-file - Update task entry:default@BuildJS output file:E:\project\My_project\OpenHarmony\frontend\entry\build\default\intermediates\loader_out\default\js cache.
[2026-05-10T12:26:44.385] [DEBUG] debug-file - Incremental task entry:default@BuildJS post-execution cost:1 ms .
[2026-05-10T12:26:44.385] [DEBUG] debug-file - There is no need to refresh cache, since the incremental task entry:default@CacheNativeLibs is up-to-date.
[2026-05-10T12:26:44.385] [DEBUG] debug-file - There is no need to refresh cache, since the incremental task entry:default@GeneratePkgModuleJson is up-to-date.
[2026-05-10T12:26:44.385] [DEBUG] debug-file - Incremental task entry:default@ProcessCompiledResources post-execution cost:1 ms .
[2026-05-10T12:26:44.386] [DEBUG] debug-file - Update task entry:default@PackageHap input file:E:\project\My_project\OpenHarmony\frontend\entry\build\default\intermediates\stripped_native_libs\default cache by regenerate.
[2026-05-10T12:26:44.386] [DEBUG] debug-file - Update task entry:default@PackageHap input file:E:\project\My_project\OpenHarmony\frontend\entry\build\default\intermediates\res\default\module.json cache by regenerate.
[2026-05-10T12:26:44.386] [DEBUG] debug-file - Update task entry:default@PackageHap input file:E:\project\My_project\OpenHarmony\frontend\entry\build\default\intermediates\res\default\resources cache by regenerate.
[2026-05-10T12:26:44.387] [DEBUG] debug-file - Update task entry:default@PackageHap input file:E:\project\My_project\OpenHarmony\frontend\entry\build\default\intermediates\res\default\resources.index cache by regenerate.
[2026-05-10T12:26:44.387] [DEBUG] debug-file - Update task entry:default@PackageHap input file:E:\project\My_project\OpenHarmony\frontend\entry\build\default\outputs\default\pack.info cache by regenerate.
[2026-05-10T12:26:44.387] [DEBUG] debug-file - Update task entry:default@PackageHap input file:E:\project\My_project\OpenHarmony\frontend\entry\build\default\intermediates\loader_out\default\ets cache from map.
[2026-05-10T12:26:44.387] [DEBUG] debug-file - Update task entry:default@PackageHap input file:E:\project\My_project\OpenHarmony\frontend\entry\build\default\intermediates\loader\default\pkgSdkInfo.json cache by regenerate.
[2026-05-10T12:26:44.387] [DEBUG] debug-file - Update task entry:default@PackageHap input file:E:\project\My_project\OpenHarmony\frontend\entry\build\default\intermediates\loader_out\default\ets\sourceMaps.map cache by regenerate.
[2026-05-10T12:26:44.387] [DEBUG] debug-file - Update task entry:default@PackageHap input file:E:\project\My_project\OpenHarmony\frontend\entry\build\default\generated\profile\default\BuildProfile.ets cache by regenerate.
[2026-05-10T12:26:44.387] [DEBUG] debug-file - Update task entry:default@PackageHap output file:E:\project\My_project\OpenHarmony\frontend\entry\build\default\outputs\default\entry-default-unsigned.hap cache.
[2026-05-10T12:26:44.387] [DEBUG] debug-file - Update task entry:default@PackageHap output file:E:\project\My_project\OpenHarmony\frontend\entry\build\default\intermediates\source_map\default\sourceMaps.map cache.
[2026-05-10T12:26:44.387] [DEBUG] debug-file - Update task entry:default@PackageHap output file:E:\project\My_project\OpenHarmony\frontend\entry\build\default\outputs\default\mapping\sourceMaps.map cache.
[2026-05-10T12:26:44.388] [DEBUG] debug-file - Incremental task entry:default@PackageHap post-execution cost:3 ms .
[2026-05-10T12:26:44.388] [DEBUG] debug-file - Update task entry:default@SignHap input file:E:\project\My_project\OpenHarmony\frontend\entry\build\default\outputs\default\entry-default-unsigned.hap cache from map.
[2026-05-10T12:26:44.388] [DEBUG] debug-file - Update task entry:default@SignHap output file:E:\project\My_project\OpenHarmony\frontend\entry\build\default\outputs\default\entry-default-signed.hap cache.
[2026-05-10T12:26:44.388] [DEBUG] debug-file - Incremental task entry:default@SignHap post-execution cost:1 ms .
[2026-05-10T12:26:44.388] [DEBUG] debug-file - Update task entry:default@CollectDebugSymbol input file:E:\project\My_project\OpenHarmony\frontend\entry\build\default\intermediates\loader_out\default\ets\sourceMaps.map cache by regenerate.
[2026-05-10T12:26:44.388] [DEBUG] debug-file - Update task entry:default@CollectDebugSymbol input file:E:\project\My_project\OpenHarmony\frontend\entry\build\default\intermediates\libs\default cache by regenerate.
[2026-05-10T12:26:44.388] [DEBUG] debug-file - Update task entry:default@CollectDebugSymbol output file:E:\project\My_project\OpenHarmony\frontend\entry\build\default\outputs\default\symbol cache.
[2026-05-10T12:26:44.388] [DEBUG] debug-file - Incremental task entry:default@CollectDebugSymbol post-execution cost:1 ms .
[2026-05-10T12:26:44.396] [DEBUG] debug-file - session manager: send message to worker process.
[2026-05-10T12:26:44.397] [DEBUG] debug-file - session manager: send message to worker process.
[2026-05-10T12:26:44.398] [DEBUG] debug-file - Cleanup worker 0.
[2026-05-10T12:26:44.398] [DEBUG] debug-file - Worker 0 has been cleaned up.
[2026-05-10T12:26:44.398] [DEBUG] debug-file - Current idle worker size: 3.
[2026-05-10T12:26:44.398] [DEBUG] debug-file - Current resident worker size: 4.
[2026-05-10T12:26:44.398] [DEBUG] debug-file - Cleanup worker 1.
[2026-05-10T12:26:44.398] [DEBUG] debug-file - Worker 1 has been cleaned up.
[2026-05-10T12:26:44.398] [DEBUG] debug-file - Current idle worker size: 2.
[2026-05-10T12:26:44.398] [DEBUG] debug-file - Current resident worker size: 4.
[2026-05-10T12:26:44.398] [DEBUG] debug-file - Cleanup worker 14.
[2026-05-10T12:26:44.398] [DEBUG] debug-file - Worker 14 has been cleaned up.
[2026-05-10T12:26:44.398] [DEBUG] debug-file - Current idle worker size: 1.
[2026-05-10T12:26:44.398] [DEBUG] debug-file - Current resident worker size: 4.
[2026-05-10T12:26:44.399] [DEBUG] debug-file - hvigor build process will be closed.
[2026-05-10T12:26:44.400] [DEBUG] debug-file - watch worker: worker id should be larger than 0. Nothing will be sent to any worker thread.
[2026-05-10T12:26:44.401] [DEBUG] debug-file - watch worker: worker id should be larger than 0. Nothing will be sent to any worker thread.
[2026-05-10T12:26:44.401] [DEBUG] debug-file - worker[1] exits with exit code 1.
[2026-05-10T12:26:44.402] [DEBUG] debug-file - worker[0] exits with exit code 1.
[2026-05-10T12:26:44.402] [DEBUG] debug-file - worker[14] exits with exit code 1.
[2026-05-10T12:30:03.549] [DEBUG] debug-file - env: nodejsVersion=v18.20.1
[2026-05-10T12:30:03.600] [DEBUG] debug-file - env: daemon=true
[2026-05-10T12:30:03.549] [DEBUG] debug-file - env: hvigor-config.json5 content = { modelVersion: '5.0.0', dependencies: {} }
[2026-05-10T12:30:04.085] [DEBUG] debug-file - java daemon tryConnect failed Error: connect ECONNREFUSED 127.0.0.1:45050
[2026-05-10T12:30:04.091] [DEBUG] debug-file - java daemon started at port 45050 pid 31956
[2026-05-10T12:30:04.121] [DEBUG] debug-file - session manager: set active socket. socketId=9zLjBc681YfwguAiAAAB
[2026-05-10T12:30:04.617] [DEBUG] debug-file - watch worker: worker id should be larger than 0. Nothing will be sent to any worker thread.
[2026-05-10T12:30:04.620] [DEBUG] debug-file - Since there is no instance or instance is terminated, create a new worker pool.
[2026-05-10T12:30:04.621] [DEBUG] debug-file - Worker pool is initialized with config:  {
  minPoolNum: 2,
  maxPoolNum: undefined,
  maxCoreSize: undefined,
  cacheCapacity: undefined,
  cacheTtl: undefined
}
[2026-05-10T12:30:04.622] [DEBUG] debug-file - Create  resident worker with id: 0.
[2026-05-10T12:30:04.623] [DEBUG] debug-file - Create  resident worker with id: 1.
[2026-05-10T12:30:04.624] [DEBUG] debug-file - Workers' log level updated to INFO
[2026-05-10T12:30:04.630] [DEBUG] debug-file - Hvigor init with startParameters:{
  hvigorfileTypeCheck: false,
  parallelExecution: true,
  incrementalExecution: true,
  printStackTrace: false,
  daemon: true,
  analyze: 0,
  logLevel: Level { level: 20000, levelStr: 'INFO', colour: 'green' },
  optimizationStrategy: 'memory',
  hotCompile: undefined,
  hotReloadBuild: undefined,
  customizedParam: undefined
}
[2026-05-10T12:30:04.634] [DEBUG] debug-file - Cache service initialization finished in 4 ms 
[2026-05-10T12:30:04.636] [DEBUG] debug-file - hvigorfile, resolving E:\project\My_project\OpenHarmony\frontend\hvigorfile.ts
[2026-05-10T12:30:05.956] [DEBUG] debug-file - hvigorfile, require result:  { default: { plugins: [] } }
[2026-05-10T12:30:05.957] [DEBUG] debug-file - hvigorfile, binding system plugins null
[2026-05-10T12:30:05.957] [DEBUG] debug-file - Starting plugin build process
[2026-05-10T12:30:05.957] [DEBUG] debug-file - App plugin prepare start...
[2026-05-10T12:30:05.957] [DEBUG] debug-file - App plugin prepare end...
[2026-05-10T12:30:05.957] [DEBUG] debug-file - App plugin creating...
[2026-05-10T12:30:06.148] [DEBUG] debug-file - App plugin register hook start...
[2026-05-10T12:30:06.149] [DEBUG] debug-file - App plugin register hook end...
[2026-05-10T12:30:06.149] [DEBUG] debug-file - Plugin build process completed
[2026-05-10T12:30:06.150] [DEBUG] debug-file - Start initialize project's product build option map with build mode debug.
[2026-05-10T12:30:06.150] [DEBUG] debug-file - Picking option from product 'default' with build mode 'debug'.
[2026-05-10T12:30:06.150] [DEBUG] debug-file - Product 'default' build option initialized
[2026-05-10T12:30:06.150] [DEBUG] debug-file - End initialize project's product build option map with build mode 'debug'.
[2026-05-10T12:30:06.152] [DEBUG] debug-file - Obtain build option for product 'default'in this build.
[2026-05-10T12:30:06.154] [DEBUG] debug-file - No signingConfig found, initRemoteHspCache failed.
[2026-05-10T12:30:06.155] [DEBUG] debug-file - Local scan or download HarmonyOS sdk components toolchains,ets,js,native,previewer
[2026-05-10T12:30:06.158] [DEBUG] debug-file - Local scan or download hmscore sdk components toolchains,ets,native
[2026-05-10T12:30:06.160] [DEBUG] debug-file - Start recording SDK configuration permission data.
[2026-05-10T12:30:06.201] [DEBUG] debug-file - Sdk init in 47 ms 
[2026-05-10T12:30:06.208] [DEBUG] debug-file - Project task initialization takes 5 ms 
[2026-05-10T12:30:06.208] [DEBUG] debug-file - hvigorfile, begin to bind custom plugins...
[2026-05-10T12:30:06.208] [DEBUG] debug-file - hvigorfile, no custom plugins were found in E:\project\My_project\OpenHarmony\frontend\hvigorfile.ts
[2026-05-10T12:30:06.208] [DEBUG] debug-file - hvigorfile, resolve finished E:\project\My_project\OpenHarmony\frontend\hvigorfile.ts
[2026-05-10T12:30:06.209] [DEBUG] debug-file - hvigorfile, resolving E:\project\My_project\OpenHarmony\frontend\entry\hvigorfile.ts
[2026-05-10T12:30:06.215] [DEBUG] debug-file - hvigorfile, require result:  { default: { plugins: [] } }
[2026-05-10T12:30:06.215] [DEBUG] debug-file - hvigorfile, binding system plugins null
[2026-05-10T12:30:06.215] [DEBUG] debug-file - Starting plugin build process
[2026-05-10T12:30:06.215] [DEBUG] debug-file - Hap plugin creating...
[2026-05-10T12:30:06.216] [DEBUG] debug-file - failed to load cangjie to dynamically generate schemas: Error: Cannot find module '@ohos/cangjie-build-support/index'
Require stack:
- E:\Program Files\Huawei\DevEco Studio\tools\hvigor\hvigor-ohos-plugin\src\plugin\hooks\cangjie-register.js
- E:\Program Files\Huawei\DevEco Studio\tools\hvigor\hvigor-ohos-plugin\src\plugin\strategy\stage-init-strategy.js
- E:\Program Files\Huawei\DevEco Studio\tools\hvigor\hvigor-ohos-plugin\src\plugin\builder\abstract-plugin-builder.js
- E:\Program Files\Huawei\DevEco Studio\tools\hvigor\hvigor-ohos-plugin\src\plugin\builder\app-plugin-builder.js
- E:\Program Files\Huawei\DevEco Studio\tools\hvigor\hvigor-ohos-plugin\src\plugin\factory\plugin-factory.js
- E:\Program Files\Huawei\DevEco Studio\tools\hvigor\hvigor-ohos-plugin\index.js
- E:\project\My_project\OpenHarmony\frontend\hvigorfile.ts
- E:\Program Files\Huawei\DevEco Studio\tools\hvigor\hvigor\src\base\internal\lifecycle\configuration.js
- E:\Program Files\Huawei\DevEco Studio\tools\hvigor\hvigor\src\base\boot\index.js
- E:\Program Files\Huawei\DevEco Studio\tools\hvigor\hvigor\src\base\daemon\cluster\worker-process-lifecycle.js
- E:\Program Files\Huawei\DevEco Studio\tools\hvigor\hvigor\src\base\daemon\process\daemon-process-boot-script.js
[2026-05-10T12:30:06.226] [DEBUG] debug-file - Start initialize module-target build option map, moduleName=entry, buildMode=debug
[2026-05-10T12:30:06.227] [DEBUG] debug-file - Target 'default' config initialized
[2026-05-10T12:30:06.227] [DEBUG] debug-file - Module 'entry' target 'default' build option initialized
[2026-05-10T12:30:06.227] [DEBUG] debug-file - End initialize module-target build option map, moduleName=entry
[2026-05-10T12:30:06.228] [DEBUG] debug-file - Start initialize module-target build option map, moduleName=entry, buildMode=release
[2026-05-10T12:30:06.228] [DEBUG] debug-file - Target 'default' config initialized
[2026-05-10T12:30:06.228] [DEBUG] debug-file - Module 'entry' target 'default' build option initialized
[2026-05-10T12:30:06.228] [DEBUG] debug-file - End initialize module-target build option map, moduleName=entry
[2026-05-10T12:30:06.228] [DEBUG] debug-file - Start initialize module-target build option map, moduleName=entry, buildMode=debug
[2026-05-10T12:30:06.228] [DEBUG] debug-file - Target 'default' config initialized
[2026-05-10T12:30:06.228] [DEBUG] debug-file - Module 'entry' target 'default' build option initialized
[2026-05-10T12:30:06.228] [DEBUG] debug-file - End initialize module-target build option map, moduleName=entry
[2026-05-10T12:30:06.229] [DEBUG] debug-file - Obtain build option for module 'entry' target 'default'in this build.
[2026-05-10T12:30:06.234] [DEBUG] debug-file - Module entry task initialization takes 5 ms 
[2026-05-10T12:30:06.235] [DEBUG] debug-file - Hap plugin register hook start...
[2026-05-10T12:30:06.235] [DEBUG] debug-file - Hap plugin register hook end...
[2026-05-10T12:30:06.235] [DEBUG] debug-file - Plugin build process completed
[2026-05-10T12:30:06.235] [DEBUG] debug-file - hvigorfile, begin to bind custom plugins...
[2026-05-10T12:30:06.235] [DEBUG] debug-file - hvigorfile, no custom plugins were found in E:\project\My_project\OpenHarmony\frontend\entry\hvigorfile.ts
[2026-05-10T12:30:06.235] [DEBUG] debug-file - hvigorfile, resolve finished E:\project\My_project\OpenHarmony\frontend\entry\hvigorfile.ts
[2026-05-10T12:30:06.257] [DEBUG] debug-file - hvigorfile, resolve hvigorfile dependencies in 22 ms 
[2026-05-10T12:30:06.257] [DEBUG] debug-file - project has submodules:entry
[2026-05-10T12:30:06.259] [DEBUG] debug-file - start to load updatedOhPackageInfo to the disk
[2026-05-10T12:30:06.262] [DEBUG] debug-file - load to the disk finished
[2026-05-10T12:30:06.263] [DEBUG] debug-file - Start to initialize dependency information.
[2026-05-10T12:30:06.265] [DEBUG] debug-file - Module frontend Collected Dependency: 
[2026-05-10T12:30:06.265] [DEBUG] debug-file - Module frontend's total dependency: 0
[2026-05-10T12:30:06.268] [DEBUG] debug-file - Start to initialize dependency information.
[2026-05-10T12:30:06.270] [DEBUG] debug-file - Module entry Collected Dependency: 
[2026-05-10T12:30:06.270] [DEBUG] debug-file - Module entry's total dependency: 0
[2026-05-10T12:30:06.275] [DEBUG] debug-file - Configuration phase cost:1 s 640 ms 
[2026-05-10T12:30:06.277] [DEBUG] debug-file - Configuration task cost before running: 1 s 652 ms 
[2026-05-10T12:30:06.278] [DEBUG] debug-file - Executing task :entry:init
[2026-05-10T12:30:06.278] [DEBUG] debug-file - entry : init cost memory 0.0164642333984375
[2026-05-10T12:30:06.278] [DEBUG] debug-file - runTaskFromQueue task cost before running: 1 s 654 ms 
[2026-05-10T12:30:06.278] [INFO] debug-file - Finished :entry:init... after 1 ms 
[2026-05-10T12:30:06.279] [DEBUG] debug-file - Executing task ::init
[2026-05-10T12:30:06.279] [DEBUG] debug-file - frontend : init cost memory 0.0141754150390625
[2026-05-10T12:30:06.279] [DEBUG] debug-file - runTaskFromQueue task cost before running: 1 s 655 ms 
[2026-05-10T12:30:06.280] [INFO] debug-file - Finished ::init... after 1 ms 
[2026-05-10T12:30:06.294] [DEBUG] debug-file - Obtain build option for module 'entry' target 'default'in this build.
[2026-05-10T12:30:06.310] [DEBUG] debug-file - session manager: send message to worker process.
[2026-05-10T12:30:06.311] [DEBUG] debug-file - session manager: send message to worker process.
[2026-05-10T12:30:06.310] [DEBUG] debug-file - Cleanup worker 0.
[2026-05-10T12:30:06.310] [DEBUG] debug-file - Worker 0 has been cleaned up.
[2026-05-10T12:30:06.310] [DEBUG] debug-file - Current idle worker size: 1.
[2026-05-10T12:30:06.310] [DEBUG] debug-file - Current resident worker size: 2.
[2026-05-10T12:30:06.310] [DEBUG] debug-file - Cleanup worker 1.
[2026-05-10T12:30:06.310] [DEBUG] debug-file - Worker 1 has been cleaned up.
[2026-05-10T12:30:06.310] [DEBUG] debug-file - Current idle worker size: 0.
[2026-05-10T12:30:06.310] [DEBUG] debug-file - Current resident worker size: 2.
[2026-05-10T12:30:06.311] [DEBUG] debug-file - hvigor build process will be closed.
[2026-05-10T12:30:06.314] [DEBUG] debug-file - watch worker: worker id should be larger than 0. Nothing will be sent to any worker thread.
[2026-05-10T12:30:06.314] [DEBUG] debug-file - watch worker: worker id should be larger than 0. Nothing will be sent to any worker thread.
[2026-05-10T12:30:06.317] [DEBUG] debug-file - worker[1] exits with exit code 1.
[2026-05-10T12:30:06.319] [DEBUG] debug-file - worker[0] exits with exit code 1.
[2026-05-10T12:30:06.510] [DEBUG] debug-file - session manager: set active socket. socketId=U8hpmC_tjJeuwDWkAAAD
[2026-05-10T12:30:06.515] [DEBUG] debug-file - watch worker: worker id should be larger than 0. Nothing will be sent to any worker thread.
[2026-05-10T12:30:06.518] [DEBUG] debug-file - Workers' log level updated to INFO
[2026-05-10T12:30:06.521] [DEBUG] debug-file - Hvigor init with startParameters:{
  hvigorfileTypeCheck: false,
  parallelExecution: true,
  incrementalExecution: true,
  printStackTrace: false,
  daemon: true,
  analyze: 0,
  logLevel: Level { level: 20000, levelStr: 'INFO', colour: 'green' },
  optimizationStrategy: 'memory',
  hotCompile: undefined,
  hotReloadBuild: true,
  customizedParam: undefined
}
[2026-05-10T12:30:06.524] [DEBUG] debug-file - Cache service initialization finished in 4 ms 
[2026-05-10T12:30:06.524] [DEBUG] debug-file - hvigorfile, resolving E:\project\My_project\OpenHarmony\frontend\hvigorfile.ts
[2026-05-10T12:30:06.529] [DEBUG] debug-file - hvigorfile, require result:  { default: { plugins: [] } }
[2026-05-10T12:30:06.529] [DEBUG] debug-file - hvigorfile, binding system plugins null
[2026-05-10T12:30:06.530] [DEBUG] debug-file - Starting plugin build process
[2026-05-10T12:30:06.530] [DEBUG] debug-file - App plugin prepare start...
[2026-05-10T12:30:06.530] [DEBUG] debug-file - App plugin prepare end...
[2026-05-10T12:30:06.530] [DEBUG] debug-file - App plugin creating...
[2026-05-10T12:30:06.533] [DEBUG] debug-file - App plugin register hook start...
[2026-05-10T12:30:06.533] [DEBUG] debug-file - App plugin register hook end...
[2026-05-10T12:30:06.533] [DEBUG] debug-file - Plugin build process completed
[2026-05-10T12:30:06.534] [DEBUG] debug-file - Start initialize project's product build option map with build mode debug.
[2026-05-10T12:30:06.534] [DEBUG] debug-file - Picking option from product 'default' with build mode 'debug'.
[2026-05-10T12:30:06.534] [DEBUG] debug-file - Product 'default' build option initialized
[2026-05-10T12:30:06.534] [DEBUG] debug-file - End initialize project's product build option map with build mode 'debug'.
[2026-05-10T12:30:06.534] [DEBUG] debug-file - Obtain build option for product 'default'in this build.
[2026-05-10T12:30:06.535] [DEBUG] debug-file - No signingConfig found, initRemoteHspCache failed.
[2026-05-10T12:30:06.537] [DEBUG] debug-file - Start recording SDK configuration permission data.
[2026-05-10T12:30:06.559] [DEBUG] debug-file - Sdk init in 24 ms 
[2026-05-10T12:30:06.561] [DEBUG] debug-file - Project task initialization takes 2 ms 
[2026-05-10T12:30:06.562] [DEBUG] debug-file - hvigorfile, begin to bind custom plugins...
[2026-05-10T12:30:06.562] [DEBUG] debug-file - hvigorfile, no custom plugins were found in E:\project\My_project\OpenHarmony\frontend\hvigorfile.ts
[2026-05-10T12:30:06.562] [DEBUG] debug-file - hvigorfile, resolve finished E:\project\My_project\OpenHarmony\frontend\hvigorfile.ts
[2026-05-10T12:30:06.562] [DEBUG] debug-file - hvigorfile, resolving E:\project\My_project\OpenHarmony\frontend\entry\hvigorfile.ts
[2026-05-10T12:30:06.565] [DEBUG] debug-file - hvigorfile, require result:  { default: { plugins: [] } }
[2026-05-10T12:30:06.565] [DEBUG] debug-file - hvigorfile, binding system plugins null
[2026-05-10T12:30:06.565] [DEBUG] debug-file - Starting plugin build process
[2026-05-10T12:30:06.565] [DEBUG] debug-file - Hap plugin creating...
[2026-05-10T12:30:06.566] [DEBUG] debug-file - failed to load cangjie to dynamically generate schemas: Error: Cannot find module '@ohos/cangjie-build-support/index'
Require stack:
- E:\Program Files\Huawei\DevEco Studio\tools\hvigor\hvigor-ohos-plugin\src\plugin\hooks\cangjie-register.js
- E:\Program Files\Huawei\DevEco Studio\tools\hvigor\hvigor-ohos-plugin\src\plugin\strategy\stage-init-strategy.js
- E:\Program Files\Huawei\DevEco Studio\tools\hvigor\hvigor-ohos-plugin\src\plugin\builder\abstract-plugin-builder.js
- E:\Program Files\Huawei\DevEco Studio\tools\hvigor\hvigor-ohos-plugin\src\plugin\builder\app-plugin-builder.js
- E:\Program Files\Huawei\DevEco Studio\tools\hvigor\hvigor-ohos-plugin\src\plugin\factory\plugin-factory.js
- E:\Program Files\Huawei\DevEco Studio\tools\hvigor\hvigor-ohos-plugin\index.js
- E:\project\My_project\OpenHarmony\frontend\hvigorfile.ts
- E:\Program Files\Huawei\DevEco Studio\tools\hvigor\hvigor\src\base\internal\lifecycle\configuration.js
- E:\Program Files\Huawei\DevEco Studio\tools\hvigor\hvigor\src\base\boot\index.js
- E:\Program Files\Huawei\DevEco Studio\tools\hvigor\hvigor\src\base\daemon\cluster\worker-process-lifecycle.js
- E:\Program Files\Huawei\DevEco Studio\tools\hvigor\hvigor\src\base\daemon\process\daemon-process-boot-script.js
[2026-05-10T12:30:06.567] [DEBUG] debug-file - Start initialize module-target build option map, moduleName=entry, buildMode=debug
[2026-05-10T12:30:06.567] [DEBUG] debug-file - Target 'default' config initialized
[2026-05-10T12:30:06.567] [DEBUG] debug-file - Module 'entry' target 'default' build option initialized
[2026-05-10T12:30:06.568] [DEBUG] debug-file - End initialize module-target build option map, moduleName=entry
[2026-05-10T12:30:06.568] [DEBUG] debug-file - Start initialize module-target build option map, moduleName=entry, buildMode=release
[2026-05-10T12:30:06.568] [DEBUG] debug-file - Target 'default' config initialized
[2026-05-10T12:30:06.568] [DEBUG] debug-file - Module 'entry' target 'default' build option initialized
[2026-05-10T12:30:06.568] [DEBUG] debug-file - End initialize module-target build option map, moduleName=entry
[2026-05-10T12:30:06.568] [DEBUG] debug-file - Start initialize module-target build option map, moduleName=entry, buildMode=debug
[2026-05-10T12:30:06.568] [DEBUG] debug-file - Target 'default' config initialized
[2026-05-10T12:30:06.568] [DEBUG] debug-file - Module 'entry' target 'default' build option initialized
[2026-05-10T12:30:06.568] [DEBUG] debug-file - End initialize module-target build option map, moduleName=entry
[2026-05-10T12:30:06.568] [DEBUG] debug-file - Obtain build option for module 'entry' target 'default'in this build.
[2026-05-10T12:30:06.569] [DEBUG] debug-file - Module entry task initialization takes 1 ms 
[2026-05-10T12:30:06.569] [DEBUG] debug-file - Hap plugin register hook start...
[2026-05-10T12:30:06.569] [DEBUG] debug-file - Hap plugin register hook end...
[2026-05-10T12:30:06.569] [DEBUG] debug-file - Plugin build process completed
[2026-05-10T12:30:06.569] [DEBUG] debug-file - hvigorfile, begin to bind custom plugins...
[2026-05-10T12:30:06.569] [DEBUG] debug-file - hvigorfile, no custom plugins were found in E:\project\My_project\OpenHarmony\frontend\entry\hvigorfile.ts
[2026-05-10T12:30:06.569] [DEBUG] debug-file - hvigorfile, resolve finished E:\project\My_project\OpenHarmony\frontend\entry\hvigorfile.ts
[2026-05-10T12:30:06.587] [DEBUG] debug-file - hvigorfile, resolve hvigorfile dependencies in 17 ms 
[2026-05-10T12:30:06.587] [DEBUG] debug-file - project has submodules:entry
[2026-05-10T12:30:06.588] [DEBUG] debug-file - start to load updatedOhPackageInfo to the disk
[2026-05-10T12:30:06.589] [DEBUG] debug-file - load to the disk finished
[2026-05-10T12:30:06.589] [DEBUG] debug-file - Start to initialize dependency information.
[2026-05-10T12:30:06.589] [DEBUG] debug-file - Module frontend Collected Dependency: 
[2026-05-10T12:30:06.589] [DEBUG] debug-file - Module frontend's total dependency: 0
[2026-05-10T12:30:06.590] [DEBUG] debug-file - Start to initialize dependency information.
[2026-05-10T12:30:06.591] [DEBUG] debug-file - Module entry Collected Dependency: 
[2026-05-10T12:30:06.591] [DEBUG] debug-file - Module entry's total dependency: 0
[2026-05-10T12:30:06.592] [DEBUG] debug-file - Configuration phase cost:68 ms 
[2026-05-10T12:30:06.593] [DEBUG] debug-file - Configuration task cost before running: 75 ms 
[2026-05-10T12:30:06.597] [DEBUG] debug-file - Executing task :entry:default@PreBuild
[2026-05-10T12:30:06.600] [DEBUG] debug-file - Task 'entry:default@PreBuild' cost while wrapping incremental declarations: 1 ms 
[2026-05-10T12:30:06.606] [DEBUG] debug-file - entry:default@PreBuild is not up-to-date, since the task snapshots are different.
[2026-05-10T12:30:06.606] [DEBUG] debug-file - Incremental task entry:default@PreBuild pre-execution cost: 4 ms .
[2026-05-10T12:30:06.712] [DEBUG] debug-file - current product is not Atomic service.
[2026-05-10T12:30:06.712] [DEBUG] debug-file - Use tool [win32: JAVA_HOME, CLASSPATH]
 [
  { JAVA_HOME: 'E:\\Program Files\\Huawei\\DevEco Studio\\jbr' },
  { CLASSPATH: undefined }
]
[2026-05-10T12:30:06.713] [DEBUG] debug-file - Use tool [win32: NODE_HOME]
 [
  {
    NODE_HOME: 'E:\\Program Files\\Huawei\\DevEco Studio\\tools\\node'
  }
]
[2026-05-10T12:30:06.713] [DEBUG] debug-file - entry : default@PreBuild cost memory 9.965789794921875
[2026-05-10T12:30:06.713] [DEBUG] debug-file - runTaskFromQueue task cost before running: 195 ms 
[2026-05-10T12:30:06.715] [INFO] debug-file - Finished :entry:default@PreBuild... after 117 ms 
[2026-05-10T12:30:06.716] [DEBUG] debug-file - Executing task :entry:default@CreateModuleInfo
[2026-05-10T12:30:06.716] [DEBUG] debug-file - Task 'entry:default@CreateModuleInfo' cost while wrapping incremental declarations: 1 ms 
[2026-05-10T12:30:06.716] [DEBUG] debug-file - entry : default@CreateModuleInfo cost memory 0.042999267578125
[2026-05-10T12:30:06.716] [DEBUG] debug-file - runTaskFromQueue task cost before running: 198 ms 
[2026-05-10T12:30:06.716] [INFO] debug-file - Finished :entry:default@CreateModuleInfo... after 1 ms 
[2026-05-10T12:30:06.717] [DEBUG] debug-file - Executing task :entry:default@GenerateMetadata
[2026-05-10T12:30:06.718] [DEBUG] debug-file - Task 'entry:default@GenerateMetadata' cost while wrapping incremental declarations: 1 ms 
[2026-05-10T12:30:06.718] [DEBUG] debug-file - Incremental task entry:default@GenerateMetadata pre-execution cost: 1 ms .
[2026-05-10T12:30:06.719] [DEBUG] debug-file - entry : default@GenerateMetadata cost memory 0.09032440185546875
[2026-05-10T12:30:06.719] [INFO] debug-file - UP-TO-DATE :entry:default@GenerateMetadata...  
[2026-05-10T12:30:06.719] [DEBUG] debug-file - Executing task :entry:default@ConfigureCmake
[2026-05-10T12:30:06.719] [DEBUG] debug-file - entry : default@ConfigureCmake cost memory 0.0146026611328125
[2026-05-10T12:30:06.719] [DEBUG] debug-file - runTaskFromQueue task cost before running: 202 ms 
[2026-05-10T12:30:06.719] [INFO] debug-file - Finished :entry:default@ConfigureCmake... after 1 ms 
[2026-05-10T12:30:06.720] [DEBUG] debug-file - Executing task :entry:default@MergeProfile
[2026-05-10T12:30:06.720] [DEBUG] debug-file - Task 'entry:default@MergeProfile' cost while wrapping incremental declarations: 1 ms 
[2026-05-10T12:30:06.721] [DEBUG] debug-file - Incremental task entry:default@MergeProfile pre-execution cost: 1 ms .
[2026-05-10T12:30:06.721] [DEBUG] debug-file - entry : default@MergeProfile cost memory 0.36649322509765625
[2026-05-10T12:30:06.722] [INFO] debug-file - UP-TO-DATE :entry:default@MergeProfile...  
[2026-05-10T12:30:06.722] [DEBUG] debug-file - Executing task :entry:default@CreateBuildProfile
[2026-05-10T12:30:06.722] [DEBUG] debug-file - Task 'entry:default@CreateBuildProfile' cost while wrapping incremental declarations: 1 ms 
[2026-05-10T12:30:06.723] [DEBUG] debug-file - Incremental task entry:default@CreateBuildProfile pre-execution cost: 1 ms .
[2026-05-10T12:30:06.723] [DEBUG] debug-file - entry : default@CreateBuildProfile cost memory 0.11206817626953125
[2026-05-10T12:30:06.723] [INFO] debug-file - UP-TO-DATE :entry:default@CreateBuildProfile...  
[2026-05-10T12:30:06.724] [DEBUG] debug-file - Executing task :entry:default@PreCheckSyscap
[2026-05-10T12:30:06.724] [DEBUG] debug-file - entry : default@PreCheckSyscap cost memory 0.01474761962890625
[2026-05-10T12:30:06.724] [DEBUG] debug-file - runTaskFromQueue task cost before running: 206 ms 
[2026-05-10T12:30:06.724] [INFO] debug-file - Finished :entry:default@PreCheckSyscap... after 1 ms 
[2026-05-10T12:30:06.725] [DEBUG] debug-file - Executing task :entry:default@GeneratePkgContextInfo
[2026-05-10T12:30:06.731] [DEBUG] debug-file - Task 'entry:default@GeneratePkgContextInfo' cost while wrapping incremental declarations: 1 ms 
[2026-05-10T12:30:06.731] [DEBUG] debug-file - entry : default@GeneratePkgContextInfo cost memory 0.48807525634765625
[2026-05-10T12:30:06.731] [DEBUG] debug-file - runTaskFromQueue task cost before running: 214 ms 
[2026-05-10T12:30:06.731] [INFO] debug-file - Finished :entry:default@GeneratePkgContextInfo... after 7 ms 
[2026-05-10T12:30:06.732] [DEBUG] debug-file - Executing task :entry:default@GeneratePkgSdkInfo
[2026-05-10T12:30:06.733] [DEBUG] debug-file - Task 'entry:default@GeneratePkgSdkInfo' cost while wrapping incremental declarations: 1 ms 
[2026-05-10T12:30:06.734] [DEBUG] debug-file - Incremental task entry:default@GeneratePkgSdkInfo pre-execution cost: 1 ms .
[2026-05-10T12:30:06.734] [DEBUG] debug-file - entry : default@GeneratePkgSdkInfo cost memory 0.17383575439453125
[2026-05-10T12:30:06.734] [INFO] debug-file - UP-TO-DATE :entry:default@GeneratePkgSdkInfo...  
[2026-05-10T12:30:06.736] [DEBUG] debug-file - Executing task :entry:default@ProcessIntegratedHsp
[2026-05-10T12:30:06.736] [DEBUG] debug-file - entry:default@ProcessIntegratedHsp is not up-to-date, since the output file 'E:\project\My_project\OpenHarmony\frontend\build\cache\default\integrated_hsp\integratedHspCache.json' does not exist.
[2026-05-10T12:30:06.736] [DEBUG] debug-file - Incremental task entry:default@ProcessIntegratedHsp pre-execution cost: 1 ms .
[2026-05-10T12:30:06.736] [DEBUG] debug-file - entry : default@ProcessIntegratedHsp cost memory 0.058837890625
[2026-05-10T12:30:06.736] [DEBUG] debug-file - runTaskFromQueue task cost before running: 219 ms 
[2026-05-10T12:30:06.736] [INFO] debug-file - Finished :entry:default@ProcessIntegratedHsp... after 1 ms 
[2026-05-10T12:30:06.737] [DEBUG] debug-file - Executing task :entry:default@BuildNativeWithCmake
[2026-05-10T12:30:06.737] [DEBUG] debug-file - entry : default@BuildNativeWithCmake cost memory 0.0146484375
[2026-05-10T12:30:06.737] [DEBUG] debug-file - runTaskFromQueue task cost before running: 219 ms 
[2026-05-10T12:30:06.737] [INFO] debug-file - Finished :entry:default@BuildNativeWithCmake... after 1 ms 
[2026-05-10T12:30:06.738] [DEBUG] debug-file - Executing task :entry:default@MakePackInfo
[2026-05-10T12:30:06.739] [DEBUG] debug-file - Incremental task entry:default@MakePackInfo pre-execution cost: 1 ms .
[2026-05-10T12:30:06.739] [DEBUG] debug-file - entry : default@MakePackInfo cost memory 0.11495208740234375
[2026-05-10T12:30:06.739] [INFO] debug-file - UP-TO-DATE :entry:default@MakePackInfo...  
[2026-05-10T12:30:06.740] [DEBUG] debug-file - Executing task :entry:default@SyscapTransform
[2026-05-10T12:30:06.740] [DEBUG] debug-file - File: 'E:\project\My_project\OpenHarmony\frontend\entry\src\main\syscap.json' from 'sysCapJsonPath' is not exists, just ignore.
[2026-05-10T12:30:06.740] [DEBUG] debug-file - Task 'entry:default@SyscapTransform' cost while wrapping incremental declarations: 1 ms 
[2026-05-10T12:30:06.750] [DEBUG] debug-file - entry:default@SyscapTransform is not up-to-date, since the output file 'E:\project\My_project\OpenHarmony\frontend\entry\build\default\intermediates\syscap\default\rpcid.sc' does not exist.
[2026-05-10T12:30:06.750] [DEBUG] debug-file - Incremental task entry:default@SyscapTransform pre-execution cost: 10 ms .
[2026-05-10T12:30:06.750] [DEBUG] debug-file - entry : default@SyscapTransform cost memory 0.164825439453125
[2026-05-10T12:30:06.750] [DEBUG] debug-file - runTaskFromQueue task cost before running: 232 ms 
[2026-05-10T12:30:06.750] [INFO] debug-file - Finished :entry:default@SyscapTransform... after 11 ms 
[2026-05-10T12:30:06.751] [DEBUG] debug-file - Executing task :entry:default@ProcessProfile
[2026-05-10T12:30:06.752] [DEBUG] debug-file - Task 'entry:default@ProcessProfile' cost while wrapping incremental declarations: 1 ms 
[2026-05-10T12:30:06.753] [DEBUG] debug-file - Incremental task entry:default@ProcessProfile pre-execution cost: 1 ms .
[2026-05-10T12:30:06.753] [DEBUG] debug-file - entry : default@ProcessProfile cost memory 0.1372528076171875
[2026-05-10T12:30:06.753] [INFO] debug-file - UP-TO-DATE :entry:default@ProcessProfile...  
[2026-05-10T12:30:06.753] [DEBUG] debug-file - Executing task :entry:default@ProcessRouterMap
[2026-05-10T12:30:06.754] [DEBUG] debug-file - Incremental task entry:default@ProcessRouterMap pre-execution cost: 1 ms .
[2026-05-10T12:30:06.754] [DEBUG] debug-file - entry : default@ProcessRouterMap cost memory 0.14253997802734375
[2026-05-10T12:30:06.755] [INFO] debug-file - UP-TO-DATE :entry:default@ProcessRouterMap...  
[2026-05-10T12:30:06.755] [DEBUG] debug-file - Executing task :entry:default@ProcessShareConfig
[2026-05-10T12:30:06.756] [DEBUG] debug-file - Incremental task entry:default@ProcessShareConfig pre-execution cost: 1 ms .
[2026-05-10T12:30:06.756] [DEBUG] debug-file - entry : default@ProcessShareConfig cost memory 0.1171722412109375
[2026-05-10T12:30:06.756] [INFO] debug-file - UP-TO-DATE :entry:default@ProcessShareConfig...  
[2026-05-10T12:30:06.757] [DEBUG] debug-file - Executing task :entry:default@ProcessStartupConfig
[2026-05-10T12:30:06.757] [DEBUG] debug-file - Task 'entry:default@ProcessStartupConfig' cost while wrapping incremental declarations: 1 ms 
[2026-05-10T12:30:06.757] [DEBUG] debug-file - entry:default@ProcessStartupConfig is not up-to-date, since the output file 'E:\project\My_project\OpenHarmony\frontend\entry\build\default\intermediates\startup\default\startup_config.json' does not exist.
[2026-05-10T12:30:06.757] [DEBUG] debug-file - Incremental task entry:default@ProcessStartupConfig pre-execution cost: 1 ms .
[2026-05-10T12:30:06.757] [DEBUG] debug-file - entry : default@ProcessStartupConfig cost memory 0.09787750244140625
[2026-05-10T12:30:06.757] [DEBUG] debug-file - runTaskFromQueue task cost before running: 239 ms 
[2026-05-10T12:30:06.757] [INFO] debug-file - Finished :entry:default@ProcessStartupConfig... after 1 ms 
[2026-05-10T12:30:06.758] [DEBUG] debug-file - Executing task :entry:default@BuildNativeWithNinja
[2026-05-10T12:30:06.758] [DEBUG] debug-file - entry : default@BuildNativeWithNinja cost memory 0.02184295654296875
[2026-05-10T12:30:06.758] [DEBUG] debug-file - runTaskFromQueue task cost before running: 241 ms 
[2026-05-10T12:30:06.759] [INFO] debug-file - Finished :entry:default@BuildNativeWithNinja... after 1 ms 
[2026-05-10T12:30:06.760] [DEBUG] debug-file - restool module names: entry; moduleName=entry, taskName=default@ProcessResource
[2026-05-10T12:30:06.761] [DEBUG] debug-file - Executing task :entry:default@ProcessResource
[2026-05-10T12:30:06.761] [DEBUG] debug-file - Task 'entry:default@ProcessResource' cost while wrapping incremental declarations: 1 ms 
[2026-05-10T12:30:06.762] [DEBUG] debug-file - Incremental task entry:default@ProcessResource pre-execution cost: 1 ms .
[2026-05-10T12:30:06.762] [DEBUG] debug-file - entry : default@ProcessResource cost memory 0.14873504638671875
[2026-05-10T12:30:06.762] [INFO] debug-file - UP-TO-DATE :entry:default@ProcessResource...  
[2026-05-10T12:30:06.763] [DEBUG] debug-file - Executing task :entry:default@GenerateLoaderJson
[2026-05-10T12:30:06.764] [DEBUG] debug-file - Task 'entry:default@GenerateLoaderJson' cost while wrapping incremental declarations: 1 ms 
[2026-05-10T12:30:06.769] [DEBUG] debug-file - entry:default@GenerateLoaderJson is not up-to-date, since the output file 'E:\project\My_project\OpenHarmony\frontend\entry\build\default\intermediates\loader\default\loader.json' has been changed.
[2026-05-10T12:30:06.769] [DEBUG] debug-file - Incremental task entry:default@GenerateLoaderJson pre-execution cost: 3 ms .
[2026-05-10T12:30:06.772] [DEBUG] debug-file - entry : default@GenerateLoaderJson cost memory 0.6979141235351562
[2026-05-10T12:30:06.772] [DEBUG] debug-file - runTaskFromQueue task cost before running: 254 ms 
[2026-05-10T12:30:06.774] [INFO] debug-file - Finished :entry:default@GenerateLoaderJson... after 9 ms 
[2026-05-10T12:30:06.774] [DEBUG] debug-file - Executing task :entry:default@ProcessLibs
[2026-05-10T12:30:06.776] [DEBUG] debug-file - Incremental task entry:default@ProcessLibs pre-execution cost: 1 ms .
[2026-05-10T12:30:06.776] [DEBUG] debug-file - entry : default@ProcessLibs cost memory 0.11583709716796875
[2026-05-10T12:30:06.776] [INFO] debug-file - UP-TO-DATE :entry:default@ProcessLibs...  
[2026-05-10T12:30:06.777] [DEBUG] debug-file - restool module names: entry; moduleName=entry, taskName=default@CompileResource
[2026-05-10T12:30:06.777] [DEBUG] debug-file - Executing task :entry:default@CompileResource
[2026-05-10T12:30:06.782] [DEBUG] debug-file - Incremental task entry:default@CompileResource pre-execution cost: 5 ms .
[2026-05-10T12:30:06.782] [DEBUG] debug-file - entry : default@CompileResource cost memory 0.97052001953125
[2026-05-10T12:30:06.783] [INFO] debug-file - UP-TO-DATE :entry:default@CompileResource...  
[2026-05-10T12:30:06.783] [DEBUG] debug-file - Executing task :entry:default@DoNativeStrip
[2026-05-10T12:30:06.784] [DEBUG] debug-file - File: 'E:\project\My_project\OpenHarmony\frontend\entry\build\default\intermediates\binxo\default' from 'doBinxoNativeLibs' is not exists, just ignore.
[2026-05-10T12:30:06.784] [DEBUG] debug-file - Task 'entry:default@DoNativeStrip' cost while wrapping incremental declarations: 1 ms 
[2026-05-10T12:30:06.784] [DEBUG] debug-file - Incremental task entry:default@DoNativeStrip pre-execution cost: 1 ms .
[2026-05-10T12:30:06.785] [DEBUG] debug-file - entry : default@DoNativeStrip cost memory 0.099517822265625
[2026-05-10T12:30:06.785] [INFO] debug-file - UP-TO-DATE :entry:default@DoNativeStrip...  
[2026-05-10T12:30:06.785] [DEBUG] debug-file - Executing task :entry:buildHotReloadResource
[2026-05-10T12:30:06.785] [DEBUG] debug-file - Hot reload resources ready.
[2026-05-10T12:30:06.785] [DEBUG] debug-file - entry : buildHotReloadResource cost memory 0.02118682861328125
[2026-05-10T12:30:06.785] [DEBUG] debug-file - runTaskFromQueue task cost before running: 268 ms 
[2026-05-10T12:30:06.785] [INFO] debug-file - Finished :entry:buildHotReloadResource... after 1 ms 
[2026-05-10T12:30:06.786] [DEBUG] debug-file - Executing task :entry:default@BuildJS
[2026-05-10T12:30:06.787] [DEBUG] debug-file - Task 'entry:default@BuildJS' cost while wrapping incremental declarations: 1 ms 
[2026-05-10T12:30:06.789] [DEBUG] debug-file - entry : default@BuildJS cost memory 0.1667938232421875
[2026-05-10T12:30:06.789] [DEBUG] debug-file - runTaskFromQueue task cost before running: 271 ms 
[2026-05-10T12:30:06.789] [INFO] debug-file - Finished :entry:default@BuildJS... after 3 ms 
[2026-05-10T12:30:06.790] [DEBUG] debug-file - Executing task :entry:default@CacheNativeLibs
[2026-05-10T12:30:06.790] [DEBUG] debug-file - File: 'E:\project\My_project\OpenHarmony\frontend\entry\build\default\intermediates\binxo\default' from 'cacheBinxoNativeLibs' is not exists, just ignore.
[2026-05-10T12:30:06.790] [DEBUG] debug-file - Task 'entry:default@CacheNativeLibs' cost while wrapping incremental declarations: 1 ms 
[2026-05-10T12:30:06.790] [DEBUG] debug-file - entry:default@CacheNativeLibs is not up-to-date, since the output file 'E:\project\My_project\OpenHarmony\frontend\entry\build\default\intermediates\patch\default\base_native_libs.json' does not exist.
[2026-05-10T12:30:06.790] [DEBUG] debug-file - Incremental task entry:default@CacheNativeLibs pre-execution cost: 1 ms .
[2026-05-10T12:30:06.791] [DEBUG] debug-file - default@CacheNativeLibs work[0] is submitted.
[2026-05-10T12:30:06.791] [DEBUG] debug-file - default@CacheNativeLibs work[0] is pushed to ready queue.
[2026-05-10T12:30:06.791] [DEBUG] debug-file - A work dispatched to worker[15] failed because unable to get work from ready queue.
[2026-05-10T12:30:06.791] [DEBUG] debug-file - Create  resident worker with id: 14.
[2026-05-10T12:30:06.792] [DEBUG] debug-file - default@CacheNativeLibs work[0] has been dispatched to worker[14].
[2026-05-10T12:30:06.792] [DEBUG] debug-file - default@CacheNativeLibs work[0] is dispatched.
[2026-05-10T12:30:06.793] [DEBUG] debug-file - entry : default@CacheNativeLibs cost memory 0.23059844970703125
[2026-05-10T12:30:06.794] [DEBUG] debug-file - Executing task :entry:default@HotReloadArkTS
[2026-05-10T12:30:06.794] [DEBUG] debug-file - obfuscationOptions: undefined
[2026-05-10T12:30:06.795] [DEBUG] debug-file - Task 'entry:default@HotReloadArkTS' cost while wrapping incremental declarations: 1 ms 
[2026-05-10T12:30:06.798] [DEBUG] debug-file - entry:default@HotReloadArkTS is not up-to-date, since the input file 'E:\project\My_project\OpenHarmony\frontend\entry\build\default\intermediates\loader\default' has been changed.
[2026-05-10T12:30:06.798] [DEBUG] debug-file - Incremental task entry:default@HotReloadArkTS pre-execution cost: 2 ms .
[2026-05-10T12:30:06.808] [DEBUG] debug-file - build config: [object Object]
[2026-05-10T12:30:06.809] [DEBUG] debug-file - session manager: binding session. socketId=U8hpmC_tjJeuwDWkAAAD, threadId=1@1.
[2026-05-10T12:30:06.809] [DEBUG] debug-file - entry : default@HotReloadArkTS cost memory 1.7962417602539062
[2026-05-10T12:30:07.381] [DEBUG] debug-file - worker[14] has one work done.
[2026-05-10T12:30:07.381] [DEBUG] debug-file - default@CacheNativeLibs work[0] done.
[2026-05-10T12:30:07.381] [DEBUG] debug-file - A work dispatched to worker[14] failed because unable to get work from ready queue.
[2026-05-10T12:30:07.381] [INFO] debug-file - Finished :entry:default@CacheNativeLibs... after 10 ms 
[2026-05-10T12:30:08.486] [DEBUG] debug-file - watch worker: send response to session manager. Response type: WatchStart
[2026-05-10T12:30:08.487] [DEBUG] debug-file - session manager: watch message received from worker 1. Type: WatchStart
[2026-05-10T12:30:11.058] [DEBUG] debug-file - watch worker: send response to session manager. Response type: WatchLog
[2026-05-10T12:30:11.059] [DEBUG] debug-file - session manager: watch message received from worker 1. Type: WatchLog
[2026-05-10T12:30:11.060] [DEBUG] debug-file - watch worker: send response to session manager. Response type: WatchLog
[2026-05-10T12:30:11.060] [DEBUG] debug-file - session manager: watch message received from worker 1. Type: WatchLog
[2026-05-10T12:30:11.060] [DEBUG] debug-file - watch worker: send response to session manager. Response type: WatchLog
[2026-05-10T12:30:11.061] [DEBUG] debug-file - session manager: watch message received from worker 1. Type: WatchLog
[2026-05-10T12:30:11.060] [DEBUG] debug-file - watch worker: send response to session manager. Response type: WatchLog
[2026-05-10T12:30:11.062] [DEBUG] debug-file - session manager: watch message received from worker 1. Type: WatchLog
[2026-05-10T12:30:11.060] [DEBUG] debug-file - watch worker: send response to session manager. Response type: WatchLog
[2026-05-10T12:30:11.062] [DEBUG] debug-file - session manager: watch message received from worker 1. Type: WatchLog
[2026-05-10T12:30:11.060] [DEBUG] debug-file - watch worker: send response to session manager. Response type: WatchLog
[2026-05-10T12:30:11.063] [DEBUG] debug-file - session manager: watch message received from worker 1. Type: WatchLog
[2026-05-10T12:30:11.060] [DEBUG] debug-file - watch worker: send response to session manager. Response type: WatchLog
[2026-05-10T12:30:11.064] [DEBUG] debug-file - session manager: watch message received from worker 1. Type: WatchLog
[2026-05-10T12:30:11.060] [DEBUG] debug-file - watch worker: send response to session manager. Response type: WatchLog
[2026-05-10T12:30:11.064] [DEBUG] debug-file - session manager: watch message received from worker 1. Type: WatchLog
[2026-05-10T12:30:11.061] [DEBUG] debug-file - watch worker: send response to session manager. Response type: WatchLog
[2026-05-10T12:30:11.065] [DEBUG] debug-file - session manager: watch message received from worker 1. Type: WatchLog
[2026-05-10T12:30:11.061] [DEBUG] debug-file - watch worker: send response to session manager. Response type: WatchLog
[2026-05-10T12:30:11.066] [DEBUG] debug-file - session manager: watch message received from worker 1. Type: WatchLog
[2026-05-10T12:30:11.061] [DEBUG] debug-file - watch worker: send response to session manager. Response type: WatchLog
[2026-05-10T12:30:11.066] [DEBUG] debug-file - session manager: watch message received from worker 1. Type: WatchLog
[2026-05-10T12:30:11.061] [DEBUG] debug-file - watch worker: send response to session manager. Response type: WatchLog
[2026-05-10T12:30:11.067] [DEBUG] debug-file - session manager: watch message received from worker 1. Type: WatchLog
[2026-05-10T12:30:11.061] [DEBUG] debug-file - watch worker: send response to session manager. Response type: WatchLog
[2026-05-10T12:30:11.068] [DEBUG] debug-file - session manager: watch message received from worker 1. Type: WatchLog
[2026-05-10T12:30:11.062] [DEBUG] debug-file - watch worker: send response to session manager. Response type: WatchLog
[2026-05-10T12:30:11.068] [DEBUG] debug-file - session manager: watch message received from worker 1. Type: WatchLog
[2026-05-10T12:30:11.062] [DEBUG] debug-file - watch worker: send response to session manager. Response type: WatchLog
[2026-05-10T12:30:11.069] [DEBUG] debug-file - session manager: watch message received from worker 1. Type: WatchLog
[2026-05-10T12:30:11.062] [DEBUG] debug-file - watch worker: send response to session manager. Response type: WatchLog
[2026-05-10T12:30:11.070] [DEBUG] debug-file - session manager: watch message received from worker 1. Type: WatchLog
[2026-05-10T12:30:11.062] [DEBUG] debug-file - watch worker: send response to session manager. Response type: WatchLog
[2026-05-10T12:30:11.070] [DEBUG] debug-file - session manager: watch message received from worker 1. Type: WatchLog
[2026-05-10T12:30:11.062] [DEBUG] debug-file - watch worker: send response to session manager. Response type: WatchLog
[2026-05-10T12:30:11.071] [DEBUG] debug-file - session manager: watch message received from worker 1. Type: WatchLog
[2026-05-10T12:30:11.062] [DEBUG] debug-file - watch worker: send response to session manager. Response type: WatchLog
[2026-05-10T12:30:11.071] [DEBUG] debug-file - session manager: watch message received from worker 1. Type: WatchLog
[2026-05-10T12:30:11.062] [DEBUG] debug-file - watch worker: send response to session manager. Response type: WatchLog
[2026-05-10T12:30:11.072] [DEBUG] debug-file - session manager: watch message received from worker 1. Type: WatchLog
[2026-05-10T12:30:11.062] [DEBUG] debug-file - watch worker: send response to session manager. Response type: WatchLog
[2026-05-10T12:30:11.073] [DEBUG] debug-file - session manager: watch message received from worker 1. Type: WatchLog
[2026-05-10T12:30:11.062] [DEBUG] debug-file - watch worker: send response to session manager. Response type: WatchLog
[2026-05-10T12:30:11.073] [DEBUG] debug-file - session manager: watch message received from worker 1. Type: WatchLog
[2026-05-10T12:30:11.062] [DEBUG] debug-file - watch worker: send response to session manager. Response type: WatchLog
[2026-05-10T12:30:11.074] [DEBUG] debug-file - session manager: watch message received from worker 1. Type: WatchLog
[2026-05-10T12:30:11.062] [DEBUG] debug-file - watch worker: send response to session manager. Response type: WatchLog
[2026-05-10T12:30:11.075] [DEBUG] debug-file - session manager: watch message received from worker 1. Type: WatchLog
[2026-05-10T12:30:11.062] [DEBUG] debug-file - watch worker: send response to session manager. Response type: WatchLog
[2026-05-10T12:30:11.075] [DEBUG] debug-file - session manager: watch message received from worker 1. Type: WatchLog
[2026-05-10T12:30:11.062] [DEBUG] debug-file - watch worker: send response to session manager. Response type: WatchLog
[2026-05-10T12:30:11.076] [DEBUG] debug-file - session manager: watch message received from worker 1. Type: WatchLog
[2026-05-10T12:30:11.062] [DEBUG] debug-file - watch worker: send response to session manager. Response type: WatchLog
[2026-05-10T12:30:11.077] [DEBUG] debug-file - session manager: watch message received from worker 1. Type: WatchLog
[2026-05-10T12:30:11.062] [DEBUG] debug-file - watch worker: send response to session manager. Response type: WatchLog
[2026-05-10T12:30:11.078] [DEBUG] debug-file - session manager: watch message received from worker 1. Type: WatchLog
[2026-05-10T12:30:11.062] [DEBUG] debug-file - watch worker: send response to session manager. Response type: WatchLog
[2026-05-10T12:30:11.079] [DEBUG] debug-file - session manager: watch message received from worker 1. Type: WatchLog
[2026-05-10T12:30:11.062] [DEBUG] debug-file - watch worker: send response to session manager. Response type: WatchLog
[2026-05-10T12:30:11.079] [DEBUG] debug-file - session manager: watch message received from worker 1. Type: WatchLog
[2026-05-10T12:30:11.063] [DEBUG] debug-file - watch worker: send response to session manager. Response type: WatchLog
[2026-05-10T12:30:11.080] [DEBUG] debug-file - session manager: watch message received from worker 1. Type: WatchLog
[2026-05-10T12:30:11.063] [DEBUG] debug-file - watch worker: send response to session manager. Response type: WatchLog
[2026-05-10T12:30:11.081] [DEBUG] debug-file - session manager: watch message received from worker 1. Type: WatchLog
[2026-05-10T12:30:11.063] [DEBUG] debug-file - watch worker: send response to session manager. Response type: WatchLog
[2026-05-10T12:30:11.081] [DEBUG] debug-file - session manager: watch message received from worker 1. Type: WatchLog
[2026-05-10T12:30:11.063] [DEBUG] debug-file - watch worker: send response to session manager. Response type: WatchLog
[2026-05-10T12:30:11.082] [DEBUG] debug-file - session manager: watch message received from worker 1. Type: WatchLog
[2026-05-10T12:30:11.063] [DEBUG] debug-file - watch worker: send response to session manager. Response type: WatchLog
[2026-05-10T12:30:11.082] [DEBUG] debug-file - session manager: watch message received from worker 1. Type: WatchLog
[2026-05-10T12:30:11.063] [DEBUG] debug-file - watch worker: send response to session manager. Response type: WatchLog
[2026-05-10T12:30:11.083] [DEBUG] debug-file - session manager: watch message received from worker 1. Type: WatchLog
[2026-05-10T12:30:11.063] [DEBUG] debug-file - watch worker: send response to session manager. Response type: WatchLog
[2026-05-10T12:30:11.084] [DEBUG] debug-file - session manager: watch message received from worker 1. Type: WatchLog
[2026-05-10T12:30:11.063] [DEBUG] debug-file - watch worker: send response to session manager. Response type: WatchLog
[2026-05-10T12:30:11.085] [DEBUG] debug-file - session manager: watch message received from worker 1. Type: WatchLog
[2026-05-10T12:30:11.063] [DEBUG] debug-file - watch worker: send response to session manager. Response type: WatchLog
[2026-05-10T12:30:11.085] [DEBUG] debug-file - session manager: watch message received from worker 1. Type: WatchLog
[2026-05-10T12:30:11.063] [DEBUG] debug-file - watch worker: send response to session manager. Response type: WatchLog
[2026-05-10T12:30:11.086] [DEBUG] debug-file - session manager: watch message received from worker 1. Type: WatchLog
[2026-05-10T12:30:11.063] [DEBUG] debug-file - watch worker: send response to session manager. Response type: WatchLog
[2026-05-10T12:30:11.087] [DEBUG] debug-file - session manager: watch message received from worker 1. Type: WatchLog
[2026-05-10T12:30:11.063] [DEBUG] debug-file - watch worker: send response to session manager. Response type: WatchLog
[2026-05-10T12:30:11.087] [DEBUG] debug-file - session manager: watch message received from worker 1. Type: WatchLog
[2026-05-10T12:30:11.063] [DEBUG] debug-file - watch worker: send response to session manager. Response type: WatchLog
[2026-05-10T12:30:11.088] [DEBUG] debug-file - session manager: watch message received from worker 1. Type: WatchLog
[2026-05-10T12:30:11.063] [DEBUG] debug-file - watch worker: send response to session manager. Response type: WatchLog
[2026-05-10T12:30:11.088] [DEBUG] debug-file - session manager: watch message received from worker 1. Type: WatchLog
[2026-05-10T12:30:11.063] [DEBUG] debug-file - watch worker: send response to session manager. Response type: WatchLog
[2026-05-10T12:30:11.089] [DEBUG] debug-file - session manager: watch message received from worker 1. Type: WatchLog
[2026-05-10T12:30:11.063] [DEBUG] debug-file - watch worker: send response to session manager. Response type: WatchLog
[2026-05-10T12:30:11.090] [DEBUG] debug-file - session manager: watch message received from worker 1. Type: WatchLog
[2026-05-10T12:30:11.063] [DEBUG] debug-file - watch worker: send response to session manager. Response type: WatchLog
[2026-05-10T12:30:11.090] [DEBUG] debug-file - session manager: watch message received from worker 1. Type: WatchLog
[2026-05-10T12:30:11.063] [DEBUG] debug-file - watch worker: send response to session manager. Response type: WatchLog
[2026-05-10T12:30:11.091] [DEBUG] debug-file - session manager: watch message received from worker 1. Type: WatchLog
[2026-05-10T12:30:11.063] [DEBUG] debug-file - watch worker: send response to session manager. Response type: WatchLog
[2026-05-10T12:30:11.092] [DEBUG] debug-file - session manager: watch message received from worker 1. Type: WatchLog
[2026-05-10T12:30:11.064] [DEBUG] debug-file - watch worker: send response to session manager. Response type: WatchLog
[2026-05-10T12:30:11.092] [DEBUG] debug-file - session manager: watch message received from worker 1. Type: WatchLog
[2026-05-10T12:30:11.064] [DEBUG] debug-file - watch worker: send response to session manager. Response type: WatchLog
[2026-05-10T12:30:11.093] [DEBUG] debug-file - session manager: watch message received from worker 1. Type: WatchLog
[2026-05-10T12:30:11.064] [DEBUG] debug-file - watch worker: send response to session manager. Response type: WatchLog
[2026-05-10T12:30:11.094] [DEBUG] debug-file - session manager: watch message received from worker 1. Type: WatchLog
[2026-05-10T12:30:11.064] [DEBUG] debug-file - watch worker: send response to session manager. Response type: WatchLog
[2026-05-10T12:30:11.094] [DEBUG] debug-file - session manager: watch message received from worker 1. Type: WatchLog
[2026-05-10T12:30:11.064] [DEBUG] debug-file - watch worker: send response to session manager. Response type: WatchLog
[2026-05-10T12:30:11.095] [DEBUG] debug-file - session manager: watch message received from worker 1. Type: WatchLog
[2026-05-10T12:30:11.064] [DEBUG] debug-file - watch worker: send response to session manager. Response type: WatchLog
[2026-05-10T12:30:11.096] [DEBUG] debug-file - session manager: watch message received from worker 1. Type: WatchLog
[2026-05-10T12:30:11.064] [DEBUG] debug-file - watch worker: send response to session manager. Response type: WatchLog
[2026-05-10T12:30:11.097] [DEBUG] debug-file - session manager: watch message received from worker 1. Type: WatchLog
[2026-05-10T12:30:11.547] [DEBUG] debug-file - watch worker: send response to session manager. Response type: WatchResult
[2026-05-10T12:30:11.548] [DEBUG] debug-file - session manager: watch message received from worker 1. Type: WatchResult
[2026-05-10T12:30:11.547] [DEBUG] debug-file - watch worker: send response to session manager. Response type: WatchResult
[2026-05-10T12:30:11.548] [DEBUG] debug-file - session manager: watch message received from worker 1. Type: WatchResult
[2026-05-10T12:30:11.548] [DEBUG] debug-file - Ark compile finished.
[2026-05-10T12:30:11.549] [INFO] debug-file - Finished :entry:default@HotReloadArkTS... after 4 s 755 ms 
[2026-05-10T12:30:11.550] [DEBUG] debug-file - Executing task :entry:default@GeneratePkgModuleJson
[2026-05-10T12:30:11.550] [DEBUG] debug-file - File: 'E:\project\My_project\OpenHarmony\frontend\entry\build\default\intermediates\preload\default\preload.json' from 'preloadSoJsonPath' is not exists, just ignore.
[2026-05-10T12:30:11.551] [DEBUG] debug-file - Error occurs while handling @Input 'shouldDeduplicateHar': The "data" argument must be of type string or an instance of Buffer, TypedArray, or DataView. Received undefined
[2026-05-10T12:30:11.551] [DEBUG] debug-file - Task 'entry:default@GeneratePkgModuleJson' cost while wrapping incremental declarations: 1 ms 
[2026-05-10T12:30:11.551] [DEBUG] debug-file - Incremental task entry:default@GeneratePkgModuleJson pre-execution cost: 1 ms .
[2026-05-10T12:30:11.551] [DEBUG] debug-file - entry : default@GeneratePkgModuleJson cost memory 0.1068115234375
[2026-05-10T12:30:11.551] [INFO] debug-file - UP-TO-DATE :entry:default@GeneratePkgModuleJson...  
[2026-05-10T12:30:11.552] [DEBUG] debug-file - Executing task :entry:default@ProcessCompiledResources
[2026-05-10T12:30:11.552] [DEBUG] debug-file - File: 'E:\project\My_project\OpenHarmony\frontend\entry\build\default\intermediates\preload\default\preload.json' from 'preloadSoJsonPath' is not exists, just ignore.
[2026-05-10T12:30:11.552] [DEBUG] debug-file - Task 'entry:default@ProcessCompiledResources' cost while wrapping incremental declarations: 1 ms 
[2026-05-10T12:30:11.552] [DEBUG] debug-file - entry : default@ProcessCompiledResources cost memory 0.06035614013671875
[2026-05-10T12:30:11.552] [DEBUG] debug-file - runTaskFromQueue task cost before running: 5 s 34 ms 
[2026-05-10T12:30:11.552] [INFO] debug-file - Finished :entry:default@ProcessCompiledResources... after 1 ms 
[2026-05-10T12:30:11.553] [DEBUG] debug-file - Executing task :entry:default@PackageHap
[2026-05-10T12:30:11.557] [DEBUG] debug-file - entry:default@PackageHap is not up-to-date, since the input file 'E:\project\My_project\OpenHarmony\frontend\entry\build\default\intermediates\loader_out\default\ets' has been changed.
[2026-05-10T12:30:11.557] [DEBUG] debug-file - Incremental task entry:default@PackageHap pre-execution cost: 3 ms .
[2026-05-10T12:30:11.558] [DEBUG] debug-file - Use tool [E:\Program Files\Huawei\DevEco Studio\sdk\default\openharmony\toolchains\lib\app_packing_tool.jar]
 [
  'java',
  '-Dfile.encoding=GBK',
  '-jar',
  'E:\\Program Files\\Huawei\\DevEco Studio\\sdk\\default\\openharmony\\toolchains\\lib\\app_packing_tool.jar',
  '--mode',
  'hap',
  '--force',
  'true',
  '--lib-path',
  'E:\\project\\My_project\\OpenHarmony\\frontend\\entry\\build\\default\\intermediates\\stripped_native_libs\\default',
  '--json-path',
  'E:\\project\\My_project\\OpenHarmony\\frontend\\entry\\build\\default\\intermediates\\package\\default\\module.json',
  '--resources-path',
  'E:\\project\\My_project\\OpenHarmony\\frontend\\entry\\build\\default\\intermediates\\res\\default\\resources',
  '--index-path',
  'E:\\project\\My_project\\OpenHarmony\\frontend\\entry\\build\\default\\intermediates\\res\\default\\resources.index',
  '--pack-info-path',
  'E:\\project\\My_project\\OpenHarmony\\frontend\\entry\\build\\default\\outputs\\default\\pack.info',
  '--out-path',
  'E:\\project\\My_project\\OpenHarmony\\frontend\\entry\\build\\default\\outputs\\default\\entry-default-unsigned.hap',
  '--ets-path',
  'E:\\project\\My_project\\OpenHarmony\\frontend\\entry\\build\\default\\intermediates\\loader_out\\default\\ets',
  '--pkg-sdk-info-path',
  'E:\\project\\My_project\\OpenHarmony\\frontend\\entry\\build\\default\\intermediates\\loader\\default\\pkgSdkInfo.json'
]
[2026-05-10T12:30:11.559] [DEBUG] debug-file - default@PackageHap work[1] is submitted.
[2026-05-10T12:30:11.559] [DEBUG] debug-file - default@PackageHap work[1] is pushed to ready queue.
[2026-05-10T12:30:11.559] [DEBUG] debug-file - A work dispatched to worker[15] failed because unable to get work from ready queue.
[2026-05-10T12:30:11.560] [DEBUG] debug-file - default@PackageHap work[1] has been dispatched to worker[14].
[2026-05-10T12:30:11.560] [DEBUG] debug-file - default@PackageHap work[1] is dispatched.
[2026-05-10T12:30:11.561] [DEBUG] debug-file - entry : default@PackageHap cost memory 1.0549468994140625
[2026-05-10T12:30:11.620] [DEBUG] debug-file - current process  memoryUsage: {
  rss: 681361408,
  heapTotal: 81035264,
  heapUsed: 57786984,
  external: 2581003,
  arrayBuffers: 339326
} os memoryUsage :19.703792572021484
[2026-05-10T12:30:11.918] [DEBUG] debug-file - worker[14] has one work done.
[2026-05-10T12:30:11.918] [DEBUG] debug-file - default@PackageHap work[1] done.
[2026-05-10T12:30:11.918] [DEBUG] debug-file - A work dispatched to worker[14] failed because unable to get work from ready queue.
[2026-05-10T12:30:11.919] [INFO] debug-file - Finished :entry:default@PackageHap... after 308 ms 
[2026-05-10T12:30:11.920] [DEBUG] debug-file - Executing task :entry:default@PackingCheck
[2026-05-10T12:30:11.925] [DEBUG] debug-file - entry : default@PackingCheck cost memory 0.361480712890625
[2026-05-10T12:30:11.925] [DEBUG] debug-file - runTaskFromQueue task cost before running: 5 s 407 ms 
[2026-05-10T12:30:11.925] [INFO] debug-file - Finished :entry:default@PackingCheck... after 5 ms 
[2026-05-10T12:30:11.926] [DEBUG] debug-file - Executing task :entry:default@SignHap
[2026-05-10T12:30:11.926] [WARN] debug-file - Will skip sign 'hos_hap'. No signingConfigs profile is configured in current project.
             If needed, configure the signingConfigs in E:\project\My_project\OpenHarmony\frontend\build-profile.json5.
[2026-05-10T12:30:11.927] [DEBUG] debug-file - entry:default@SignHap is not up-to-date, since the input file 'E:\project\My_project\OpenHarmony\frontend\entry\build\default\outputs\default\entry-default-unsigned.hap' has been changed.
[2026-05-10T12:30:11.927] [DEBUG] debug-file - Incremental task entry:default@SignHap pre-execution cost: 1 ms .
[2026-05-10T12:30:11.927] [DEBUG] debug-file - entry : default@SignHap cost memory 0.09238433837890625
[2026-05-10T12:30:11.928] [DEBUG] debug-file - runTaskFromQueue task cost before running: 5 s 410 ms 
[2026-05-10T12:30:11.928] [INFO] debug-file - Finished :entry:default@SignHap... after 2 ms 
[2026-05-10T12:30:11.929] [DEBUG] debug-file - Executing task :entry:default@CollectDebugSymbol
[2026-05-10T12:30:11.929] [DEBUG] debug-file - entry : default@CollectDebugSymbol cost memory 0.09814453125
[2026-05-10T12:30:11.929] [DEBUG] debug-file - runTaskFromQueue task cost before running: 5 s 412 ms 
[2026-05-10T12:30:11.930] [INFO] debug-file - Finished :entry:default@CollectDebugSymbol... after 1 ms 
[2026-05-10T12:30:11.930] [DEBUG] debug-file - Executing task :entry:assembleHap
[2026-05-10T12:30:11.930] [DEBUG] debug-file - entry : assembleHap cost memory 0.0126800537109375
[2026-05-10T12:30:11.930] [DEBUG] debug-file - runTaskFromQueue task cost before running: 5 s 412 ms 
[2026-05-10T12:30:11.930] [INFO] debug-file - Finished :entry:assembleHap... after 1 ms 
[2026-05-10T12:30:11.938] [INFO] debug-file - BUILD SUCCESSFUL in 5 s 420 ms 
[2026-05-10T12:30:11.938] [DEBUG] debug-file - Update task entry:default@PreBuild input file:E:\project\My_project\OpenHarmony\frontend\AppScope\app.json5 cache by regenerate.
[2026-05-10T12:30:11.939] [DEBUG] debug-file - Update task entry:default@PreBuild input file:E:\project\My_project\OpenHarmony\frontend\entry\src\main\module.json5 cache by regenerate.
[2026-05-10T12:30:11.939] [DEBUG] debug-file - Update task entry:default@PreBuild input file:E:\project\My_project\OpenHarmony\frontend\build-profile.json5 cache by regenerate.
[2026-05-10T12:30:11.939] [DEBUG] debug-file - Update task entry:default@PreBuild input file:E:\project\My_project\OpenHarmony\frontend\entry\build-profile.json5 cache by regenerate.
[2026-05-10T12:30:11.939] [DEBUG] debug-file - Update task entry:default@PreBuild input file:E:\project\My_project\OpenHarmony\frontend\entry\src\main\resources\base\profile\main_pages.json cache by regenerate.
[2026-05-10T12:30:11.939] [DEBUG] debug-file - Update task entry:default@PreBuild input file:E:\project\My_project\OpenHarmony\frontend\hvigor\hvigor-config.json5 cache by regenerate.
[2026-05-10T12:30:11.939] [DEBUG] debug-file - Update task entry:default@PreBuild input file:E:\project\My_project\OpenHarmony\frontend\entry\oh-package.json5 cache by regenerate.
[2026-05-10T12:30:11.939] [DEBUG] debug-file - Update task entry:default@PreBuild input file:E:\project\My_project\OpenHarmony\frontend\oh-package.json5 cache by regenerate.
[2026-05-10T12:30:11.939] [DEBUG] debug-file - Incremental task entry:default@PreBuild post-execution cost:2 ms .
[2026-05-10T12:30:11.939] [DEBUG] debug-file - Update task entry:default@CreateModuleInfo output file:E:\project\My_project\OpenHarmony\frontend\entry\build\default\generated\profile\default\ModuleInfo.ts cache.
[2026-05-10T12:30:11.939] [DEBUG] debug-file - Incremental task entry:default@CreateModuleInfo post-execution cost:1 ms .
[2026-05-10T12:30:11.939] [DEBUG] debug-file - There is no need to refresh cache, since the incremental task entry:default@GenerateMetadata is up-to-date.
[2026-05-10T12:30:11.939] [DEBUG] debug-file - There is no need to refresh cache, since the incremental task entry:default@MergeProfile is up-to-date.
[2026-05-10T12:30:11.939] [DEBUG] debug-file - There is no need to refresh cache, since the incremental task entry:default@CreateBuildProfile is up-to-date.
[2026-05-10T12:30:11.939] [DEBUG] debug-file - Update task entry:default@GeneratePkgContextInfo output file:E:\project\My_project\OpenHarmony\frontend\entry\build\default\intermediates\loader\default\pkgContextInfo.json cache.
[2026-05-10T12:30:11.940] [DEBUG] debug-file - Incremental task entry:default@GeneratePkgContextInfo post-execution cost:1 ms .
[2026-05-10T12:30:11.940] [DEBUG] debug-file - There is no need to refresh cache, since the incremental task entry:default@GeneratePkgSdkInfo is up-to-date.
[2026-05-10T12:30:11.940] [DEBUG] debug-file - Update task entry:default@ProcessIntegratedHsp output file:E:\project\My_project\OpenHarmony\frontend\build\cache\default\integrated_hsp\integratedHspCache.json cache.
[2026-05-10T12:30:11.940] [DEBUG] debug-file - Incremental task entry:default@ProcessIntegratedHsp post-execution cost:1 ms .
[2026-05-10T12:30:11.940] [DEBUG] debug-file - There is no need to refresh cache, since the incremental task entry:default@MakePackInfo is up-to-date.
[2026-05-10T12:30:11.940] [DEBUG] debug-file - Update task entry:default@SyscapTransform input file:E:\Program Files\Huawei\DevEco Studio\sdk\default\openharmony\toolchains\syscap_tool.exe cache by regenerate.
[2026-05-10T12:30:11.940] [DEBUG] debug-file - Update task entry:default@SyscapTransform input file:E:\Program Files\Huawei\DevEco Studio\sdk\default\openharmony\ets\api\device-define cache by regenerate.
[2026-05-10T12:30:11.940] [DEBUG] debug-file - Update task entry:default@SyscapTransform output file:E:\project\My_project\OpenHarmony\frontend\entry\build\default\intermediates\syscap\default\rpcid.sc cache.
[2026-05-10T12:30:11.940] [DEBUG] debug-file - Incremental task entry:default@SyscapTransform post-execution cost:1 ms .
[2026-05-10T12:30:11.940] [DEBUG] debug-file - There is no need to refresh cache, since the incremental task entry:default@ProcessProfile is up-to-date.
[2026-05-10T12:30:11.941] [DEBUG] debug-file - There is no need to refresh cache, since the incremental task entry:default@ProcessRouterMap is up-to-date.
[2026-05-10T12:30:11.941] [DEBUG] debug-file - There is no need to refresh cache, since the incremental task entry:default@ProcessShareConfig is up-to-date.
[2026-05-10T12:30:11.941] [DEBUG] debug-file - Update task entry:default@ProcessStartupConfig output file:E:\project\My_project\OpenHarmony\frontend\entry\build\default\intermediates\startup\default\startup_config.json cache.
[2026-05-10T12:30:11.941] [DEBUG] debug-file - Incremental task entry:default@ProcessStartupConfig post-execution cost:1 ms .
[2026-05-10T12:30:11.941] [DEBUG] debug-file - There is no need to refresh cache, since the incremental task entry:default@ProcessResource is up-to-date.
[2026-05-10T12:30:11.941] [DEBUG] debug-file - Update task entry:default@GenerateLoaderJson input file:E:\project\My_project\OpenHarmony\frontend\entry\build\default\intermediates\router_map\default\temp-router-map.json cache by regenerate.
[2026-05-10T12:30:11.941] [DEBUG] debug-file - Update task entry:default@GenerateLoaderJson output file:E:\project\My_project\OpenHarmony\frontend\entry\build\default\intermediates\loader\default\loader.json cache.
[2026-05-10T12:30:11.942] [DEBUG] debug-file - Incremental task entry:default@GenerateLoaderJson post-execution cost:1 ms .
[2026-05-10T12:30:11.942] [DEBUG] debug-file - There is no need to refresh cache, since the incremental task entry:default@ProcessLibs is up-to-date.
[2026-05-10T12:30:11.942] [DEBUG] debug-file - There is no need to refresh cache, since the incremental task entry:default@CompileResource is up-to-date.
[2026-05-10T12:30:11.942] [DEBUG] debug-file - There is no need to refresh cache, since the incremental task entry:default@DoNativeStrip is up-to-date.
[2026-05-10T12:30:11.942] [DEBUG] debug-file - Update task entry:default@BuildJS input file:E:\project\My_project\OpenHarmony\frontend\entry\build\default\intermediates\loader\default cache by regenerate.
[2026-05-10T12:30:11.942] [DEBUG] debug-file - Update task entry:default@BuildJS input file:E:\project\My_project\OpenHarmony\frontend\entry\build\default\intermediates\res\default\resources\rawfile cache by regenerate.
[2026-05-10T12:30:11.942] [DEBUG] debug-file - Update task entry:default@BuildJS input file:E:\project\My_project\OpenHarmony\frontend\entry\build\default\intermediates\res\default\ResourceTable.txt cache by regenerate.
[2026-05-10T12:30:11.943] [DEBUG] debug-file - Update task entry:default@BuildJS input file:E:\project\My_project\OpenHarmony\frontend\entry\build\default\intermediates\res\default\ark_module.json cache by regenerate.
[2026-05-10T12:30:11.943] [DEBUG] debug-file - Update task entry:default@BuildJS input file:E:\project\My_project\OpenHarmony\frontend\entry\build\default\intermediates\res\default\resources\base\profile cache by regenerate.
[2026-05-10T12:30:11.943] [DEBUG] debug-file - Update task entry:default@BuildJS output file:E:\project\My_project\OpenHarmony\frontend\entry\build\default\intermediates\loader_out\default\js cache.
[2026-05-10T12:30:11.943] [DEBUG] debug-file - Incremental task entry:default@BuildJS post-execution cost:2 ms .
[2026-05-10T12:30:11.943] [DEBUG] debug-file - Update task entry:default@CacheNativeLibs input file:E:\project\My_project\OpenHarmony\frontend\entry\build\default\intermediates\stripped_native_libs\default cache by regenerate.
[2026-05-10T12:30:11.943] [DEBUG] debug-file - Update task entry:default@CacheNativeLibs input file:E:\project\My_project\OpenHarmony\frontend\entry\build\default\intermediates\libs\default cache by regenerate.
[2026-05-10T12:30:11.943] [DEBUG] debug-file - Update task entry:default@CacheNativeLibs output file:E:\project\My_project\OpenHarmony\frontend\entry\build\default\intermediates\patch\default\base_native_libs.json cache.
[2026-05-10T12:30:11.943] [DEBUG] debug-file - Update task entry:default@CacheNativeLibs output file:E:\project\My_project\OpenHarmony\frontend\entry\build\default\intermediates\patch\default\binxo_native_libs.json cache.
[2026-05-10T12:30:11.944] [DEBUG] debug-file - Incremental task entry:default@CacheNativeLibs post-execution cost:1 ms .
[2026-05-10T12:30:11.944] [DEBUG] debug-file - Update task entry:default@HotReloadArkTS input file:E:\project\My_project\OpenHarmony\frontend\entry\build\default\intermediates\loader\default cache from map.
[2026-05-10T12:30:11.944] [DEBUG] debug-file - Update task entry:default@HotReloadArkTS input file:E:\project\My_project\OpenHarmony\frontend\entry\build\default\intermediates\res\default\resources\rawfile cache by regenerate.
[2026-05-10T12:30:11.944] [DEBUG] debug-file - Update task entry:default@HotReloadArkTS input file:E:\project\My_project\OpenHarmony\frontend\entry\build\default\intermediates\res\default\ResourceTable.txt cache by regenerate.
[2026-05-10T12:30:11.944] [DEBUG] debug-file - Update task entry:default@HotReloadArkTS input file:E:\project\My_project\OpenHarmony\frontend\entry\build\default\intermediates\res\default\ark_module.json cache by regenerate.
[2026-05-10T12:30:11.945] [DEBUG] debug-file - Update task entry:default@HotReloadArkTS input file:E:\project\My_project\OpenHarmony\frontend\entry\build\default\intermediates\res\default\resources\base\profile cache by regenerate.
[2026-05-10T12:30:11.945] [DEBUG] debug-file - Update task entry:default@HotReloadArkTS input file:E:\project\My_project\OpenHarmony\frontend\entry\src\main\ets cache by regenerate.
[2026-05-10T12:30:11.948] [DEBUG] debug-file - Update task entry:default@HotReloadArkTS input file:E:\project\My_project\OpenHarmony\frontend\entry\build\default\generated\profile\default\BuildProfile.ets cache by regenerate.
[2026-05-10T12:30:11.948] [DEBUG] debug-file - Update task entry:default@HotReloadArkTS output file:E:\project\My_project\OpenHarmony\frontend\entry\build\default\intermediates\loader_out\default\ets cache.
[2026-05-10T12:30:11.948] [DEBUG] debug-file - Incremental task entry:default@HotReloadArkTS post-execution cost:5 ms .
[2026-05-10T12:30:11.948] [DEBUG] debug-file - There is no need to refresh cache, since the incremental task entry:default@GeneratePkgModuleJson is up-to-date.
[2026-05-10T12:30:11.948] [DEBUG] debug-file - Incremental task entry:default@ProcessCompiledResources post-execution cost:1 ms .
[2026-05-10T12:30:11.948] [DEBUG] debug-file - Update task entry:default@PackageHap input file:E:\project\My_project\OpenHarmony\frontend\entry\build\default\intermediates\stripped_native_libs\default cache by regenerate.
[2026-05-10T12:30:11.948] [DEBUG] debug-file - Update task entry:default@PackageHap input file:E:\project\My_project\OpenHarmony\frontend\entry\build\default\intermediates\res\default\module.json cache by regenerate.
[2026-05-10T12:30:11.948] [DEBUG] debug-file - Update task entry:default@PackageHap input file:E:\project\My_project\OpenHarmony\frontend\entry\build\default\intermediates\res\default\resources cache by regenerate.
[2026-05-10T12:30:11.949] [DEBUG] debug-file - Update task entry:default@PackageHap input file:E:\project\My_project\OpenHarmony\frontend\entry\build\default\intermediates\res\default\resources.index cache by regenerate.
[2026-05-10T12:30:11.949] [DEBUG] debug-file - Update task entry:default@PackageHap input file:E:\project\My_project\OpenHarmony\frontend\entry\build\default\outputs\default\pack.info cache by regenerate.
[2026-05-10T12:30:11.949] [DEBUG] debug-file - Update task entry:default@PackageHap input file:E:\project\My_project\OpenHarmony\frontend\entry\build\default\intermediates\loader_out\default\ets cache from map.
[2026-05-10T12:30:11.949] [DEBUG] debug-file - Update task entry:default@PackageHap input file:E:\project\My_project\OpenHarmony\frontend\entry\build\default\intermediates\loader\default\pkgSdkInfo.json cache by regenerate.
[2026-05-10T12:30:11.950] [DEBUG] debug-file - Update task entry:default@PackageHap input file:E:\project\My_project\OpenHarmony\frontend\entry\build\default\intermediates\loader_out\default\ets\sourceMaps.map cache by regenerate.
[2026-05-10T12:30:11.950] [DEBUG] debug-file - Update task entry:default@PackageHap input file:E:\project\My_project\OpenHarmony\frontend\entry\build\default\generated\profile\default\BuildProfile.ets cache by regenerate.
[2026-05-10T12:30:11.950] [DEBUG] debug-file - Update task entry:default@PackageHap output file:E:\project\My_project\OpenHarmony\frontend\entry\build\default\outputs\default\entry-default-unsigned.hap cache.
[2026-05-10T12:30:11.950] [DEBUG] debug-file - Update task entry:default@PackageHap output file:E:\project\My_project\OpenHarmony\frontend\entry\build\default\intermediates\source_map\default\sourceMaps.map cache.
[2026-05-10T12:30:11.950] [DEBUG] debug-file - Update task entry:default@PackageHap output file:E:\project\My_project\OpenHarmony\frontend\entry\build\default\outputs\default\mapping\sourceMaps.map cache.
[2026-05-10T12:30:11.950] [DEBUG] debug-file - Incremental task entry:default@PackageHap post-execution cost:3 ms .
[2026-05-10T12:30:11.950] [DEBUG] debug-file - Update task entry:default@SignHap input file:E:\project\My_project\OpenHarmony\frontend\entry\build\default\outputs\default\entry-default-unsigned.hap cache from map.
[2026-05-10T12:30:11.950] [DEBUG] debug-file - Update task entry:default@SignHap output file:E:\project\My_project\OpenHarmony\frontend\entry\build\default\outputs\default\entry-default-signed.hap cache.
[2026-05-10T12:30:11.950] [DEBUG] debug-file - Incremental task entry:default@SignHap post-execution cost:1 ms .
[2026-05-10T12:30:11.951] [DEBUG] debug-file - Update task entry:default@CollectDebugSymbol input file:E:\project\My_project\OpenHarmony\frontend\entry\build\default\intermediates\loader_out\default\ets\sourceMaps.map cache by regenerate.
[2026-05-10T12:30:11.951] [DEBUG] debug-file - Update task entry:default@CollectDebugSymbol input file:E:\project\My_project\OpenHarmony\frontend\entry\build\default\intermediates\libs\default cache by regenerate.
[2026-05-10T12:30:11.951] [DEBUG] debug-file - Update task entry:default@CollectDebugSymbol output file:E:\project\My_project\OpenHarmony\frontend\entry\build\default\outputs\default\symbol cache.
[2026-05-10T12:30:11.951] [DEBUG] debug-file - Incremental task entry:default@CollectDebugSymbol post-execution cost:1 ms .
[2026-05-10T12:30:11.970] [DEBUG] debug-file - Cleanup worker 14.
[2026-05-10T12:30:11.971] [DEBUG] debug-file - Worker 14 has been cleaned up.
[2026-05-10T12:30:11.971] [DEBUG] debug-file - Current idle worker size: 0.
[2026-05-10T12:30:11.971] [DEBUG] debug-file - Current resident worker size: 1.
[2026-05-10T12:30:11.971] [DEBUG] debug-file - hvigor build process will be closed.
[2026-05-10T12:30:11.977] [DEBUG] debug-file - worker[14] exits with exit code 1.
[2026-05-10T12:34:03.434] [DEBUG] debug-file - watch worker: send response to session manager. Response type: WatchStart
[2026-05-10T12:34:03.436] [DEBUG] debug-file - session manager: watch message received from worker 1. Type: WatchStart
[2026-05-10T12:34:31.979] [DEBUG] debug-file - env: nodejsVersion=v24.15.0
[2026-05-10T12:34:32.177] [DEBUG] debug-file - env: daemon=true
[2026-05-10T12:34:31.980] [DEBUG] debug-file - env: hvigor-config.json5 content = { modelVersion: '5.0.0', dependencies: {} }
[2026-05-10T12:34:32.548] [DEBUG] debug-file - java daemon tryConnect failed Error: connect ECONNREFUSED 127.0.0.1:45050
[2026-05-10T12:34:32.559] [DEBUG] debug-file - java daemon started at port 45050 pid 19488
[2026-05-10T12:34:32.576] [DEBUG] debug-file - session manager: set active socket. socketId=A00NKT2z5_N-TSQRAAAB
[2026-05-10T12:34:32.650] [DEBUG] debug-file - javaProcess on stderr
[2026-05-10T12:34:32.674] [DEBUG] debug-file - java daemon exit code:1 signal:null
[2026-05-10T12:34:32.946] [DEBUG] debug-file - watch worker: worker id should be larger than 0. Nothing will be sent to any worker thread.
[2026-05-10T12:34:32.949] [DEBUG] debug-file - Since there is no instance or instance is terminated, create a new worker pool.
[2026-05-10T12:34:32.949] [DEBUG] debug-file - Worker pool is initialized with config:  {
  minPoolNum: 2,
  maxPoolNum: undefined,
  maxCoreSize: undefined,
  cacheCapacity: undefined,
  cacheTtl: undefined
}
[2026-05-10T12:34:32.950] [DEBUG] debug-file - Create  resident worker with id: 0.
[2026-05-10T12:34:32.951] [DEBUG] debug-file - Create  resident worker with id: 1.
[2026-05-10T12:34:32.952] [DEBUG] debug-file - Workers' log level updated to INFO
[2026-05-10T12:34:32.957] [DEBUG] debug-file - Hvigor init with startParameters:{
  hvigorfileTypeCheck: false,
  parallelExecution: true,
  incrementalExecution: true,
  printStackTrace: false,
  daemon: true,
  analyze: 0,
  logLevel: Level { level: 20000, levelStr: 'INFO', colour: 'green' },
  optimizationStrategy: 'memory',
  hotCompile: undefined,
  hotReloadBuild: undefined,
  customizedParam: undefined
}
[2026-05-10T12:34:32.962] [DEBUG] debug-file - Cache service initialization finished in 5 ms 
[2026-05-10T12:34:32.964] [DEBUG] debug-file - hvigorfile, resolving E:\project\My_project\OpenHarmony\frontend\hvigorfile.ts
[2026-05-10T12:34:33.997] [DEBUG] debug-file - hvigorfile, require result:  { default: { plugins: [] } }
[2026-05-10T12:34:33.997] [DEBUG] debug-file - hvigorfile, binding system plugins null
[2026-05-10T12:34:33.997] [DEBUG] debug-file - Starting plugin build process
[2026-05-10T12:34:33.997] [DEBUG] debug-file - App plugin prepare start...
[2026-05-10T12:34:33.998] [DEBUG] debug-file - App plugin prepare end...
[2026-05-10T12:34:33.998] [DEBUG] debug-file - App plugin creating...
[2026-05-10T12:34:34.118] [DEBUG] debug-file - App plugin register hook start...
[2026-05-10T12:34:34.118] [DEBUG] debug-file - App plugin register hook end...
[2026-05-10T12:34:34.118] [DEBUG] debug-file - Plugin build process completed
[2026-05-10T12:34:34.119] [DEBUG] debug-file - Start initialize project's product build option map with build mode debug.
[2026-05-10T12:34:34.119] [DEBUG] debug-file - Picking option from product 'default' with build mode 'debug'.
[2026-05-10T12:34:34.119] [DEBUG] debug-file - Product 'default' build option initialized
[2026-05-10T12:34:34.119] [DEBUG] debug-file - End initialize project's product build option map with build mode 'debug'.
[2026-05-10T12:34:34.120] [DEBUG] debug-file - Obtain build option for product 'default'in this build.
[2026-05-10T12:34:34.121] [DEBUG] debug-file - No signingConfig found, initRemoteHspCache failed.
[2026-05-10T12:34:34.123] [DEBUG] debug-file - Local scan or download HarmonyOS sdk components toolchains,ets,js,native,previewer
[2026-05-10T12:34:34.124] [DEBUG] debug-file - Local scan or download hmscore sdk components toolchains,ets,native
[2026-05-10T12:34:34.126] [DEBUG] debug-file - Start recording SDK configuration permission data.
[2026-05-10T12:34:34.152] [DEBUG] debug-file - Sdk init in 31 ms 
[2026-05-10T12:34:34.157] [DEBUG] debug-file - Project task initialization takes 4 ms 
[2026-05-10T12:34:34.157] [DEBUG] debug-file - hvigorfile, begin to bind custom plugins...
[2026-05-10T12:34:34.157] [DEBUG] debug-file - hvigorfile, no custom plugins were found in E:\project\My_project\OpenHarmony\frontend\hvigorfile.ts
[2026-05-10T12:34:34.157] [DEBUG] debug-file - hvigorfile, resolve finished E:\project\My_project\OpenHarmony\frontend\hvigorfile.ts
[2026-05-10T12:34:34.158] [DEBUG] debug-file - hvigorfile, resolving E:\project\My_project\OpenHarmony\frontend\entry\hvigorfile.ts
[2026-05-10T12:34:34.162] [DEBUG] debug-file - hvigorfile, require result:  { default: { plugins: [] } }
[2026-05-10T12:34:34.162] [DEBUG] debug-file - hvigorfile, binding system plugins null
[2026-05-10T12:34:34.162] [DEBUG] debug-file - Starting plugin build process
[2026-05-10T12:34:34.162] [DEBUG] debug-file - Hap plugin creating...
[2026-05-10T12:34:34.163] [DEBUG] debug-file - failed to load cangjie to dynamically generate schemas: Error: Cannot find module '@ohos/cangjie-build-support/index'
Require stack:
- E:\Program Files\Huawei\DevEco Studio\tools\hvigor\hvigor-ohos-plugin\src\plugin\hooks\cangjie-register.js
- E:\Program Files\Huawei\DevEco Studio\tools\hvigor\hvigor-ohos-plugin\src\plugin\strategy\stage-init-strategy.js
- E:\Program Files\Huawei\DevEco Studio\tools\hvigor\hvigor-ohos-plugin\src\plugin\builder\abstract-plugin-builder.js
- E:\Program Files\Huawei\DevEco Studio\tools\hvigor\hvigor-ohos-plugin\src\plugin\builder\app-plugin-builder.js
- E:\Program Files\Huawei\DevEco Studio\tools\hvigor\hvigor-ohos-plugin\src\plugin\factory\plugin-factory.js
- E:\Program Files\Huawei\DevEco Studio\tools\hvigor\hvigor-ohos-plugin\index.js
- E:\project\My_project\OpenHarmony\frontend\hvigorfile.ts
- E:\Program Files\Huawei\DevEco Studio\tools\hvigor\hvigor\src\base\internal\lifecycle\configuration.js
- E:\Program Files\Huawei\DevEco Studio\tools\hvigor\hvigor\src\base\boot\index.js
- E:\Program Files\Huawei\DevEco Studio\tools\hvigor\hvigor\src\base\daemon\cluster\worker-process-lifecycle.js
- E:\Program Files\Huawei\DevEco Studio\tools\hvigor\hvigor\src\base\daemon\process\daemon-process-boot-script.js
[2026-05-10T12:34:34.168] [DEBUG] debug-file - Start initialize module-target build option map, moduleName=entry, buildMode=debug
[2026-05-10T12:34:34.168] [DEBUG] debug-file - Target 'default' config initialized
[2026-05-10T12:34:34.169] [DEBUG] debug-file - Module 'entry' target 'default' build option initialized
[2026-05-10T12:34:34.169] [DEBUG] debug-file - End initialize module-target build option map, moduleName=entry
[2026-05-10T12:34:34.169] [DEBUG] debug-file - Start initialize module-target build option map, moduleName=entry, buildMode=release
[2026-05-10T12:34:34.169] [DEBUG] debug-file - Target 'default' config initialized
[2026-05-10T12:34:34.169] [DEBUG] debug-file - Module 'entry' target 'default' build option initialized
[2026-05-10T12:34:34.169] [DEBUG] debug-file - End initialize module-target build option map, moduleName=entry
[2026-05-10T12:34:34.169] [DEBUG] debug-file - Start initialize module-target build option map, moduleName=entry, buildMode=debug
[2026-05-10T12:34:34.169] [DEBUG] debug-file - Target 'default' config initialized
[2026-05-10T12:34:34.169] [DEBUG] debug-file - Module 'entry' target 'default' build option initialized
[2026-05-10T12:34:34.169] [DEBUG] debug-file - End initialize module-target build option map, moduleName=entry
[2026-05-10T12:34:34.169] [DEBUG] debug-file - Obtain build option for module 'entry' target 'default'in this build.
[2026-05-10T12:34:34.172] [DEBUG] debug-file - Module entry task initialization takes 3 ms 
[2026-05-10T12:34:34.172] [DEBUG] debug-file - Hap plugin register hook start...
[2026-05-10T12:34:34.172] [DEBUG] debug-file - Hap plugin register hook end...
[2026-05-10T12:34:34.172] [DEBUG] debug-file - Plugin build process completed
[2026-05-10T12:34:34.172] [DEBUG] debug-file - hvigorfile, begin to bind custom plugins...
[2026-05-10T12:34:34.172] [DEBUG] debug-file - hvigorfile, no custom plugins were found in E:\project\My_project\OpenHarmony\frontend\entry\hvigorfile.ts
[2026-05-10T12:34:34.172] [DEBUG] debug-file - hvigorfile, resolve finished E:\project\My_project\OpenHarmony\frontend\entry\hvigorfile.ts
[2026-05-10T12:34:34.186] [DEBUG] debug-file - hvigorfile, resolve hvigorfile dependencies in 14 ms 
[2026-05-10T12:34:34.186] [DEBUG] debug-file - project has submodules:entry
[2026-05-10T12:34:34.187] [DEBUG] debug-file - start to load updatedOhPackageInfo to the disk
[2026-05-10T12:34:34.188] [DEBUG] debug-file - load to the disk finished
[2026-05-10T12:34:34.189] [DEBUG] debug-file - Start to initialize dependency information.
[2026-05-10T12:34:34.190] [DEBUG] debug-file - Module frontend Collected Dependency: 
[2026-05-10T12:34:34.190] [DEBUG] debug-file - Module frontend's total dependency: 0
[2026-05-10T12:34:34.191] [DEBUG] debug-file - Start to initialize dependency information.
[2026-05-10T12:34:34.193] [DEBUG] debug-file - Module entry Collected Dependency: 
[2026-05-10T12:34:34.193] [DEBUG] debug-file - Module entry's total dependency: 0
[2026-05-10T12:34:34.195] [DEBUG] debug-file - Configuration phase cost:1 s 233 ms 
[2026-05-10T12:34:34.197] [DEBUG] debug-file - Configuration task cost before running: 1 s 244 ms 
[2026-05-10T12:34:34.202] [DEBUG] debug-file - Executing task :entry:default@PreBuild
[2026-05-10T12:34:34.205] [DEBUG] debug-file - Task 'entry:default@PreBuild' cost while wrapping incremental declarations: 1 ms 
[2026-05-10T12:34:34.209] [DEBUG] debug-file - entry:default@PreBuild is not up-to-date, since the task snapshots are different.
[2026-05-10T12:34:34.209] [DEBUG] debug-file - Incremental task entry:default@PreBuild pre-execution cost: 3 ms .
[2026-05-10T12:34:34.297] [DEBUG] debug-file - current product is not Atomic service.
[2026-05-10T12:34:34.297] [DEBUG] debug-file - Use tool [win32: JAVA_HOME, CLASSPATH]
 [
  { JAVA_HOME: 'C:\\Program Files\\Java\\jdk-17' },
  { CLASSPATH: undefined }
]
[2026-05-10T12:34:34.297] [DEBUG] debug-file - Use tool [win32: NODE_HOME]
 [ { NODE_HOME: undefined } ]
[2026-05-10T12:34:34.298] [DEBUG] debug-file - entry : default@PreBuild cost memory 7.9250030517578125
[2026-05-10T12:34:34.298] [DEBUG] debug-file - runTaskFromQueue task cost before running: 1 s 345 ms 
[2026-05-10T12:34:34.299] [INFO] debug-file - Finished :entry:default@PreBuild... after 96 ms 
[2026-05-10T12:34:34.301] [DEBUG] debug-file - Executing task :entry:default@CreateModuleInfo
[2026-05-10T12:34:34.301] [DEBUG] debug-file - Task 'entry:default@CreateModuleInfo' cost while wrapping incremental declarations: 1 ms 
[2026-05-10T12:34:34.301] [DEBUG] debug-file - entry : default@CreateModuleInfo cost memory 0.05867767333984375
[2026-05-10T12:34:34.301] [DEBUG] debug-file - runTaskFromQueue task cost before running: 1 s 349 ms 
[2026-05-10T12:34:34.301] [INFO] debug-file - Finished :entry:default@CreateModuleInfo... after 1 ms 
[2026-05-10T12:34:34.302] [DEBUG] debug-file - Executing task :entry:default@GenerateMetadata
[2026-05-10T12:34:34.303] [DEBUG] debug-file - Task 'entry:default@GenerateMetadata' cost while wrapping incremental declarations: 1 ms 
[2026-05-10T12:34:34.303] [DEBUG] debug-file - Incremental task entry:default@GenerateMetadata pre-execution cost: 1 ms .
[2026-05-10T12:34:34.304] [DEBUG] debug-file - entry : default@GenerateMetadata cost memory 0.14235687255859375
[2026-05-10T12:34:34.304] [INFO] debug-file - UP-TO-DATE :entry:default@GenerateMetadata...  
[2026-05-10T12:34:34.304] [DEBUG] debug-file - Executing task :entry:default@ConfigureCmake
[2026-05-10T12:34:34.304] [DEBUG] debug-file - entry : default@ConfigureCmake cost memory 0.01757049560546875
[2026-05-10T12:34:34.304] [DEBUG] debug-file - runTaskFromQueue task cost before running: 1 s 352 ms 
[2026-05-10T12:34:34.305] [INFO] debug-file - Finished :entry:default@ConfigureCmake... after 1 ms 
[2026-05-10T12:34:34.305] [DEBUG] debug-file - Executing task :entry:default@MergeProfile
[2026-05-10T12:34:34.306] [DEBUG] debug-file - Task 'entry:default@MergeProfile' cost while wrapping incremental declarations: 1 ms 
[2026-05-10T12:34:34.307] [DEBUG] debug-file - Incremental task entry:default@MergeProfile pre-execution cost: 1 ms .
[2026-05-10T12:34:34.307] [DEBUG] debug-file - entry : default@MergeProfile cost memory 0.7680816650390625
[2026-05-10T12:34:34.307] [INFO] debug-file - UP-TO-DATE :entry:default@MergeProfile...  
[2026-05-10T12:34:34.307] [DEBUG] debug-file - Executing task :entry:default@CreateBuildProfile
[2026-05-10T12:34:34.308] [DEBUG] debug-file - Task 'entry:default@CreateBuildProfile' cost while wrapping incremental declarations: 1 ms 
[2026-05-10T12:34:34.308] [DEBUG] debug-file - Incremental task entry:default@CreateBuildProfile pre-execution cost: 1 ms .
[2026-05-10T12:34:34.309] [DEBUG] debug-file - entry : default@CreateBuildProfile cost memory 0.123809814453125
[2026-05-10T12:34:34.309] [INFO] debug-file - UP-TO-DATE :entry:default@CreateBuildProfile...  
[2026-05-10T12:34:34.309] [DEBUG] debug-file - Executing task :entry:default@PreCheckSyscap
[2026-05-10T12:34:34.309] [DEBUG] debug-file - entry : default@PreCheckSyscap cost memory 0.02008056640625
[2026-05-10T12:34:34.310] [DEBUG] debug-file - runTaskFromQueue task cost before running: 1 s 357 ms 
[2026-05-10T12:34:34.310] [INFO] debug-file - Finished :entry:default@PreCheckSyscap... after 1 ms 
[2026-05-10T12:34:34.311] [DEBUG] debug-file - Executing task :entry:default@GeneratePkgContextInfo
[2026-05-10T12:34:34.315] [DEBUG] debug-file - Task 'entry:default@GeneratePkgContextInfo' cost while wrapping incremental declarations: 1 ms 
[2026-05-10T12:34:34.316] [DEBUG] debug-file - entry : default@GeneratePkgContextInfo cost memory 0.3526763916015625
[2026-05-10T12:34:34.316] [DEBUG] debug-file - runTaskFromQueue task cost before running: 1 s 363 ms 
[2026-05-10T12:34:34.316] [INFO] debug-file - Finished :entry:default@GeneratePkgContextInfo... after 6 ms 
[2026-05-10T12:34:34.316] [DEBUG] debug-file - Executing task :entry:default@GeneratePkgSdkInfo
[2026-05-10T12:34:34.318] [DEBUG] debug-file - Task 'entry:default@GeneratePkgSdkInfo' cost while wrapping incremental declarations: 1 ms 
[2026-05-10T12:34:34.318] [DEBUG] debug-file - Incremental task entry:default@GeneratePkgSdkInfo pre-execution cost: 1 ms .
[2026-05-10T12:34:34.319] [DEBUG] debug-file - entry : default@GeneratePkgSdkInfo cost memory 0.15123748779296875
[2026-05-10T12:34:34.319] [INFO] debug-file - UP-TO-DATE :entry:default@GeneratePkgSdkInfo...  
[2026-05-10T12:34:34.321] [DEBUG] debug-file - Executing task :entry:default@ProcessIntegratedHsp
[2026-05-10T12:34:34.321] [DEBUG] debug-file - entry:default@ProcessIntegratedHsp is not up-to-date, since the output file 'E:\project\My_project\OpenHarmony\frontend\build\cache\default\integrated_hsp\integratedHspCache.json' does not exist.
[2026-05-10T12:34:34.321] [DEBUG] debug-file - Incremental task entry:default@ProcessIntegratedHsp pre-execution cost: 1 ms .
[2026-05-10T12:34:34.322] [DEBUG] debug-file - entry : default@ProcessIntegratedHsp cost memory 0.060699462890625
[2026-05-10T12:34:34.322] [DEBUG] debug-file - runTaskFromQueue task cost before running: 1 s 369 ms 
[2026-05-10T12:34:34.322] [INFO] debug-file - Finished :entry:default@ProcessIntegratedHsp... after 1 ms 
[2026-05-10T12:34:34.323] [DEBUG] debug-file - Executing task :entry:default@BuildNativeWithCmake
[2026-05-10T12:34:34.323] [DEBUG] debug-file - entry : default@BuildNativeWithCmake cost memory 0.0179290771484375
[2026-05-10T12:34:34.323] [DEBUG] debug-file - runTaskFromQueue task cost before running: 1 s 371 ms 
[2026-05-10T12:34:34.324] [INFO] debug-file - Finished :entry:default@BuildNativeWithCmake... after 1 ms 
[2026-05-10T12:34:34.324] [DEBUG] debug-file - Executing task :entry:default@MakePackInfo
[2026-05-10T12:34:34.326] [DEBUG] debug-file - Incremental task entry:default@MakePackInfo pre-execution cost: 1 ms .
[2026-05-10T12:34:34.326] [DEBUG] debug-file - entry : default@MakePackInfo cost memory -0.31795501708984375
[2026-05-10T12:34:34.326] [INFO] debug-file - UP-TO-DATE :entry:default@MakePackInfo...  
[2026-05-10T12:34:34.327] [DEBUG] debug-file - Executing task :entry:default@SyscapTransform
[2026-05-10T12:34:34.327] [DEBUG] debug-file - File: 'E:\project\My_project\OpenHarmony\frontend\entry\src\main\syscap.json' from 'sysCapJsonPath' is not exists, just ignore.
[2026-05-10T12:34:34.327] [DEBUG] debug-file - Task 'entry:default@SyscapTransform' cost while wrapping incremental declarations: 1 ms 
[2026-05-10T12:34:34.337] [DEBUG] debug-file - entry:default@SyscapTransform is not up-to-date, since the output file 'E:\project\My_project\OpenHarmony\frontend\entry\build\default\intermediates\syscap\default\rpcid.sc' does not exist.
[2026-05-10T12:34:34.338] [DEBUG] debug-file - Incremental task entry:default@SyscapTransform pre-execution cost: 10 ms .
[2026-05-10T12:34:34.338] [DEBUG] debug-file - entry : default@SyscapTransform cost memory 0.16515350341796875
[2026-05-10T12:34:34.338] [DEBUG] debug-file - runTaskFromQueue task cost before running: 1 s 386 ms 
[2026-05-10T12:34:34.338] [INFO] debug-file - Finished :entry:default@SyscapTransform... after 12 ms 
[2026-05-10T12:34:34.340] [DEBUG] debug-file - Executing task :entry:default@ProcessProfile
[2026-05-10T12:34:34.340] [DEBUG] debug-file - Task 'entry:default@ProcessProfile' cost while wrapping incremental declarations: 1 ms 
[2026-05-10T12:34:34.341] [DEBUG] debug-file - Incremental task entry:default@ProcessProfile pre-execution cost: 1 ms .
[2026-05-10T12:34:34.341] [DEBUG] debug-file - entry : default@ProcessProfile cost memory 0.1592864990234375
[2026-05-10T12:34:34.341] [INFO] debug-file - UP-TO-DATE :entry:default@ProcessProfile...  
[2026-05-10T12:34:34.342] [DEBUG] debug-file - Executing task :entry:default@ProcessRouterMap
[2026-05-10T12:34:34.344] [DEBUG] debug-file - Incremental task entry:default@ProcessRouterMap pre-execution cost: 1 ms .
[2026-05-10T12:34:34.344] [DEBUG] debug-file - entry : default@ProcessRouterMap cost memory 0.13468170166015625
[2026-05-10T12:34:34.345] [INFO] debug-file - UP-TO-DATE :entry:default@ProcessRouterMap...  
[2026-05-10T12:34:34.345] [DEBUG] debug-file - Executing task :entry:default@ProcessShareConfig
[2026-05-10T12:34:34.346] [DEBUG] debug-file - Incremental task entry:default@ProcessShareConfig pre-execution cost: 1 ms .
[2026-05-10T12:34:34.346] [DEBUG] debug-file - entry : default@ProcessShareConfig cost memory 0.36220550537109375
[2026-05-10T12:34:34.346] [INFO] debug-file - UP-TO-DATE :entry:default@ProcessShareConfig...  
[2026-05-10T12:34:34.347] [DEBUG] debug-file - Executing task :entry:default@ProcessStartupConfig
[2026-05-10T12:34:34.347] [DEBUG] debug-file - Task 'entry:default@ProcessStartupConfig' cost while wrapping incremental declarations: 1 ms 
[2026-05-10T12:34:34.347] [DEBUG] debug-file - entry:default@ProcessStartupConfig is not up-to-date, since the output file 'E:\project\My_project\OpenHarmony\frontend\entry\build\default\intermediates\startup\default\startup_config.json' does not exist.
[2026-05-10T12:34:34.347] [DEBUG] debug-file - Incremental task entry:default@ProcessStartupConfig pre-execution cost: 1 ms .
[2026-05-10T12:34:34.348] [DEBUG] debug-file - entry : default@ProcessStartupConfig cost memory 0.09508514404296875
[2026-05-10T12:34:34.348] [DEBUG] debug-file - runTaskFromQueue task cost before running: 1 s 395 ms 
[2026-05-10T12:34:34.348] [INFO] debug-file - Finished :entry:default@ProcessStartupConfig... after 1 ms 
[2026-05-10T12:34:34.348] [DEBUG] debug-file - Executing task :entry:default@BuildNativeWithNinja
[2026-05-10T12:34:34.349] [DEBUG] debug-file - entry : default@BuildNativeWithNinja cost memory 0.0242919921875
[2026-05-10T12:34:34.349] [DEBUG] debug-file - runTaskFromQueue task cost before running: 1 s 396 ms 
[2026-05-10T12:34:34.349] [INFO] debug-file - Finished :entry:default@BuildNativeWithNinja... after 1 ms 
[2026-05-10T12:34:34.350] [DEBUG] debug-file - restool module names: entry; moduleName=entry, taskName=default@ProcessResource
[2026-05-10T12:34:34.353] [DEBUG] debug-file - Executing task :entry:default@ProcessResource
[2026-05-10T12:34:34.353] [DEBUG] debug-file - Task 'entry:default@ProcessResource' cost while wrapping incremental declarations: 1 ms 
[2026-05-10T12:34:34.354] [DEBUG] debug-file - Incremental task entry:default@ProcessResource pre-execution cost: 1 ms .
[2026-05-10T12:34:34.354] [DEBUG] debug-file - entry : default@ProcessResource cost memory 0.161895751953125
[2026-05-10T12:34:34.355] [INFO] debug-file - UP-TO-DATE :entry:default@ProcessResource...  
[2026-05-10T12:34:34.357] [DEBUG] debug-file - Executing task :entry:default@GenerateLoaderJson
[2026-05-10T12:34:34.357] [DEBUG] debug-file - Task 'entry:default@GenerateLoaderJson' cost while wrapping incremental declarations: 1 ms 
[2026-05-10T12:34:34.363] [DEBUG] debug-file - Incremental task entry:default@GenerateLoaderJson pre-execution cost: 3 ms .
[2026-05-10T12:34:34.363] [DEBUG] debug-file - entry : default@GenerateLoaderJson cost memory 0.507232666015625
[2026-05-10T12:34:34.365] [INFO] debug-file - UP-TO-DATE :entry:default@GenerateLoaderJson...  
[2026-05-10T12:34:34.367] [DEBUG] debug-file - Executing task :entry:default@ProcessLibs
[2026-05-10T12:34:34.369] [DEBUG] debug-file - Incremental task entry:default@ProcessLibs pre-execution cost: 1 ms .
[2026-05-10T12:34:34.369] [DEBUG] debug-file - entry : default@ProcessLibs cost memory 0.32004547119140625
[2026-05-10T12:34:34.370] [INFO] debug-file - UP-TO-DATE :entry:default@ProcessLibs...  
[2026-05-10T12:34:34.370] [DEBUG] debug-file - restool module names: entry; moduleName=entry, taskName=default@CompileResource
[2026-05-10T12:34:34.370] [DEBUG] debug-file - Executing task :entry:default@CompileResource
[2026-05-10T12:34:34.378] [DEBUG] debug-file - Incremental task entry:default@CompileResource pre-execution cost: 7 ms .
[2026-05-10T12:34:34.378] [DEBUG] debug-file - entry : default@CompileResource cost memory 0.7225799560546875
[2026-05-10T12:34:34.378] [INFO] debug-file - UP-TO-DATE :entry:default@CompileResource...  
[2026-05-10T12:34:34.379] [DEBUG] debug-file - Executing task :entry:default@DoNativeStrip
[2026-05-10T12:34:34.379] [DEBUG] debug-file - File: 'E:\project\My_project\OpenHarmony\frontend\entry\build\default\intermediates\binxo\default' from 'doBinxoNativeLibs' is not exists, just ignore.
[2026-05-10T12:34:34.380] [DEBUG] debug-file - Task 'entry:default@DoNativeStrip' cost while wrapping incremental declarations: 1 ms 
[2026-05-10T12:34:34.381] [DEBUG] debug-file - Incremental task entry:default@DoNativeStrip pre-execution cost: 1 ms .
[2026-05-10T12:34:34.381] [DEBUG] debug-file - entry : default@DoNativeStrip cost memory 0.36244964599609375
[2026-05-10T12:34:34.381] [INFO] debug-file - UP-TO-DATE :entry:default@DoNativeStrip...  
[2026-05-10T12:34:34.382] [DEBUG] debug-file - Executing task :entry:default@CompileArkTS
[2026-05-10T12:34:34.383] [DEBUG] debug-file - obfuscationOptions: undefined
[2026-05-10T12:34:34.384] [DEBUG] debug-file - Task 'entry:default@CompileArkTS' cost while wrapping incremental declarations: 1 ms 
[2026-05-10T12:34:34.387] [DEBUG] debug-file - entry:default@CompileArkTS is not up-to-date, since the input file 'E:\project\My_project\OpenHarmony\frontend\entry\build\default\intermediates\loader\default' has been changed.
[2026-05-10T12:34:34.387] [DEBUG] debug-file - Incremental task entry:default@CompileArkTS pre-execution cost: 2 ms .
[2026-05-10T12:34:34.398] [DEBUG] debug-file - build config:
[2026-05-10T12:34:34.399] [DEBUG] debug-file - {
  moduleType: 'entry',
  perf: 0,
  targetName: '.default',
  packageManagerType: 'ohpm',
  localPropertiesPath: 'E:\\project\\My_project\\OpenHarmony\\frontend\\local.properties',
  isPreview: false,
  isOhosTest: false,
  isLocalTest: false,
  buildMode: 'Debug',
  hotReloadBuild: undefined,
  watchMode: 'false',
  aceProfilePath: 'E:\\project\\My_project\\OpenHarmony\\frontend\\entry\\build\\default\\intermediates\\res\\default\\resources\\base\\profile',
  etsLoaderPath: 'E:\\Program Files\\Huawei\\DevEco Studio\\sdk\\default\\openharmony\\ets\\build-tools\\ets-loader',
  modulePath: 'E:\\project\\My_project\\OpenHarmony\\frontend\\entry',
  testFrameworkPar: {
    testMode: undefined,
    coveragePathFilter: undefined,
    coverageMode: undefined
  },
  needCoverageInsert: false,
  debugLine: false,
  projectTopDir: 'E:\\project\\My_project\\OpenHarmony\\frontend',
  compileSdkVersion: 24,
  compatibleSdkVersion: 24,
  originCompatibleSdkVersion: '6.1.1(24)',
  compatibleSdkVersionStage: undefined,
  bundleName: 'c***h',
  etsLoaderVersion: '6.1.1.115',
  etsLoaderReleaseType: 'Beta1',
  aotCompileMode: 'type',
  apPath: 'E:\\project\\My_project\\OpenHarmony\\frontend\\entry\\modules.ap',
  entryModuleName: 'entry',
  entryModuleVersion: '1.0.0',
  entryPackageName: 'entry',
  allModuleNameHash: 'ce07020a89efc81a7e6eef6687a77f9b00a5d846c6bb29ca823e57a40b03e7bb',
  externalApiPaths: [
    'E:\\Program Files\\Huawei\\DevEco Studio\\sdk\\default\\hms\\ets'
  ],
  compilerTypes: [],
  isCrossplatform: false,
  hvigorPluginFile: undefined,
  compilePluginPath: undefined,
  buildGeneratedProfilePath: 'E:\\project\\My_project\\OpenHarmony\\frontend\\entry\\build\\default\\generated\\profile\\default',
  bundleType: 'app',
  arkTSVersion: undefined,
  apiVersion: 24,
  needCompleteSourcesMap: false,
  isFaMode: false,
  buildDir: 'E:\\project\\My_project\\OpenHarmony\\frontend\\entry\\build',
  deviceTypes: [ 'default', 'tablet' ],
  pkgContextInfo: undefined,
  ohPackagePathMap: {},
  dependencyAliasMap: {},
  permission: { requestPermissions: [ [Object] ], definePermissions: undefined },
  useGetCurrentBundleName: false,
  projectArkOption: undefined,
  sourceMapDir: undefined,
  branchElimination: false,
  transformLib: undefined,
  tsImportSendable: false,
  resolveConflictMode: true,
  depName2RootPath: {},
  depName2DepInfo: {},
  depName2OhExports: {},
  rootPathSet: [ 'E:\\project\\My_project\\OpenHarmony\\frontend' ],
  useNativeResolver: true,
  shouldEmitJs: true,
  useTscResolve: false,
  singleFileEmit: false,
  userProjectConfig: {
    autoLazyImport: false,
    allowEmptyBundleName: false,
    reExportCheckMode: 'noCheck',
    executionMode: 'memory',
    usePathPlaceholder: false,
    writeRollupCache: true,
    isExpandImportEnabled: false,
    expandImportExclude: '',
    lazyImportExclude: '',
    lazyImportInclude: '',
    ignoreCrossplatformCheck: false,
    isHarDeduplicateEnabled: false,
    skipOhModulesLint: false,
    enableStrictCheckOHModule: false,
    disableSendableCheckRules: [],
    useDeclarationFileSignature: false,
    customizedOptions: undefined,
    integratedHsp: false,
    isPreloadSoEnabled: false
  },
  executionMode: 'memory',
  arkCompileCachePath: 'E:\\project\\My_project\\OpenHarmony\\frontend\\entry\\build\\default\\cache\\default\\default@CompileArkTS\\esmodule',
  autoLazyFilter: undefined,
  isHarDeduplicateEnabled: false,
  intermediateHarDuplicateDirPath: 'E:\\project\\My_project\\OpenHarmony\\frontend\\entry\\build\\default\\intermediates\\har_duplicate\\default',
  autoLazyImport: false,
  allowEmptyBundleName: false,
  reExportCheckMode: 'noCheck',
  usePathPlaceholder: false,
  writeRollupCache: true,
  isExpandImportEnabled: false,
  expandImportExclude: '',
  lazyImportExclude: '',
  lazyImportInclude: '',
  ignoreCrossplatformCheck: false,
  skipOhModulesLint: false,
  enableStrictCheckOHModule: false,
  disableSendableCheckRules: [],
  useDeclarationFileSignature: false,
  customizedOptions: undefined,
  integratedHsp: false,
  isPreloadSoEnabled: false,
  strictMode: undefined,
  useNormalizedOHMUrl: false,
  caseSensitiveCheck: false,
  aceModuleJsonPath: 'E:\\project\\My_project\\OpenHarmony\\frontend\\entry\\build\\default\\intermediates\\res\\default\\ark_module.json',
  appResource: 'E:\\project\\My_project\\OpenHarmony\\frontend\\entry\\build\\default\\intermediates\\res\\default\\ResourceTable.txt',
  rawFileResource: 'E:\\project\\My_project\\OpenHarmony\\frontend\\entry\\build\\default\\intermediates\\res\\default\\resources\\rawfile',
  resourceTableHash: '65f34a2e4b63780d1d6c0614d8f19de78ca4a0f4f9875431e701e0d59ea2a136',
  runtimeOS: 'HarmonyOS',
  sdkInfo: 'false:24:6.1.1.115:Beta1',
  aceModuleRoot: 'E:\\project\\My_project\\OpenHarmony\\frontend\\entry\\src\\main\\ets',
  compileMode: 'esmodule',
  aceSuperVisualPath: 'E:\\project\\My_project\\OpenHarmony\\frontend\\entry\\src\\main\\supervisual',
  aceBuildJson: 'E:\\project\\My_project\\OpenHarmony\\frontend\\entry\\build\\default\\intermediates\\loader\\default\\loader.json',
  cachePath: 'E:\\project\\My_project\\OpenHarmony\\frontend\\entry\\build\\default\\cache\\default\\default@CompileArkTS\\esmodule\\debug',
  aceModuleBuild: 'E:\\project\\My_project\\OpenHarmony\\frontend\\entry\\build\\default\\intermediates\\loader_out\\default\\ets',
  supportChunks: true,
  declaredFilesPath: undefined,
  shouldCollectDirectImportees: false,
  isByteCodeHarOptimize: false,
  expandImportPath: undefined,
  resourceTableTs: 'E:\\project\\My_project\\OpenHarmony\\frontend\\entry\\build\\default\\generated\\r\\default\\ResourceTable.ts',
  moduleMetaInfoFiles: [
    {
      filePath: 'E:\\project\\My_project\\OpenHarmony\\frontend\\entry\\build\\default\\generated\\r\\default\\ResourceTable.ts',
      ohmurl: 'com.example.campusauth/entry/build/generated/r/ResourceTable'
    }
  ],
  pkgNameToPkgBriefInfo: {
    entry: {
      pkgRoot: 'E:\\project\\My_project\\OpenHarmony\\frontend\\entry',
      originalSourceRoots: undefined,
      sourceRoots: [Array],
      pkgName: 'entry'
    }
  },
  projectModel: {
    'E:\\project\\My_project\\OpenHarmony\\frontend\\entry\\src\\main': {
      moduleName: 'entry',
      modulePkgPath: 'E:\\project\\My_project\\OpenHarmony\\frontend\\entry',
      belongProjectPath: 'E:\\project\\My_project\\OpenHarmony\\frontend'
    },
    'E:\\project\\My_project\\OpenHarmony\\frontend\\entry': {
      moduleName: 'entry',
      modulePkgPath: 'E:\\project\\My_project\\OpenHarmony\\frontend\\entry',
      belongProjectPath: 'E:\\project\\My_project\\OpenHarmony\\frontend'
    },
    'E:\\project\\My_project\\OpenHarmony\\frontend': {
      moduleName: 'frontend',
      modulePkgPath: 'E:\\project\\My_project\\OpenHarmony\\frontend',
      belongProjectPath: 'E:\\project\\My_project\\OpenHarmony\\frontend'
    }
  },
  pkgJsonFileHash: '73bedc6cd266758e220700fffe08c7455ae29fd8b5c2b7b7a62c3d32d45eb2ec',
  allModulePaths: [ 'E:\\project\\My_project\\OpenHarmony\\frontend\\entry' ],
  routerMap: {},
  obfuscationOptions: undefined,
  byteCodeHarToDependencyKeys: undefined,
  compileBlockPkg: [],
  mockParams: {
    decorator: '@MockSetup',
    packageName: '@ohos/hamock',
    etsSourceRootPath: 'src/main/ets',
    mockConfigPath: undefined,
    mockConfigKey2ModuleInfo: {},
    source2ModuleIdMap: {}
  },
  copyCodeResourceEnable: true,
  copyCodeResourceExcludes: [],
  copyCodeResourceIncludes: undefined,
  uiTransformOptimization: false,
  sdkPath: 'E:/Program Files/Huawei/DevEco Studio/sdk',
  needPreloadSoFileSet: {},
  preloadSoFilePath: 'E:\\project\\My_project\\OpenHarmony\\frontend\\entry\\build\\default\\intermediates\\preload\\default\\preload.json',
  useSourceHash: false,
  localModuleParamMap: {},
  otherPaths: {
    'entry/*': [
      '..\\*',
      '..\\..\\..\\build\\default\\generated\\profile\\default\\*'
    ]
  },
  collectImportersConfig: {
    relativeDir: 'E:\\project\\My_project\\OpenHarmony\\frontend\\entry\\src\\main\\ets',
    buildConfigJsonPath: 'E:\\project\\My_project\\OpenHarmony\\frontend\\entry\\build\\config\\buildConfig.json',
    isReload: false,
    patchPath: 'E:\\project\\My_project\\OpenHarmony\\frontend\\entry\\build\\default\\intermediates\\patch\\default'
  }
}
[2026-05-10T12:34:34.399] [DEBUG] debug-file - Compile arkts with external api path: E:\Program Files\Huawei\DevEco Studio\sdk\default\hms\ets
[2026-05-10T12:34:34.400] [DEBUG] debug-file - default@CompileArkTS work[0] is submitted.
[2026-05-10T12:34:34.400] [DEBUG] debug-file - default@CompileArkTS work[0] is pushed to ready queue.
[2026-05-10T12:34:34.401] [DEBUG] debug-file - A work dispatched to worker[15] failed because unable to get work from ready queue.
[2026-05-10T12:34:34.401] [DEBUG] debug-file - A work dispatched to worker[14] failed because unable to get work from ready queue.
[2026-05-10T12:34:34.401] [DEBUG] debug-file - A work dispatched to worker[13] failed because unable to get work from ready queue.
[2026-05-10T12:34:34.401] [DEBUG] debug-file - A work dispatched to worker[12] failed because unable to get work from ready queue.
[2026-05-10T12:34:34.401] [DEBUG] debug-file - A work dispatched to worker[11] failed because unable to get work from ready queue.
[2026-05-10T12:34:34.401] [DEBUG] debug-file - A work dispatched to worker[10] failed because unable to get work from ready queue.
[2026-05-10T12:34:34.401] [DEBUG] debug-file - A work dispatched to worker[9] failed because unable to get work from ready queue.
[2026-05-10T12:34:34.401] [DEBUG] debug-file - A work dispatched to worker[8] failed because unable to get work from ready queue.
[2026-05-10T12:34:34.401] [DEBUG] debug-file - A work dispatched to worker[7] failed because unable to get work from ready queue.
[2026-05-10T12:34:34.401] [DEBUG] debug-file - A work dispatched to worker[6] failed because unable to get work from ready queue.
[2026-05-10T12:34:34.401] [DEBUG] debug-file - A work dispatched to worker[5] failed because unable to get work from ready queue.
[2026-05-10T12:34:34.401] [DEBUG] debug-file - Create  resident worker with id: 4.
[2026-05-10T12:34:34.402] [DEBUG] debug-file - default@CompileArkTS work[0] has been dispatched to worker[4].
[2026-05-10T12:34:34.402] [DEBUG] debug-file - default@CompileArkTS work[0] is dispatched.
[2026-05-10T12:34:34.402] [DEBUG] debug-file - CopyResources startTime: 5615084746700
[2026-05-10T12:34:34.402] [DEBUG] debug-file - default@CompileArkTS work[1] is submitted.
[2026-05-10T12:34:34.402] [DEBUG] debug-file - default@CompileArkTS work[1] is pushed to ready queue.
[2026-05-10T12:34:34.402] [DEBUG] debug-file - A work dispatched to worker[15] failed because unable to get work from ready queue.
[2026-05-10T12:34:34.402] [DEBUG] debug-file - Create  resident worker with id: 14.
[2026-05-10T12:34:34.403] [DEBUG] debug-file - default@CompileArkTS work[1] has been dispatched to worker[14].
[2026-05-10T12:34:34.403] [DEBUG] debug-file - default@CompileArkTS work[1] is dispatched.
[2026-05-10T12:34:34.403] [DEBUG] debug-file - entry : default@CompileArkTS cost memory 1.5778121948242188
[2026-05-10T12:34:34.404] [DEBUG] debug-file - Executing task :entry:default@BuildJS
[2026-05-10T12:34:34.404] [DEBUG] debug-file - Task 'entry:default@BuildJS' cost while wrapping incremental declarations: 1 ms 
[2026-05-10T12:34:34.405] [DEBUG] debug-file - entry : default@BuildJS cost memory 0.363311767578125
[2026-05-10T12:34:34.405] [DEBUG] debug-file - runTaskFromQueue task cost before running: 1 s 453 ms 
[2026-05-10T12:34:34.405] [INFO] debug-file - Finished :entry:default@BuildJS... after 2 ms 
[2026-05-10T12:34:34.406] [DEBUG] debug-file - Executing task :entry:default@CacheNativeLibs
[2026-05-10T12:34:34.406] [DEBUG] debug-file - File: 'E:\project\My_project\OpenHarmony\frontend\entry\build\default\intermediates\binxo\default' from 'cacheBinxoNativeLibs' is not exists, just ignore.
[2026-05-10T12:34:34.406] [DEBUG] debug-file - Task 'entry:default@CacheNativeLibs' cost while wrapping incremental declarations: 1 ms 
[2026-05-10T12:34:34.407] [DEBUG] debug-file - Incremental task entry:default@CacheNativeLibs pre-execution cost: 1 ms .
[2026-05-10T12:34:34.407] [DEBUG] debug-file - entry : default@CacheNativeLibs cost memory 0.09990692138671875
[2026-05-10T12:34:34.407] [INFO] debug-file - UP-TO-DATE :entry:default@CacheNativeLibs...  
[2026-05-10T12:34:34.853] [DEBUG] debug-file - worker[14] has one work done.
[2026-05-10T12:34:34.853] [DEBUG] debug-file - CopyResources is end, endTime: 5615535465900
[2026-05-10T12:34:34.853] [DEBUG] debug-file - default@CompileArkTS work[1] done.
[2026-05-10T12:34:34.853] [DEBUG] debug-file - A work dispatched to worker[14] failed because unable to get work from ready queue.
[2026-05-10T12:34:38.118] [WARN] debug-file - [33mWARN: [33m[33mArkTS:WARN File: E:/project/My_project/OpenHarmony/frontend/entry/src/main/ets/entryability/EntryAbility.ets:6:5
 Function may throw exceptions. Special handling is required.
[39m[39m
[33mWARN: [33m[33mArkTS:WARN File: E:/project/My_project/OpenHarmony/frontend/entry/src/main/ets/pages/LoginPage.ets:28:7
 Function may throw exceptions. Special handling is required.
[39m[39m
[33mWARN: [33m[33mArkTS:WARN File: E:/project/My_project/OpenHarmony/frontend/entry/src/main/ets/pages/LoginPage.ets:28:14
 'replaceUrl' has been deprecated.
[39m[39m
[33mWARN: [33m[33mArkTS:WARN File: E:/project/My_project/OpenHarmony/frontend/entry/src/main/ets/pages/LoginPage.ets:46:22
 'showToast' has been deprecated.
[39m[39m
[33mWARN: [33m[33mArkTS:WARN File: E:/project/My_project/OpenHarmony/frontend/entry/src/main/ets/pages/LoginPage.ets:51:20
 'showToast' has been deprecated.
[39m[39m
[33mWARN: [33m[33mArkTS:WARN File: E:/project/My_project/OpenHarmony/frontend/entry/src/main/ets/pages/LoginPage.ets:52:14
 'replaceUrl' has been deprecated.
[39m[39m
[33mWARN: [33m[33mArkTS:WARN File: E:/project/My_project/OpenHarmony/frontend/entry/src/main/ets/pages/LoginPage.ets:68:5
 Function may throw exceptions. Special handling is required.
[39m[39m
[33mWARN: [33m[33mArkTS:WARN File: E:/project/My_project/OpenHarmony/frontend/entry/src/main/ets/pages/LoginPage.ets:68:12
 'pushUrl' has been deprecated.
[39m[39m
[33mWARN: [33m[33mArkTS:WARN File: E:/project/My_project/OpenHarmony/frontend/entry/src/main/ets/components/PageTitleBar.ets:19:33
 'back' has been deprecated.
[39m[39m
[33mWARN: [33m[33mArkTS:WARN File: E:/project/My_project/OpenHarmony/frontend/entry/src/main/ets/pages/RegisterPage.ets:28:5
 Function may throw exceptions. Special handling is required.
[39m[39m
[33mWARN: [33m[33mArkTS:WARN File: E:/project/My_project/OpenHarmony/frontend/entry/src/main/ets/pages/RegisterPage.ets:28:12
 'replaceUrl' has been deprecated.
[39m[39m
[33mWARN: [33m[33mArkTS:WARN File: E:/project/My_project/OpenHarmony/frontend/entry/src/main/ets/pages/RegisterPage.ets:78:7
 Function may throw exceptions. Special handling is required.
[39m[39m
[33mWARN: [33m[33mArkTS:WARN File: E:/project/My_project/OpenHarmony/frontend/entry/src/main/ets/pages/RegisterPage.ets:78:20
 'showToast' has been deprecated.
[39m[39m
[33mWARN: [33m[33mArkTS:WARN File: E:/project/My_project/OpenHarmony/frontend/entry/src/main/ets/pages/RegisterPage.ets:100:24
 'showToast' has been deprecated.
[39m[39m
[33mWARN: [33m[33mArkTS:WARN File: E:/project/My_project/OpenHarmony/frontend/entry/src/main/ets/pages/RegisterPage.ets:103:22
 'showToast' has been deprecated.
[39m[39m
[33mWARN: [33m[33mArkTS:WARN File: E:/project/My_project/OpenHarmony/frontend/entry/src/main/ets/pages/RegisterPage.ets:104:16
 'replaceUrl' has been deprecated.
[39m[39m
[33mWARN: [33m[33mArkTS:WARN File: E:/project/My_project/OpenHarmony/frontend/entry/src/main/ets/pages/RegisterPage.ets:109:22
 'showToast' has been deprecated.
[39m[39m
[33mWARN: [33m[33mArkTS:WARN File: E:/project/My_project/OpenHarmony/frontend/entry/src/main/ets/utils/PermissionUtil.ets:37:7
 Function may throw exceptions. Special handling is required.
[39m[39m
[33mWARN: [33m[33mArkTS:WARN File: E:/project/My_project/OpenHarmony/frontend/entry/src/main/ets/utils/PermissionUtil.ets:37:14
 'replaceUrl' has been deprecated.
[39m[39m
[33mWARN: [33m[33mArkTS:WARN File: E:/project/My_project/OpenHarmony/frontend/entry/src/main/ets/utils/PermissionUtil.ets:41:7
 Function may throw exceptions. Special handling is required.
[39m[39m
[33mWARN: [33m[33mArkTS:WARN File: E:/project/My_project/OpenHarmony/frontend/entry/src/main/ets/utils/PermissionUtil.ets:41:20
 'showToast' has been deprecated.
[39m[39m
[33mWARN: [33m[33mArkTS:WARN File: E:/project/My_project/OpenHarmony/frontend/entry/src/main/ets/utils/PermissionUtil.ets:42:7
 Function may throw exceptions. Special handling is required.
[39m[39m
[33mWARN: [33m[33mArkTS:WARN File: E:/project/My_project/OpenHarmony/frontend/entry/src/main/ets/utils/PermissionUtil.ets:42:14
 'replaceUrl' has been deprecated.
[39m[39m
[33mWARN: [33m[33mArkTS:WARN File: E:/project/My_project/OpenHarmony/frontend/entry/src/main/ets/pages/OverviewPage.ets:41:7
 Function may throw exceptions. Special handling is required.
[39m[39m
[33mWARN: [33m[33mArkTS:WARN File: E:/project/My_project/OpenHarmony/frontend/entry/src/main/ets/pages/OverviewPage.ets:41:14
 'replaceUrl' has been deprecated.
[39m[39m
[33mWARN: [33m[33mArkTS:WARN File: E:/project/My_project/OpenHarmony/frontend/entry/src/main/ets/pages/OverviewPage.ets:128:7
 Function may throw exceptions. Special handling is required.
[39m[39m
[33mWARN: [33m[33mArkTS:WARN File: E:/project/My_project/OpenHarmony/frontend/entry/src/main/ets/pages/OverviewPage.ets:128:20
 'showToast' has been deprecated.
[39m[39m
[33mWARN: [33m[33mArkTS:WARN File: E:/project/My_project/OpenHarmony/frontend/entry/src/main/ets/pages/OverviewPage.ets:132:14
 'pushUrl' has been deprecated.
[39m[39m
[33mWARN: [33m[33mArkTS:WARN File: E:/project/My_project/OpenHarmony/frontend/entry/src/main/ets/pages/OverviewPage.ets:137:17
 'show' has been deprecated.
[39m[39m
[33mWARN: [33m[33mArkTS:WARN File: E:/project/My_project/OpenHarmony/frontend/entry/src/main/ets/pages/OverviewPage.ets:146:24
 'showToast' has been deprecated.
[39m[39m
[33mWARN: [33m[33mArkTS:WARN File: E:/project/My_project/OpenHarmony/frontend/entry/src/main/ets/pages/OverviewPage.ets:147:18
 'replaceUrl' has been deprecated.
[39m[39m
[33mWARN: [33m[33mArkTS:WARN File: E:/project/My_project/OpenHarmony/frontend/entry/src/main/ets/pages/DefenseDemoPage.ets:39:7
 Function may throw exceptions. Special handling is required.
[39m[39m
[33mWARN: [33m[33mArkTS:WARN File: E:/project/My_project/OpenHarmony/frontend/entry/src/main/ets/pages/DefenseDemoPage.ets:39:20
 'showToast' has been deprecated.
[39m[39m
[33mWARN: [33m[33mArkTS:WARN File: E:/project/My_project/OpenHarmony/frontend/entry/src/main/ets/pages/DefenseDemoPage.ets:66:20
 'showToast' has been deprecated.
[39m[39m
[33mWARN: [33m[33mArkTS:WARN File: E:/project/My_project/OpenHarmony/frontend/entry/src/main/ets/pages/DashboardPage.ets:37:7
 Function may throw exceptions. Special handling is required.
[39m[39m
[33mWARN: [33m[33mArkTS:WARN File: E:/project/My_project/OpenHarmony/frontend/entry/src/main/ets/pages/DashboardPage.ets:37:14
 'replaceUrl' has been deprecated.
[39m[39m
[33mWARN: [33m[33mArkTS:WARN File: E:/project/My_project/OpenHarmony/frontend/entry/src/main/ets/pages/DashboardPage.ets:61:7
 Function may throw exceptions. Special handling is required.
[39m[39m
[33mWARN: [33m[33mArkTS:WARN File: E:/project/My_project/OpenHarmony/frontend/entry/src/main/ets/pages/DashboardPage.ets:61:20
 'showToast' has been deprecated.
[39m[39m
[33mWARN: [33m[33mArkTS:WARN File: E:/project/My_project/OpenHarmony/frontend/entry/src/main/ets/pages/DashboardPage.ets:64:5
 Function may throw exceptions. Special handling is required.
[39m[39m
[33mWARN: [33m[33mArkTS:WARN File: E:/project/My_project/OpenHarmony/frontend/entry/src/main/ets/pages/DashboardPage.ets:64:12
 'pushUrl' has been deprecated.
[39m[39m
[33mWARN: [33m[33mArkTS:WARN File: E:/project/My_project/OpenHarmony/frontend/entry/src/main/ets/pages/DashboardPage.ets:78:17
 'show' has been deprecated.
[39m[39m
[33mWARN: [33m[33mArkTS:WARN File: E:/project/My_project/OpenHarmony/frontend/entry/src/main/ets/pages/DashboardPage.ets:91:24
 'showToast' has been deprecated.
[39m[39m
[33mWARN: [33m[33mArkTS:WARN File: E:/project/My_project/OpenHarmony/frontend/entry/src/main/ets/pages/DashboardPage.ets:92:18
 'replaceUrl' has been deprecated.
[39m[39m
[33mWARN: [33m[33mArkTS:WARN File: E:/project/My_project/OpenHarmony/frontend/entry/src/main/ets/pages/AuthPage.ets:320:33
 'pushUrl' has been deprecated.
[39m[39m
[33mWARN: [33m[33mArkTS:WARN File: E:/project/My_project/OpenHarmony/frontend/entry/src/main/ets/pages/DeviceBindPage.ets:27:17
 'show' has been deprecated.
[39m[39m
[33mWARN: [33m[33mArkTS:WARN File: E:/project/My_project/OpenHarmony/frontend/entry/src/main/ets/pages/DeviceBindPage.ets:37:24
 'showToast' has been deprecated.
[39m[39m
[33mWARN: [33m[33mArkTS:WARN File: E:/project/My_project/OpenHarmony/frontend/entry/src/main/ets/pages/AuthPermissionPage.ets:46:5
 Function may throw exceptions. Special handling is required.
[39m[39m
[33mWARN: [33m[33mArkTS:WARN File: E:/project/My_project/OpenHarmony/frontend/entry/src/main/ets/pages/AuthPermissionPage.ets:46:18
 'showToast' has been deprecated.
[39m[39m
[33mWARN: [33m[33mArkTS:WARN File: E:/project/My_project/OpenHarmony/frontend/entry/src/main/ets/pages/TerminalFilingPage.ets:24:17
 'show' has been deprecated.
[39m[39m
[33mWARN: [33m[33mArkTS:WARN File: E:/project/My_project/OpenHarmony/frontend/entry/src/main/ets/pages/TerminalFilingPage.ets:34:24
 'showToast' has been deprecated.
[39m[39m
[33mWARN: [33m[33mArkTS:WARN File: E:/project/My_project/OpenHarmony/frontend/entry/src/main/ets/pages/AdminPermissionPage.ets:24:17
 'show' has been deprecated.
[39m[39m
[33mWARN: [33m[33mArkTS:WARN File: E:/project/My_project/OpenHarmony/frontend/entry/src/main/ets/pages/AdminPermissionPage.ets:34:24
 'showToast' has been deprecated.
[39m[39m
[33mWARN: [33m[33mArkTS:WARN File: E:/project/My_project/OpenHarmony/frontend/entry/src/main/ets/pages/AccessRuleConfigPage.ets:24:17
 'show' has been deprecated.
[39m[39m
[33mWARN: [33m[33mArkTS:WARN File: E:/project/My_project/OpenHarmony/frontend/entry/src/main/ets/pages/AccessRuleConfigPage.ets:34:24
 'showToast' has been deprecated.
[39m[39m
[33mWARN: [33m[33mArkTS:WARN File: E:/project/My_project/OpenHarmony/frontend/entry/src/main/ets/pages/BlacklistPage.ets:26:17
 'show' has been deprecated.
[39m[39m
[33mWARN: [33m[33mArkTS:WARN File: E:/project/My_project/OpenHarmony/frontend/entry/src/main/ets/pages/BlacklistPage.ets:36:24
 'showToast' has been deprecated.
[39m[39m

[2026-05-10T12:34:38.118] [DEBUG] debug-file - Ark compile task finished.finished time is 5618800801100
[2026-05-10T12:34:38.119] [DEBUG] debug-file - worker[4] has one work done.
[2026-05-10T12:34:38.120] [DEBUG] debug-file - default@CompileArkTS work[0] done.
[2026-05-10T12:34:38.120] [DEBUG] debug-file - A work dispatched to worker[4] failed because unable to get work from ready queue.
[2026-05-10T12:34:38.121] [INFO] debug-file - Finished :entry:default@CompileArkTS... after 2 s 608 ms 
[2026-05-10T12:34:38.121] [DEBUG] debug-file - Executing task :entry:default@GeneratePkgModuleJson
[2026-05-10T12:34:38.122] [DEBUG] debug-file - File: 'E:\project\My_project\OpenHarmony\frontend\entry\build\default\intermediates\preload\default\preload.json' from 'preloadSoJsonPath' is not exists, just ignore.
[2026-05-10T12:34:38.122] [DEBUG] debug-file - Error occurs while handling @Input 'shouldDeduplicateHar': The "data" argument must be of type string or an instance of Buffer, TypedArray, or DataView. Received undefined
[2026-05-10T12:34:38.122] [DEBUG] debug-file - Task 'entry:default@GeneratePkgModuleJson' cost while wrapping incremental declarations: 1 ms 
[2026-05-10T12:34:38.122] [DEBUG] debug-file - Incremental task entry:default@GeneratePkgModuleJson pre-execution cost: 1 ms .
[2026-05-10T12:34:38.122] [DEBUG] debug-file - entry : default@GeneratePkgModuleJson cost memory 0.099609375
[2026-05-10T12:34:38.122] [INFO] debug-file - UP-TO-DATE :entry:default@GeneratePkgModuleJson...  
[2026-05-10T12:34:38.123] [DEBUG] debug-file - Executing task :entry:default@ProcessCompiledResources
[2026-05-10T12:34:38.123] [DEBUG] debug-file - File: 'E:\project\My_project\OpenHarmony\frontend\entry\build\default\intermediates\preload\default\preload.json' from 'preloadSoJsonPath' is not exists, just ignore.
[2026-05-10T12:34:38.123] [DEBUG] debug-file - Task 'entry:default@ProcessCompiledResources' cost while wrapping incremental declarations: 1 ms 
[2026-05-10T12:34:38.123] [DEBUG] debug-file - entry : default@ProcessCompiledResources cost memory 0.067840576171875
[2026-05-10T12:34:38.123] [DEBUG] debug-file - runTaskFromQueue task cost before running: 5 s 171 ms 
[2026-05-10T12:34:38.123] [INFO] debug-file - Finished :entry:default@ProcessCompiledResources... after 1 ms 
[2026-05-10T12:34:38.124] [DEBUG] debug-file - Executing task :entry:default@PackageHap
[2026-05-10T12:34:38.127] [DEBUG] debug-file - entry:default@PackageHap is not up-to-date, since the input file 'E:\project\My_project\OpenHarmony\frontend\entry\build\default\intermediates\loader_out\default\ets' has been changed.
[2026-05-10T12:34:38.127] [DEBUG] debug-file - Incremental task entry:default@PackageHap pre-execution cost: 3 ms .
[2026-05-10T12:34:38.128] [DEBUG] debug-file - Use tool [E:\Program Files\Huawei\DevEco Studio\sdk\default\openharmony\toolchains\lib\app_packing_tool.jar]
 [
  'java',
  '-Dfile.encoding=GBK',
  '-jar',
  'E:\\Program Files\\Huawei\\DevEco Studio\\sdk\\default\\openharmony\\toolchains\\lib\\app_packing_tool.jar',
  '--mode',
  'hap',
  '--force',
  'true',
  '--lib-path',
  'E:\\project\\My_project\\OpenHarmony\\frontend\\entry\\build\\default\\intermediates\\stripped_native_libs\\default',
  '--json-path',
  'E:\\project\\My_project\\OpenHarmony\\frontend\\entry\\build\\default\\intermediates\\package\\default\\module.json',
  '--resources-path',
  'E:\\project\\My_project\\OpenHarmony\\frontend\\entry\\build\\default\\intermediates\\res\\default\\resources',
  '--index-path',
  'E:\\project\\My_project\\OpenHarmony\\frontend\\entry\\build\\default\\intermediates\\res\\default\\resources.index',
  '--pack-info-path',
  'E:\\project\\My_project\\OpenHarmony\\frontend\\entry\\build\\default\\outputs\\default\\pack.info',
  '--out-path',
  'E:\\project\\My_project\\OpenHarmony\\frontend\\entry\\build\\default\\outputs\\default\\entry-default-unsigned.hap',
  '--ets-path',
  'E:\\project\\My_project\\OpenHarmony\\frontend\\entry\\build\\default\\intermediates\\loader_out\\default\\ets',
  '--pkg-sdk-info-path',
  'E:\\project\\My_project\\OpenHarmony\\frontend\\entry\\build\\default\\intermediates\\loader\\default\\pkgSdkInfo.json'
]
[2026-05-10T12:34:38.128] [DEBUG] debug-file - default@PackageHap work[2] is submitted.
[2026-05-10T12:34:38.128] [DEBUG] debug-file - default@PackageHap work[2] is pushed to ready queue.
[2026-05-10T12:34:38.128] [DEBUG] debug-file - A work dispatched to worker[15] failed because unable to get work from ready queue.
[2026-05-10T12:34:38.128] [DEBUG] debug-file - default@PackageHap work[2] has been dispatched to worker[14].
[2026-05-10T12:34:38.128] [DEBUG] debug-file - default@PackageHap work[2] is dispatched.
[2026-05-10T12:34:38.130] [DEBUG] debug-file - entry : default@PackageHap cost memory 0.6187362670898438
[2026-05-10T12:34:38.225] [DEBUG] debug-file - current process  memoryUsage: {
  rss: 779714560,
  heapTotal: 79499264,
  heapUsed: 54186600,
  external: 4151812,
  arrayBuffers: 22767
} os memoryUsage :20.096031188964844
[2026-05-10T12:34:38.516] [DEBUG] debug-file - worker[14] has one work done.
[2026-05-10T12:34:38.516] [DEBUG] debug-file - default@PackageHap work[2] done.
[2026-05-10T12:34:38.516] [DEBUG] debug-file - A work dispatched to worker[14] failed because unable to get work from ready queue.
[2026-05-10T12:34:38.516] [INFO] debug-file - Finished :entry:default@PackageHap... after 299 ms 
[2026-05-10T12:34:38.518] [DEBUG] debug-file - Executing task :entry:default@PackingCheck
[2026-05-10T12:34:38.521] [DEBUG] debug-file - entry : default@PackingCheck cost memory 0.5178375244140625
[2026-05-10T12:34:38.521] [DEBUG] debug-file - runTaskFromQueue task cost before running: 5 s 569 ms 
[2026-05-10T12:34:38.522] [INFO] debug-file - Finished :entry:default@PackingCheck... after 4 ms 
[2026-05-10T12:34:38.522] [DEBUG] debug-file - Executing task :entry:default@SignHap
[2026-05-10T12:34:38.523] [WARN] debug-file - Will skip sign 'hos_hap'. No signingConfigs profile is configured in current project.
             If needed, configure the signingConfigs in E:\project\My_project\OpenHarmony\frontend\build-profile.json5.
[2026-05-10T12:34:38.523] [DEBUG] debug-file - entry:default@SignHap is not up-to-date, since the input file 'E:\project\My_project\OpenHarmony\frontend\entry\build\default\outputs\default\entry-default-unsigned.hap' has been changed.
[2026-05-10T12:34:38.523] [DEBUG] debug-file - Incremental task entry:default@SignHap pre-execution cost: 1 ms .
[2026-05-10T12:34:38.524] [DEBUG] debug-file - entry : default@SignHap cost memory 0.09899139404296875
[2026-05-10T12:34:38.524] [DEBUG] debug-file - runTaskFromQueue task cost before running: 5 s 571 ms 
[2026-05-10T12:34:38.524] [INFO] debug-file - Finished :entry:default@SignHap... after 2 ms 
[2026-05-10T12:34:38.525] [DEBUG] debug-file - Executing task :entry:default@CollectDebugSymbol
[2026-05-10T12:34:38.526] [DEBUG] debug-file - entry : default@CollectDebugSymbol cost memory 0.096405029296875
[2026-05-10T12:34:38.526] [DEBUG] debug-file - runTaskFromQueue task cost before running: 5 s 574 ms 
[2026-05-10T12:34:38.526] [INFO] debug-file - Finished :entry:default@CollectDebugSymbol... after 1 ms 
[2026-05-10T12:34:38.526] [DEBUG] debug-file - Executing task :entry:assembleHap
[2026-05-10T12:34:38.526] [DEBUG] debug-file - entry : assembleHap cost memory 0.0176544189453125
[2026-05-10T12:34:38.527] [DEBUG] debug-file - runTaskFromQueue task cost before running: 5 s 574 ms 
[2026-05-10T12:34:38.527] [INFO] debug-file - Finished :entry:assembleHap... after 1 ms 
[2026-05-10T12:34:38.528] [INFO] debug-file - BUILD SUCCESSFUL in 5 s 575 ms 
[2026-05-10T12:34:38.529] [DEBUG] debug-file - Update task entry:default@PreBuild input file:E:\project\My_project\OpenHarmony\frontend\AppScope\app.json5 cache by regenerate.
[2026-05-10T12:34:38.529] [DEBUG] debug-file - Update task entry:default@PreBuild input file:E:\project\My_project\OpenHarmony\frontend\entry\src\main\module.json5 cache by regenerate.
[2026-05-10T12:34:38.529] [DEBUG] debug-file - Update task entry:default@PreBuild input file:E:\project\My_project\OpenHarmony\frontend\build-profile.json5 cache by regenerate.
[2026-05-10T12:34:38.529] [DEBUG] debug-file - Update task entry:default@PreBuild input file:E:\project\My_project\OpenHarmony\frontend\entry\build-profile.json5 cache by regenerate.
[2026-05-10T12:34:38.529] [DEBUG] debug-file - Update task entry:default@PreBuild input file:E:\project\My_project\OpenHarmony\frontend\entry\src\main\resources\base\profile\main_pages.json cache by regenerate.
[2026-05-10T12:34:38.529] [DEBUG] debug-file - Update task entry:default@PreBuild input file:E:\project\My_project\OpenHarmony\frontend\hvigor\hvigor-config.json5 cache by regenerate.
[2026-05-10T12:34:38.529] [DEBUG] debug-file - Update task entry:default@PreBuild input file:E:\project\My_project\OpenHarmony\frontend\entry\oh-package.json5 cache by regenerate.
[2026-05-10T12:34:38.529] [DEBUG] debug-file - Update task entry:default@PreBuild input file:E:\project\My_project\OpenHarmony\frontend\oh-package.json5 cache by regenerate.
[2026-05-10T12:34:38.529] [DEBUG] debug-file - Incremental task entry:default@PreBuild post-execution cost:1 ms .
[2026-05-10T12:34:38.529] [DEBUG] debug-file - Update task entry:default@CreateModuleInfo output file:E:\project\My_project\OpenHarmony\frontend\entry\build\default\generated\profile\default\ModuleInfo.ts cache.
[2026-05-10T12:34:38.530] [DEBUG] debug-file - Incremental task entry:default@CreateModuleInfo post-execution cost:1 ms .
[2026-05-10T12:34:38.530] [DEBUG] debug-file - There is no need to refresh cache, since the incremental task entry:default@GenerateMetadata is up-to-date.
[2026-05-10T12:34:38.530] [DEBUG] debug-file - There is no need to refresh cache, since the incremental task entry:default@MergeProfile is up-to-date.
[2026-05-10T12:34:38.530] [DEBUG] debug-file - There is no need to refresh cache, since the incremental task entry:default@CreateBuildProfile is up-to-date.
[2026-05-10T12:34:38.530] [DEBUG] debug-file - Update task entry:default@GeneratePkgContextInfo output file:E:\project\My_project\OpenHarmony\frontend\entry\build\default\intermediates\loader\default\pkgContextInfo.json cache.
[2026-05-10T12:34:38.530] [DEBUG] debug-file - Incremental task entry:default@GeneratePkgContextInfo post-execution cost:1 ms .
[2026-05-10T12:34:38.530] [DEBUG] debug-file - There is no need to refresh cache, since the incremental task entry:default@GeneratePkgSdkInfo is up-to-date.
[2026-05-10T12:34:38.530] [DEBUG] debug-file - Update task entry:default@ProcessIntegratedHsp output file:E:\project\My_project\OpenHarmony\frontend\build\cache\default\integrated_hsp\integratedHspCache.json cache.
[2026-05-10T12:34:38.530] [DEBUG] debug-file - Incremental task entry:default@ProcessIntegratedHsp post-execution cost:1 ms .
[2026-05-10T12:34:38.530] [DEBUG] debug-file - There is no need to refresh cache, since the incremental task entry:default@MakePackInfo is up-to-date.
[2026-05-10T12:34:38.530] [DEBUG] debug-file - Update task entry:default@SyscapTransform input file:E:\Program Files\Huawei\DevEco Studio\sdk\default\openharmony\toolchains\syscap_tool.exe cache by regenerate.
[2026-05-10T12:34:38.530] [DEBUG] debug-file - Update task entry:default@SyscapTransform input file:E:\Program Files\Huawei\DevEco Studio\sdk\default\openharmony\ets\api\device-define cache by regenerate.
[2026-05-10T12:34:38.530] [DEBUG] debug-file - Update task entry:default@SyscapTransform output file:E:\project\My_project\OpenHarmony\frontend\entry\build\default\intermediates\syscap\default\rpcid.sc cache.
[2026-05-10T12:34:38.530] [DEBUG] debug-file - Incremental task entry:default@SyscapTransform post-execution cost:1 ms .
[2026-05-10T12:34:38.530] [DEBUG] debug-file - There is no need to refresh cache, since the incremental task entry:default@ProcessProfile is up-to-date.
[2026-05-10T12:34:38.530] [DEBUG] debug-file - There is no need to refresh cache, since the incremental task entry:default@ProcessRouterMap is up-to-date.
[2026-05-10T12:34:38.530] [DEBUG] debug-file - There is no need to refresh cache, since the incremental task entry:default@ProcessShareConfig is up-to-date.
[2026-05-10T12:34:38.530] [DEBUG] debug-file - Update task entry:default@ProcessStartupConfig output file:E:\project\My_project\OpenHarmony\frontend\entry\build\default\intermediates\startup\default\startup_config.json cache.
[2026-05-10T12:34:38.531] [DEBUG] debug-file - Incremental task entry:default@ProcessStartupConfig post-execution cost:1 ms .
[2026-05-10T12:34:38.531] [DEBUG] debug-file - There is no need to refresh cache, since the incremental task entry:default@ProcessResource is up-to-date.
[2026-05-10T12:34:38.531] [DEBUG] debug-file - There is no need to refresh cache, since the incremental task entry:default@GenerateLoaderJson is up-to-date.
[2026-05-10T12:34:38.531] [DEBUG] debug-file - There is no need to refresh cache, since the incremental task entry:default@ProcessLibs is up-to-date.
[2026-05-10T12:34:38.531] [DEBUG] debug-file - There is no need to refresh cache, since the incremental task entry:default@CompileResource is up-to-date.
[2026-05-10T12:34:38.531] [DEBUG] debug-file - There is no need to refresh cache, since the incremental task entry:default@DoNativeStrip is up-to-date.
[2026-05-10T12:34:38.531] [DEBUG] debug-file - Update task entry:default@CompileArkTS input file:E:\project\My_project\OpenHarmony\frontend\entry\build\default\intermediates\loader\default cache from map.
[2026-05-10T12:34:38.532] [DEBUG] debug-file - Update task entry:default@CompileArkTS input file:E:\project\My_project\OpenHarmony\frontend\entry\build\default\intermediates\res\default\resources\rawfile cache by regenerate.
[2026-05-10T12:34:38.532] [DEBUG] debug-file - Update task entry:default@CompileArkTS input file:E:\project\My_project\OpenHarmony\frontend\entry\build\default\intermediates\res\default\ResourceTable.txt cache by regenerate.
[2026-05-10T12:34:38.532] [DEBUG] debug-file - Update task entry:default@CompileArkTS input file:E:\project\My_project\OpenHarmony\frontend\entry\build\default\intermediates\res\default\ark_module.json cache by regenerate.
[2026-05-10T12:34:38.532] [DEBUG] debug-file - Update task entry:default@CompileArkTS input file:E:\project\My_project\OpenHarmony\frontend\entry\build\default\intermediates\res\default\resources\base\profile cache by regenerate.
[2026-05-10T12:34:38.532] [DEBUG] debug-file - Update task entry:default@CompileArkTS input file:E:\project\My_project\OpenHarmony\frontend\entry\src\main\ets cache by regenerate.
[2026-05-10T12:34:38.535] [DEBUG] debug-file - Update task entry:default@CompileArkTS input file:E:\project\My_project\OpenHarmony\frontend\entry\build\default\generated\profile\default\BuildProfile.ets cache by regenerate.
[2026-05-10T12:34:38.535] [DEBUG] debug-file - Update task entry:default@CompileArkTS output file:E:\project\My_project\OpenHarmony\frontend\entry\build\default\intermediates\loader_out\default\ets cache.
[2026-05-10T12:34:38.536] [DEBUG] debug-file - Incremental task entry:default@CompileArkTS post-execution cost:5 ms .
[2026-05-10T12:34:38.536] [DEBUG] debug-file - Update task entry:default@BuildJS input file:E:\project\My_project\OpenHarmony\frontend\entry\build\default\intermediates\loader\default cache by regenerate.
[2026-05-10T12:34:38.536] [DEBUG] debug-file - Update task entry:default@BuildJS input file:E:\project\My_project\OpenHarmony\frontend\entry\build\default\intermediates\res\default\resources\rawfile cache by regenerate.
[2026-05-10T12:34:38.536] [DEBUG] debug-file - Update task entry:default@BuildJS input file:E:\project\My_project\OpenHarmony\frontend\entry\build\default\intermediates\res\default\ResourceTable.txt cache by regenerate.
[2026-05-10T12:34:38.536] [DEBUG] debug-file - Update task entry:default@BuildJS input file:E:\project\My_project\OpenHarmony\frontend\entry\build\default\intermediates\res\default\ark_module.json cache by regenerate.
[2026-05-10T12:34:38.536] [DEBUG] debug-file - Update task entry:default@BuildJS input file:E:\project\My_project\OpenHarmony\frontend\entry\build\default\intermediates\res\default\resources\base\profile cache by regenerate.
[2026-05-10T12:34:38.537] [DEBUG] debug-file - Update task entry:default@BuildJS output file:E:\project\My_project\OpenHarmony\frontend\entry\build\default\intermediates\loader_out\default\js cache.
[2026-05-10T12:34:38.537] [DEBUG] debug-file - Incremental task entry:default@BuildJS post-execution cost:2 ms .
[2026-05-10T12:34:38.537] [DEBUG] debug-file - There is no need to refresh cache, since the incremental task entry:default@CacheNativeLibs is up-to-date.
[2026-05-10T12:34:38.537] [DEBUG] debug-file - There is no need to refresh cache, since the incremental task entry:default@GeneratePkgModuleJson is up-to-date.
[2026-05-10T12:34:38.537] [DEBUG] debug-file - Incremental task entry:default@ProcessCompiledResources post-execution cost:1 ms .
[2026-05-10T12:34:38.537] [DEBUG] debug-file - Update task entry:default@PackageHap input file:E:\project\My_project\OpenHarmony\frontend\entry\build\default\intermediates\stripped_native_libs\default cache by regenerate.
[2026-05-10T12:34:38.538] [DEBUG] debug-file - Update task entry:default@PackageHap input file:E:\project\My_project\OpenHarmony\frontend\entry\build\default\intermediates\res\default\module.json cache by regenerate.
[2026-05-10T12:34:38.538] [DEBUG] debug-file - Update task entry:default@PackageHap input file:E:\project\My_project\OpenHarmony\frontend\entry\build\default\intermediates\res\default\resources cache by regenerate.
[2026-05-10T12:34:38.538] [DEBUG] debug-file - Update task entry:default@PackageHap input file:E:\project\My_project\OpenHarmony\frontend\entry\build\default\intermediates\res\default\resources.index cache by regenerate.
[2026-05-10T12:34:38.539] [DEBUG] debug-file - Update task entry:default@PackageHap input file:E:\project\My_project\OpenHarmony\frontend\entry\build\default\outputs\default\pack.info cache by regenerate.
[2026-05-10T12:34:38.539] [DEBUG] debug-file - Update task entry:default@PackageHap input file:E:\project\My_project\OpenHarmony\frontend\entry\build\default\intermediates\loader_out\default\ets cache from map.
[2026-05-10T12:34:38.539] [DEBUG] debug-file - Update task entry:default@PackageHap input file:E:\project\My_project\OpenHarmony\frontend\entry\build\default\intermediates\loader\default\pkgSdkInfo.json cache by regenerate.
[2026-05-10T12:34:38.539] [DEBUG] debug-file - Update task entry:default@PackageHap input file:E:\project\My_project\OpenHarmony\frontend\entry\build\default\intermediates\loader_out\default\ets\sourceMaps.map cache by regenerate.
[2026-05-10T12:34:38.539] [DEBUG] debug-file - Update task entry:default@PackageHap input file:E:\project\My_project\OpenHarmony\frontend\entry\build\default\generated\profile\default\BuildProfile.ets cache by regenerate.
[2026-05-10T12:34:38.539] [DEBUG] debug-file - Update task entry:default@PackageHap output file:E:\project\My_project\OpenHarmony\frontend\entry\build\default\outputs\default\entry-default-unsigned.hap cache.
[2026-05-10T12:34:38.539] [DEBUG] debug-file - Update task entry:default@PackageHap output file:E:\project\My_project\OpenHarmony\frontend\entry\build\default\intermediates\source_map\default\sourceMaps.map cache.
[2026-05-10T12:34:38.539] [DEBUG] debug-file - Update task entry:default@PackageHap output file:E:\project\My_project\OpenHarmony\frontend\entry\build\default\outputs\default\mapping\sourceMaps.map cache.
[2026-05-10T12:34:38.539] [DEBUG] debug-file - Incremental task entry:default@PackageHap post-execution cost:2 ms .
[2026-05-10T12:34:38.539] [DEBUG] debug-file - Update task entry:default@SignHap input file:E:\project\My_project\OpenHarmony\frontend\entry\build\default\outputs\default\entry-default-unsigned.hap cache from map.
[2026-05-10T12:34:38.539] [DEBUG] debug-file - Update task entry:default@SignHap output file:E:\project\My_project\OpenHarmony\frontend\entry\build\default\outputs\default\entry-default-signed.hap cache.
[2026-05-10T12:34:38.539] [DEBUG] debug-file - Incremental task entry:default@SignHap post-execution cost:1 ms .
[2026-05-10T12:34:38.539] [DEBUG] debug-file - Update task entry:default@CollectDebugSymbol input file:E:\project\My_project\OpenHarmony\frontend\entry\build\default\intermediates\loader_out\default\ets\sourceMaps.map cache by regenerate.
[2026-05-10T12:34:38.540] [DEBUG] debug-file - Update task entry:default@CollectDebugSymbol input file:E:\project\My_project\OpenHarmony\frontend\entry\build\default\intermediates\libs\default cache by regenerate.
[2026-05-10T12:34:38.540] [DEBUG] debug-file - Update task entry:default@CollectDebugSymbol output file:E:\project\My_project\OpenHarmony\frontend\entry\build\default\outputs\default\symbol cache.
[2026-05-10T12:34:38.540] [DEBUG] debug-file - Incremental task entry:default@CollectDebugSymbol post-execution cost:1 ms .
[2026-05-10T12:34:38.550] [DEBUG] debug-file - session manager: send message to worker process.
[2026-05-10T12:34:38.550] [DEBUG] debug-file - session manager: send message to worker process.
[2026-05-10T12:34:38.550] [DEBUG] debug-file - Cleanup worker 0.
[2026-05-10T12:34:38.550] [DEBUG] debug-file - Worker 0 has been cleaned up.
[2026-05-10T12:34:38.550] [DEBUG] debug-file - Current idle worker size: 3.
[2026-05-10T12:34:38.550] [DEBUG] debug-file - Current resident worker size: 4.
[2026-05-10T12:34:38.550] [DEBUG] debug-file - Cleanup worker 1.
[2026-05-10T12:34:38.551] [DEBUG] debug-file - Worker 1 has been cleaned up.
[2026-05-10T12:34:38.551] [DEBUG] debug-file - Current idle worker size: 2.
[2026-05-10T12:34:38.551] [DEBUG] debug-file - Current resident worker size: 4.
[2026-05-10T12:34:38.551] [DEBUG] debug-file - Cleanup worker 14.
[2026-05-10T12:34:38.551] [DEBUG] debug-file - Worker 14 has been cleaned up.
[2026-05-10T12:34:38.551] [DEBUG] debug-file - Current idle worker size: 1.
[2026-05-10T12:34:38.551] [DEBUG] debug-file - Current resident worker size: 4.
[2026-05-10T12:34:38.552] [DEBUG] debug-file - hvigor build process will be closed.
[2026-05-10T12:34:38.555] [DEBUG] debug-file - watch worker: worker id should be larger than 0. Nothing will be sent to any worker thread.
[2026-05-10T12:34:38.555] [DEBUG] debug-file - worker[1] exits with exit code 1.
[2026-05-10T12:34:38.555] [DEBUG] debug-file - worker[0] exits with exit code 1.
[2026-05-10T12:34:38.555] [DEBUG] debug-file - worker[14] exits with exit code 1.
[2026-05-10T12:34:38.556] [DEBUG] debug-file - watch worker: worker id should be larger than 0. Nothing will be sent to any worker thread.
[2026-05-10T12:34:54.316] [DEBUG] debug-file - env: nodejsVersion=v18.20.1
[2026-05-10T12:34:54.375] [DEBUG] debug-file - env: daemon=true
[2026-05-10T12:34:54.317] [DEBUG] debug-file - env: hvigor-config.json5 content = { modelVersion: '5.0.0', dependencies: {} }
[2026-05-10T12:34:54.886] [DEBUG] debug-file - java daemon tryConnect failed Error: connect ECONNREFUSED 127.0.0.1:45050
[2026-05-10T12:34:54.893] [DEBUG] debug-file - java daemon started at port 45050 pid 24924
[2026-05-10T12:34:54.916] [DEBUG] debug-file - session manager: set active socket. socketId=wAH-6pX4-hMhN8zHAAAB
[2026-05-10T12:34:55.439] [DEBUG] debug-file - watch worker: worker id should be larger than 0. Nothing will be sent to any worker thread.
[2026-05-10T12:34:55.441] [DEBUG] debug-file - Since there is no instance or instance is terminated, create a new worker pool.
[2026-05-10T12:34:55.442] [DEBUG] debug-file - Worker pool is initialized with config:  {
  minPoolNum: 2,
  maxPoolNum: undefined,
  maxCoreSize: undefined,
  cacheCapacity: undefined,
  cacheTtl: undefined
}
[2026-05-10T12:34:55.443] [DEBUG] debug-file - Create  resident worker with id: 0.
[2026-05-10T12:34:55.444] [DEBUG] debug-file - Create  resident worker with id: 1.
[2026-05-10T12:34:55.446] [DEBUG] debug-file - Workers' log level updated to INFO
[2026-05-10T12:34:55.450] [DEBUG] debug-file - Hvigor init with startParameters:{
  hvigorfileTypeCheck: false,
  parallelExecution: true,
  incrementalExecution: true,
  printStackTrace: false,
  daemon: true,
  analyze: 0,
  logLevel: Level { level: 20000, levelStr: 'INFO', colour: 'green' },
  optimizationStrategy: 'memory',
  hotCompile: undefined,
  hotReloadBuild: undefined,
  customizedParam: undefined
}
[2026-05-10T12:34:55.454] [DEBUG] debug-file - Cache service initialization finished in 4 ms 
[2026-05-10T12:34:55.456] [DEBUG] debug-file - hvigorfile, resolving E:\project\My_project\OpenHarmony\frontend\hvigorfile.ts
[2026-05-10T12:34:56.606] [DEBUG] debug-file - hvigorfile, require result:  { default: { plugins: [] } }
[2026-05-10T12:34:56.606] [DEBUG] debug-file - hvigorfile, binding system plugins null
[2026-05-10T12:34:56.607] [DEBUG] debug-file - Starting plugin build process
[2026-05-10T12:34:56.607] [DEBUG] debug-file - App plugin prepare start...
[2026-05-10T12:34:56.607] [DEBUG] debug-file - App plugin prepare end...
[2026-05-10T12:34:56.607] [DEBUG] debug-file - App plugin creating...
[2026-05-10T12:34:56.733] [DEBUG] debug-file - App plugin register hook start...
[2026-05-10T12:34:56.734] [DEBUG] debug-file - App plugin register hook end...
[2026-05-10T12:34:56.734] [DEBUG] debug-file - Plugin build process completed
[2026-05-10T12:34:56.735] [DEBUG] debug-file - Start initialize project's product build option map with build mode debug.
[2026-05-10T12:34:56.735] [DEBUG] debug-file - Picking option from product 'default' with build mode 'debug'.
[2026-05-10T12:34:56.735] [DEBUG] debug-file - Product 'default' build option initialized
[2026-05-10T12:34:56.735] [DEBUG] debug-file - End initialize project's product build option map with build mode 'debug'.
[2026-05-10T12:34:56.737] [DEBUG] debug-file - Obtain build option for product 'default'in this build.
[2026-05-10T12:34:56.738] [DEBUG] debug-file - No signingConfig found, initRemoteHspCache failed.
[2026-05-10T12:34:56.739] [DEBUG] debug-file - Local scan or download HarmonyOS sdk components toolchains,ets,js,native,previewer
[2026-05-10T12:34:56.741] [DEBUG] debug-file - Local scan or download hmscore sdk components toolchains,ets,native
[2026-05-10T12:34:56.742] [DEBUG] debug-file - Start recording SDK configuration permission data.
[2026-05-10T12:34:56.771] [DEBUG] debug-file - Sdk init in 33 ms 
[2026-05-10T12:34:56.777] [DEBUG] debug-file - Project task initialization takes 5 ms 
[2026-05-10T12:34:56.777] [DEBUG] debug-file - hvigorfile, begin to bind custom plugins...
[2026-05-10T12:34:56.777] [DEBUG] debug-file - hvigorfile, no custom plugins were found in E:\project\My_project\OpenHarmony\frontend\hvigorfile.ts
[2026-05-10T12:34:56.777] [DEBUG] debug-file - hvigorfile, resolve finished E:\project\My_project\OpenHarmony\frontend\hvigorfile.ts
[2026-05-10T12:34:56.777] [DEBUG] debug-file - hvigorfile, resolving E:\project\My_project\OpenHarmony\frontend\entry\hvigorfile.ts
[2026-05-10T12:34:56.782] [DEBUG] debug-file - hvigorfile, require result:  { default: { plugins: [] } }
[2026-05-10T12:34:56.782] [DEBUG] debug-file - hvigorfile, binding system plugins null
[2026-05-10T12:34:56.782] [DEBUG] debug-file - Starting plugin build process
[2026-05-10T12:34:56.782] [DEBUG] debug-file - Hap plugin creating...
[2026-05-10T12:34:56.783] [DEBUG] debug-file - failed to load cangjie to dynamically generate schemas: Error: Cannot find module '@ohos/cangjie-build-support/index'
Require stack:
- E:\Program Files\Huawei\DevEco Studio\tools\hvigor\hvigor-ohos-plugin\src\plugin\hooks\cangjie-register.js
- E:\Program Files\Huawei\DevEco Studio\tools\hvigor\hvigor-ohos-plugin\src\plugin\strategy\stage-init-strategy.js
- E:\Program Files\Huawei\DevEco Studio\tools\hvigor\hvigor-ohos-plugin\src\plugin\builder\abstract-plugin-builder.js
- E:\Program Files\Huawei\DevEco Studio\tools\hvigor\hvigor-ohos-plugin\src\plugin\builder\app-plugin-builder.js
- E:\Program Files\Huawei\DevEco Studio\tools\hvigor\hvigor-ohos-plugin\src\plugin\factory\plugin-factory.js
- E:\Program Files\Huawei\DevEco Studio\tools\hvigor\hvigor-ohos-plugin\index.js
- E:\project\My_project\OpenHarmony\frontend\hvigorfile.ts
- E:\Program Files\Huawei\DevEco Studio\tools\hvigor\hvigor\src\base\internal\lifecycle\configuration.js
- E:\Program Files\Huawei\DevEco Studio\tools\hvigor\hvigor\src\base\boot\index.js
- E:\Program Files\Huawei\DevEco Studio\tools\hvigor\hvigor\src\base\daemon\cluster\worker-process-lifecycle.js
- E:\Program Files\Huawei\DevEco Studio\tools\hvigor\hvigor\src\base\daemon\process\daemon-process-boot-script.js
[2026-05-10T12:34:56.791] [DEBUG] debug-file - Start initialize module-target build option map, moduleName=entry, buildMode=debug
[2026-05-10T12:34:56.791] [DEBUG] debug-file - Target 'default' config initialized
[2026-05-10T12:34:56.792] [DEBUG] debug-file - Module 'entry' target 'default' build option initialized
[2026-05-10T12:34:56.792] [DEBUG] debug-file - End initialize module-target build option map, moduleName=entry
[2026-05-10T12:34:56.792] [DEBUG] debug-file - Start initialize module-target build option map, moduleName=entry, buildMode=release
[2026-05-10T12:34:56.792] [DEBUG] debug-file - Target 'default' config initialized
[2026-05-10T12:34:56.792] [DEBUG] debug-file - Module 'entry' target 'default' build option initialized
[2026-05-10T12:34:56.792] [DEBUG] debug-file - End initialize module-target build option map, moduleName=entry
[2026-05-10T12:34:56.792] [DEBUG] debug-file - Start initialize module-target build option map, moduleName=entry, buildMode=debug
[2026-05-10T12:34:56.792] [DEBUG] debug-file - Target 'default' config initialized
[2026-05-10T12:34:56.793] [DEBUG] debug-file - Module 'entry' target 'default' build option initialized
[2026-05-10T12:34:56.793] [DEBUG] debug-file - End initialize module-target build option map, moduleName=entry
[2026-05-10T12:34:56.793] [DEBUG] debug-file - Obtain build option for module 'entry' target 'default'in this build.
[2026-05-10T12:34:56.797] [DEBUG] debug-file - Module entry task initialization takes 4 ms 
[2026-05-10T12:34:56.797] [DEBUG] debug-file - Hap plugin register hook start...
[2026-05-10T12:34:56.797] [DEBUG] debug-file - Hap plugin register hook end...
[2026-05-10T12:34:56.797] [DEBUG] debug-file - Plugin build process completed
[2026-05-10T12:34:56.797] [DEBUG] debug-file - hvigorfile, begin to bind custom plugins...
[2026-05-10T12:34:56.797] [DEBUG] debug-file - hvigorfile, no custom plugins were found in E:\project\My_project\OpenHarmony\frontend\entry\hvigorfile.ts
[2026-05-10T12:34:56.797] [DEBUG] debug-file - hvigorfile, resolve finished E:\project\My_project\OpenHarmony\frontend\entry\hvigorfile.ts
[2026-05-10T12:34:56.811] [DEBUG] debug-file - hvigorfile, resolve hvigorfile dependencies in 13 ms 
[2026-05-10T12:34:56.811] [DEBUG] debug-file - project has submodules:entry
[2026-05-10T12:34:56.812] [DEBUG] debug-file - start to load updatedOhPackageInfo to the disk
[2026-05-10T12:34:56.814] [DEBUG] debug-file - load to the disk finished
[2026-05-10T12:34:56.814] [DEBUG] debug-file - Start to initialize dependency information.
[2026-05-10T12:34:56.816] [DEBUG] debug-file - Module frontend Collected Dependency: 
[2026-05-10T12:34:56.816] [DEBUG] debug-file - Module frontend's total dependency: 0
[2026-05-10T12:34:56.816] [DEBUG] debug-file - Start to initialize dependency information.
[2026-05-10T12:34:56.818] [DEBUG] debug-file - Module entry Collected Dependency: 
[2026-05-10T12:34:56.818] [DEBUG] debug-file - Module entry's total dependency: 0
[2026-05-10T12:34:56.820] [DEBUG] debug-file - Configuration phase cost:1 s 366 ms 
[2026-05-10T12:34:56.821] [DEBUG] debug-file - Configuration task cost before running: 1 s 376 ms 
[2026-05-10T12:34:56.822] [DEBUG] debug-file - Executing task :entry:init
[2026-05-10T12:34:56.822] [DEBUG] debug-file - entry : init cost memory 0.0164642333984375
[2026-05-10T12:34:56.822] [DEBUG] debug-file - runTaskFromQueue task cost before running: 1 s 376 ms 
[2026-05-10T12:34:56.822] [INFO] debug-file - Finished :entry:init... after 1 ms 
[2026-05-10T12:34:56.822] [DEBUG] debug-file - Executing task ::init
[2026-05-10T12:34:56.823] [DEBUG] debug-file - frontend : init cost memory 0.014190673828125
[2026-05-10T12:34:56.823] [DEBUG] debug-file - runTaskFromQueue task cost before running: 1 s 377 ms 
[2026-05-10T12:34:56.823] [INFO] debug-file - Finished ::init... after 1 ms 
[2026-05-10T12:34:56.832] [DEBUG] debug-file - Obtain build option for module 'entry' target 'default'in this build.
[2026-05-10T12:34:56.838] [DEBUG] debug-file - session manager: send message to worker process.
[2026-05-10T12:34:56.839] [DEBUG] debug-file - session manager: send message to worker process.
[2026-05-10T12:34:56.839] [DEBUG] debug-file - Cleanup worker 0.
[2026-05-10T12:34:56.839] [DEBUG] debug-file - Worker 0 has been cleaned up.
[2026-05-10T12:34:56.839] [DEBUG] debug-file - Current idle worker size: 1.
[2026-05-10T12:34:56.839] [DEBUG] debug-file - Current resident worker size: 2.
[2026-05-10T12:34:56.839] [DEBUG] debug-file - Cleanup worker 1.
[2026-05-10T12:34:56.839] [DEBUG] debug-file - Worker 1 has been cleaned up.
[2026-05-10T12:34:56.839] [DEBUG] debug-file - Current idle worker size: 0.
[2026-05-10T12:34:56.840] [DEBUG] debug-file - Current resident worker size: 2.
[2026-05-10T12:34:56.840] [DEBUG] debug-file - hvigor build process will be closed.
[2026-05-10T12:34:56.842] [DEBUG] debug-file - watch worker: worker id should be larger than 0. Nothing will be sent to any worker thread.
[2026-05-10T12:34:56.842] [DEBUG] debug-file - watch worker: worker id should be larger than 0. Nothing will be sent to any worker thread.
[2026-05-10T12:34:56.845] [DEBUG] debug-file - worker[0] exits with exit code 1.
[2026-05-10T12:34:56.846] [DEBUG] debug-file - worker[1] exits with exit code 1.
[2026-05-10T12:34:56.980] [DEBUG] debug-file - session manager: set active socket. socketId=j651dhM4S9TJzMHKAAAD
[2026-05-10T12:34:56.984] [DEBUG] debug-file - watch worker: worker id should be larger than 0. Nothing will be sent to any worker thread.
[2026-05-10T12:34:56.986] [DEBUG] debug-file - Workers' log level updated to INFO
[2026-05-10T12:34:56.988] [DEBUG] debug-file - Hvigor init with startParameters:{
  hvigorfileTypeCheck: false,
  parallelExecution: true,
  incrementalExecution: true,
  printStackTrace: false,
  daemon: true,
  analyze: 0,
  logLevel: Level { level: 20000, levelStr: 'INFO', colour: 'green' },
  optimizationStrategy: 'memory',
  hotCompile: undefined,
  hotReloadBuild: true,
  customizedParam: undefined
}
[2026-05-10T12:34:56.989] [DEBUG] debug-file - Cache service initialization finished in 2 ms 
[2026-05-10T12:34:56.990] [DEBUG] debug-file - hvigorfile, resolving E:\project\My_project\OpenHarmony\frontend\hvigorfile.ts
[2026-05-10T12:34:56.993] [DEBUG] debug-file - hvigorfile, require result:  { default: { plugins: [] } }
[2026-05-10T12:34:56.993] [DEBUG] debug-file - hvigorfile, binding system plugins null
[2026-05-10T12:34:56.993] [DEBUG] debug-file - Starting plugin build process
[2026-05-10T12:34:56.993] [DEBUG] debug-file - App plugin prepare start...
[2026-05-10T12:34:56.993] [DEBUG] debug-file - App plugin prepare end...
[2026-05-10T12:34:56.993] [DEBUG] debug-file - App plugin creating...
[2026-05-10T12:34:56.996] [DEBUG] debug-file - App plugin register hook start...
[2026-05-10T12:34:56.996] [DEBUG] debug-file - App plugin register hook end...
[2026-05-10T12:34:56.996] [DEBUG] debug-file - Plugin build process completed
[2026-05-10T12:34:56.996] [DEBUG] debug-file - Start initialize project's product build option map with build mode debug.
[2026-05-10T12:34:56.996] [DEBUG] debug-file - Picking option from product 'default' with build mode 'debug'.
[2026-05-10T12:34:56.997] [DEBUG] debug-file - Product 'default' build option initialized
[2026-05-10T12:34:56.997] [DEBUG] debug-file - End initialize project's product build option map with build mode 'debug'.
[2026-05-10T12:34:56.997] [DEBUG] debug-file - Obtain build option for product 'default'in this build.
[2026-05-10T12:34:56.997] [DEBUG] debug-file - No signingConfig found, initRemoteHspCache failed.
[2026-05-10T12:34:56.999] [DEBUG] debug-file - Start recording SDK configuration permission data.
[2026-05-10T12:34:57.018] [DEBUG] debug-file - Sdk init in 21 ms 
[2026-05-10T12:34:57.021] [DEBUG] debug-file - Project task initialization takes 2 ms 
[2026-05-10T12:34:57.021] [DEBUG] debug-file - hvigorfile, begin to bind custom plugins...
[2026-05-10T12:34:57.021] [DEBUG] debug-file - hvigorfile, no custom plugins were found in E:\project\My_project\OpenHarmony\frontend\hvigorfile.ts
[2026-05-10T12:34:57.021] [DEBUG] debug-file - hvigorfile, resolve finished E:\project\My_project\OpenHarmony\frontend\hvigorfile.ts
[2026-05-10T12:34:57.021] [DEBUG] debug-file - hvigorfile, resolving E:\project\My_project\OpenHarmony\frontend\entry\hvigorfile.ts
[2026-05-10T12:34:57.024] [DEBUG] debug-file - hvigorfile, require result:  { default: { plugins: [] } }
[2026-05-10T12:34:57.024] [DEBUG] debug-file - hvigorfile, binding system plugins null
[2026-05-10T12:34:57.024] [DEBUG] debug-file - Starting plugin build process
[2026-05-10T12:34:57.024] [DEBUG] debug-file - Hap plugin creating...
[2026-05-10T12:34:57.025] [DEBUG] debug-file - failed to load cangjie to dynamically generate schemas: Error: Cannot find module '@ohos/cangjie-build-support/index'
Require stack:
- E:\Program Files\Huawei\DevEco Studio\tools\hvigor\hvigor-ohos-plugin\src\plugin\hooks\cangjie-register.js
- E:\Program Files\Huawei\DevEco Studio\tools\hvigor\hvigor-ohos-plugin\src\plugin\strategy\stage-init-strategy.js
- E:\Program Files\Huawei\DevEco Studio\tools\hvigor\hvigor-ohos-plugin\src\plugin\builder\abstract-plugin-builder.js
- E:\Program Files\Huawei\DevEco Studio\tools\hvigor\hvigor-ohos-plugin\src\plugin\builder\app-plugin-builder.js
- E:\Program Files\Huawei\DevEco Studio\tools\hvigor\hvigor-ohos-plugin\src\plugin\factory\plugin-factory.js
- E:\Program Files\Huawei\DevEco Studio\tools\hvigor\hvigor-ohos-plugin\index.js
- E:\project\My_project\OpenHarmony\frontend\hvigorfile.ts
- E:\Program Files\Huawei\DevEco Studio\tools\hvigor\hvigor\src\base\internal\lifecycle\configuration.js
- E:\Program Files\Huawei\DevEco Studio\tools\hvigor\hvigor\src\base\boot\index.js
- E:\Program Files\Huawei\DevEco Studio\tools\hvigor\hvigor\src\base\daemon\cluster\worker-process-lifecycle.js
- E:\Program Files\Huawei\DevEco Studio\tools\hvigor\hvigor\src\base\daemon\process\daemon-process-boot-script.js
[2026-05-10T12:34:57.026] [DEBUG] debug-file - Start initialize module-target build option map, moduleName=entry, buildMode=debug
[2026-05-10T12:34:57.026] [DEBUG] debug-file - Target 'default' config initialized
[2026-05-10T12:34:57.026] [DEBUG] debug-file - Module 'entry' target 'default' build option initialized
[2026-05-10T12:34:57.026] [DEBUG] debug-file - End initialize module-target build option map, moduleName=entry
[2026-05-10T12:34:57.026] [DEBUG] debug-file - Start initialize module-target build option map, moduleName=entry, buildMode=release
[2026-05-10T12:34:57.026] [DEBUG] debug-file - Target 'default' config initialized
[2026-05-10T12:34:57.026] [DEBUG] debug-file - Module 'entry' target 'default' build option initialized
[2026-05-10T12:34:57.026] [DEBUG] debug-file - End initialize module-target build option map, moduleName=entry
[2026-05-10T12:34:57.026] [DEBUG] debug-file - Start initialize module-target build option map, moduleName=entry, buildMode=debug
[2026-05-10T12:34:57.026] [DEBUG] debug-file - Target 'default' config initialized
[2026-05-10T12:34:57.026] [DEBUG] debug-file - Module 'entry' target 'default' build option initialized
[2026-05-10T12:34:57.027] [DEBUG] debug-file - End initialize module-target build option map, moduleName=entry
[2026-05-10T12:34:57.027] [DEBUG] debug-file - Obtain build option for module 'entry' target 'default'in this build.
[2026-05-10T12:34:57.027] [DEBUG] debug-file - Module entry task initialization takes 1 ms 
[2026-05-10T12:34:57.027] [DEBUG] debug-file - Hap plugin register hook start...
[2026-05-10T12:34:57.027] [DEBUG] debug-file - Hap plugin register hook end...
[2026-05-10T12:34:57.027] [DEBUG] debug-file - Plugin build process completed
[2026-05-10T12:34:57.028] [DEBUG] debug-file - hvigorfile, begin to bind custom plugins...
[2026-05-10T12:34:57.028] [DEBUG] debug-file - hvigorfile, no custom plugins were found in E:\project\My_project\OpenHarmony\frontend\entry\hvigorfile.ts
[2026-05-10T12:34:57.028] [DEBUG] debug-file - hvigorfile, resolve finished E:\project\My_project\OpenHarmony\frontend\entry\hvigorfile.ts
[2026-05-10T12:34:57.040] [DEBUG] debug-file - hvigorfile, resolve hvigorfile dependencies in 13 ms 
[2026-05-10T12:34:57.040] [DEBUG] debug-file - project has submodules:entry
[2026-05-10T12:34:57.041] [DEBUG] debug-file - start to load updatedOhPackageInfo to the disk
[2026-05-10T12:34:57.042] [DEBUG] debug-file - load to the disk finished
[2026-05-10T12:34:57.042] [DEBUG] debug-file - Start to initialize dependency information.
[2026-05-10T12:34:57.043] [DEBUG] debug-file - Module frontend Collected Dependency: 
[2026-05-10T12:34:57.043] [DEBUG] debug-file - Module frontend's total dependency: 0
[2026-05-10T12:34:57.044] [DEBUG] debug-file - Start to initialize dependency information.
[2026-05-10T12:34:57.044] [DEBUG] debug-file - Module entry Collected Dependency: 
[2026-05-10T12:34:57.044] [DEBUG] debug-file - Module entry's total dependency: 0
[2026-05-10T12:34:57.045] [DEBUG] debug-file - Configuration phase cost:56 ms 
[2026-05-10T12:34:57.046] [DEBUG] debug-file - Configuration task cost before running: 61 ms 
[2026-05-10T12:34:57.050] [DEBUG] debug-file - Executing task :entry:default@PreBuild
[2026-05-10T12:34:57.053] [DEBUG] debug-file - Task 'entry:default@PreBuild' cost while wrapping incremental declarations: 1 ms 
[2026-05-10T12:34:57.058] [DEBUG] debug-file - entry:default@PreBuild is not up-to-date, since the task snapshots are different.
[2026-05-10T12:34:57.058] [DEBUG] debug-file - Incremental task entry:default@PreBuild pre-execution cost: 3 ms .
[2026-05-10T12:34:57.153] [DEBUG] debug-file - current product is not Atomic service.
[2026-05-10T12:34:57.153] [DEBUG] debug-file - Use tool [win32: JAVA_HOME, CLASSPATH]
 [
  { JAVA_HOME: 'E:\\Program Files\\Huawei\\DevEco Studio\\jbr' },
  { CLASSPATH: undefined }
]
[2026-05-10T12:34:57.153] [DEBUG] debug-file - Use tool [win32: NODE_HOME]
 [
  {
    NODE_HOME: 'E:\\Program Files\\Huawei\\DevEco Studio\\tools\\node'
  }
]
[2026-05-10T12:34:57.154] [DEBUG] debug-file - entry : default@PreBuild cost memory 10.227149963378906
[2026-05-10T12:34:57.154] [DEBUG] debug-file - runTaskFromQueue task cost before running: 168 ms 
[2026-05-10T12:34:57.155] [INFO] debug-file - Finished :entry:default@PreBuild... after 104 ms 
[2026-05-10T12:34:57.156] [DEBUG] debug-file - Executing task :entry:default@CreateModuleInfo
[2026-05-10T12:34:57.156] [DEBUG] debug-file - Task 'entry:default@CreateModuleInfo' cost while wrapping incremental declarations: 1 ms 
[2026-05-10T12:34:57.157] [DEBUG] debug-file - entry : default@CreateModuleInfo cost memory 0.04300689697265625
[2026-05-10T12:34:57.157] [DEBUG] debug-file - runTaskFromQueue task cost before running: 171 ms 
[2026-05-10T12:34:57.157] [INFO] debug-file - Finished :entry:default@CreateModuleInfo... after 1 ms 
[2026-05-10T12:34:57.158] [DEBUG] debug-file - Executing task :entry:default@GenerateMetadata
[2026-05-10T12:34:57.158] [DEBUG] debug-file - Task 'entry:default@GenerateMetadata' cost while wrapping incremental declarations: 1 ms 
[2026-05-10T12:34:57.160] [DEBUG] debug-file - Incremental task entry:default@GenerateMetadata pre-execution cost: 1 ms .
[2026-05-10T12:34:57.160] [DEBUG] debug-file - entry : default@GenerateMetadata cost memory 0.08860015869140625
[2026-05-10T12:34:57.160] [INFO] debug-file - UP-TO-DATE :entry:default@GenerateMetadata...  
[2026-05-10T12:34:57.161] [DEBUG] debug-file - Executing task :entry:default@ConfigureCmake
[2026-05-10T12:34:57.161] [DEBUG] debug-file - entry : default@ConfigureCmake cost memory 0.014617919921875
[2026-05-10T12:34:57.161] [DEBUG] debug-file - runTaskFromQueue task cost before running: 175 ms 
[2026-05-10T12:34:57.161] [INFO] debug-file - Finished :entry:default@ConfigureCmake... after 1 ms 
[2026-05-10T12:34:57.162] [DEBUG] debug-file - Executing task :entry:default@MergeProfile
[2026-05-10T12:34:57.162] [DEBUG] debug-file - Task 'entry:default@MergeProfile' cost while wrapping incremental declarations: 1 ms 
[2026-05-10T12:34:57.164] [DEBUG] debug-file - Incremental task entry:default@MergeProfile pre-execution cost: 1 ms .
[2026-05-10T12:34:57.164] [DEBUG] debug-file - entry : default@MergeProfile cost memory 0.12909698486328125
[2026-05-10T12:34:57.164] [INFO] debug-file - UP-TO-DATE :entry:default@MergeProfile...  
[2026-05-10T12:34:57.164] [DEBUG] debug-file - Executing task :entry:default@CreateBuildProfile
[2026-05-10T12:34:57.165] [DEBUG] debug-file - Task 'entry:default@CreateBuildProfile' cost while wrapping incremental declarations: 1 ms 
[2026-05-10T12:34:57.165] [DEBUG] debug-file - Incremental task entry:default@CreateBuildProfile pre-execution cost: 1 ms .
[2026-05-10T12:34:57.165] [DEBUG] debug-file - entry : default@CreateBuildProfile cost memory 0.10948944091796875
[2026-05-10T12:34:57.165] [INFO] debug-file - UP-TO-DATE :entry:default@CreateBuildProfile...  
[2026-05-10T12:34:57.166] [DEBUG] debug-file - Executing task :entry:default@PreCheckSyscap
[2026-05-10T12:34:57.166] [DEBUG] debug-file - entry : default@PreCheckSyscap cost memory 0.01476287841796875
[2026-05-10T12:34:57.167] [DEBUG] debug-file - runTaskFromQueue task cost before running: 181 ms 
[2026-05-10T12:34:57.167] [INFO] debug-file - Finished :entry:default@PreCheckSyscap... after 1 ms 
[2026-05-10T12:34:57.168] [DEBUG] debug-file - Executing task :entry:default@GeneratePkgContextInfo
[2026-05-10T12:34:57.175] [DEBUG] debug-file - Task 'entry:default@GeneratePkgContextInfo' cost while wrapping incremental declarations: 1 ms 
[2026-05-10T12:34:57.176] [DEBUG] debug-file - entry : default@GeneratePkgContextInfo cost memory 0.4804840087890625
[2026-05-10T12:34:57.176] [DEBUG] debug-file - runTaskFromQueue task cost before running: 190 ms 
[2026-05-10T12:34:57.176] [INFO] debug-file - Finished :entry:default@GeneratePkgContextInfo... after 9 ms 
[2026-05-10T12:34:57.177] [DEBUG] debug-file - Executing task :entry:default@GeneratePkgSdkInfo
[2026-05-10T12:34:57.178] [DEBUG] debug-file - Task 'entry:default@GeneratePkgSdkInfo' cost while wrapping incremental declarations: 1 ms 
[2026-05-10T12:34:57.179] [DEBUG] debug-file - Incremental task entry:default@GeneratePkgSdkInfo pre-execution cost: 1 ms .
[2026-05-10T12:34:57.179] [DEBUG] debug-file - entry : default@GeneratePkgSdkInfo cost memory 0.13872528076171875
[2026-05-10T12:34:57.179] [INFO] debug-file - UP-TO-DATE :entry:default@GeneratePkgSdkInfo...  
[2026-05-10T12:34:57.181] [DEBUG] debug-file - Executing task :entry:default@ProcessIntegratedHsp
[2026-05-10T12:34:57.181] [DEBUG] debug-file - entry:default@ProcessIntegratedHsp is not up-to-date, since the output file 'E:\project\My_project\OpenHarmony\frontend\build\cache\default\integrated_hsp\integratedHspCache.json' does not exist.
[2026-05-10T12:34:57.181] [DEBUG] debug-file - Incremental task entry:default@ProcessIntegratedHsp pre-execution cost: 1 ms .
[2026-05-10T12:34:57.181] [DEBUG] debug-file - entry : default@ProcessIntegratedHsp cost memory 0.05913543701171875
[2026-05-10T12:34:57.181] [DEBUG] debug-file - runTaskFromQueue task cost before running: 196 ms 
[2026-05-10T12:34:57.181] [INFO] debug-file - Finished :entry:default@ProcessIntegratedHsp... after 1 ms 
[2026-05-10T12:34:57.182] [DEBUG] debug-file - Executing task :entry:default@BuildNativeWithCmake
[2026-05-10T12:34:57.182] [DEBUG] debug-file - entry : default@BuildNativeWithCmake cost memory 0.01483154296875
[2026-05-10T12:34:57.182] [DEBUG] debug-file - runTaskFromQueue task cost before running: 197 ms 
[2026-05-10T12:34:57.182] [INFO] debug-file - Finished :entry:default@BuildNativeWithCmake... after 1 ms 
[2026-05-10T12:34:57.183] [DEBUG] debug-file - Executing task :entry:default@MakePackInfo
[2026-05-10T12:34:57.185] [DEBUG] debug-file - Incremental task entry:default@MakePackInfo pre-execution cost: 1 ms .
[2026-05-10T12:34:57.185] [DEBUG] debug-file - entry : default@MakePackInfo cost memory 0.111419677734375
[2026-05-10T12:34:57.185] [INFO] debug-file - UP-TO-DATE :entry:default@MakePackInfo...  
[2026-05-10T12:34:57.186] [DEBUG] debug-file - Executing task :entry:default@SyscapTransform
[2026-05-10T12:34:57.186] [DEBUG] debug-file - File: 'E:\project\My_project\OpenHarmony\frontend\entry\src\main\syscap.json' from 'sysCapJsonPath' is not exists, just ignore.
[2026-05-10T12:34:57.186] [DEBUG] debug-file - Task 'entry:default@SyscapTransform' cost while wrapping incremental declarations: 1 ms 
[2026-05-10T12:34:57.195] [DEBUG] debug-file - entry:default@SyscapTransform is not up-to-date, since the output file 'E:\project\My_project\OpenHarmony\frontend\entry\build\default\intermediates\syscap\default\rpcid.sc' does not exist.
[2026-05-10T12:34:57.195] [DEBUG] debug-file - Incremental task entry:default@SyscapTransform pre-execution cost: 9 ms .
[2026-05-10T12:34:57.195] [DEBUG] debug-file - entry : default@SyscapTransform cost memory 0.15785980224609375
[2026-05-10T12:34:57.195] [DEBUG] debug-file - runTaskFromQueue task cost before running: 210 ms 
[2026-05-10T12:34:57.196] [INFO] debug-file - Finished :entry:default@SyscapTransform... after 10 ms 
[2026-05-10T12:34:57.197] [DEBUG] debug-file - Executing task :entry:default@ProcessProfile
[2026-05-10T12:34:57.197] [DEBUG] debug-file - Task 'entry:default@ProcessProfile' cost while wrapping incremental declarations: 1 ms 
[2026-05-10T12:34:57.198] [DEBUG] debug-file - Incremental task entry:default@ProcessProfile pre-execution cost: 1 ms .
[2026-05-10T12:34:57.198] [DEBUG] debug-file - entry : default@ProcessProfile cost memory 0.13521575927734375
[2026-05-10T12:34:57.198] [INFO] debug-file - UP-TO-DATE :entry:default@ProcessProfile...  
[2026-05-10T12:34:57.198] [DEBUG] debug-file - Executing task :entry:default@ProcessRouterMap
[2026-05-10T12:34:57.199] [DEBUG] debug-file - Incremental task entry:default@ProcessRouterMap pre-execution cost: 1 ms .
[2026-05-10T12:34:57.199] [DEBUG] debug-file - entry : default@ProcessRouterMap cost memory 0.138214111328125
[2026-05-10T12:34:57.200] [INFO] debug-file - UP-TO-DATE :entry:default@ProcessRouterMap...  
[2026-05-10T12:34:57.200] [DEBUG] debug-file - Executing task :entry:default@ProcessShareConfig
[2026-05-10T12:34:57.201] [DEBUG] debug-file - Incremental task entry:default@ProcessShareConfig pre-execution cost: 1 ms .
[2026-05-10T12:34:57.201] [DEBUG] debug-file - entry : default@ProcessShareConfig cost memory 0.1137542724609375
[2026-05-10T12:34:57.202] [INFO] debug-file - UP-TO-DATE :entry:default@ProcessShareConfig...  
[2026-05-10T12:34:57.202] [DEBUG] debug-file - Executing task :entry:default@ProcessStartupConfig
[2026-05-10T12:34:57.203] [DEBUG] debug-file - Task 'entry:default@ProcessStartupConfig' cost while wrapping incremental declarations: 1 ms 
[2026-05-10T12:34:57.203] [DEBUG] debug-file - entry:default@ProcessStartupConfig is not up-to-date, since the output file 'E:\project\My_project\OpenHarmony\frontend\entry\build\default\intermediates\startup\default\startup_config.json' does not exist.
[2026-05-10T12:34:57.203] [DEBUG] debug-file - Incremental task entry:default@ProcessStartupConfig pre-execution cost: 1 ms .
[2026-05-10T12:34:57.204] [DEBUG] debug-file - entry : default@ProcessStartupConfig cost memory 0.09792327880859375
[2026-05-10T12:34:57.204] [DEBUG] debug-file - runTaskFromQueue task cost before running: 218 ms 
[2026-05-10T12:34:57.204] [INFO] debug-file - Finished :entry:default@ProcessStartupConfig... after 2 ms 
[2026-05-10T12:34:57.205] [DEBUG] debug-file - Executing task :entry:default@BuildNativeWithNinja
[2026-05-10T12:34:57.205] [DEBUG] debug-file - entry : default@BuildNativeWithNinja cost memory 0.02184295654296875
[2026-05-10T12:34:57.205] [DEBUG] debug-file - runTaskFromQueue task cost before running: 220 ms 
[2026-05-10T12:34:57.205] [INFO] debug-file - Finished :entry:default@BuildNativeWithNinja... after 1 ms 
[2026-05-10T12:34:57.207] [DEBUG] debug-file - restool module names: entry; moduleName=entry, taskName=default@ProcessResource
[2026-05-10T12:34:57.208] [DEBUG] debug-file - Executing task :entry:default@ProcessResource
[2026-05-10T12:34:57.208] [DEBUG] debug-file - Task 'entry:default@ProcessResource' cost while wrapping incremental declarations: 1 ms 
[2026-05-10T12:34:57.209] [DEBUG] debug-file - Incremental task entry:default@ProcessResource pre-execution cost: 1 ms .
[2026-05-10T12:34:57.209] [DEBUG] debug-file - entry : default@ProcessResource cost memory 0.1467437744140625
[2026-05-10T12:34:57.210] [INFO] debug-file - UP-TO-DATE :entry:default@ProcessResource...  
[2026-05-10T12:34:57.211] [DEBUG] debug-file - Executing task :entry:default@GenerateLoaderJson
[2026-05-10T12:34:57.211] [DEBUG] debug-file - Task 'entry:default@GenerateLoaderJson' cost while wrapping incremental declarations: 1 ms 
[2026-05-10T12:34:57.215] [DEBUG] debug-file - entry:default@GenerateLoaderJson is not up-to-date, since the output file 'E:\project\My_project\OpenHarmony\frontend\entry\build\default\intermediates\loader\default\loader.json' has been changed.
[2026-05-10T12:34:57.215] [DEBUG] debug-file - Incremental task entry:default@GenerateLoaderJson pre-execution cost: 2 ms .
[2026-05-10T12:34:57.218] [DEBUG] debug-file - entry : default@GenerateLoaderJson cost memory 0.943695068359375
[2026-05-10T12:34:57.218] [DEBUG] debug-file - runTaskFromQueue task cost before running: 233 ms 
[2026-05-10T12:34:57.220] [INFO] debug-file - Finished :entry:default@GenerateLoaderJson... after 8 ms 
[2026-05-10T12:34:57.220] [DEBUG] debug-file - Executing task :entry:default@ProcessLibs
[2026-05-10T12:34:57.222] [DEBUG] debug-file - Incremental task entry:default@ProcessLibs pre-execution cost: 1 ms .
[2026-05-10T12:34:57.222] [DEBUG] debug-file - entry : default@ProcessLibs cost memory 0.11322021484375
[2026-05-10T12:34:57.222] [INFO] debug-file - UP-TO-DATE :entry:default@ProcessLibs...  
[2026-05-10T12:34:57.223] [DEBUG] debug-file - restool module names: entry; moduleName=entry, taskName=default@CompileResource
[2026-05-10T12:34:57.223] [DEBUG] debug-file - Executing task :entry:default@CompileResource
[2026-05-10T12:34:57.228] [DEBUG] debug-file - Incremental task entry:default@CompileResource pre-execution cost: 4 ms .
[2026-05-10T12:34:57.228] [DEBUG] debug-file - entry : default@CompileResource cost memory 0.9060592651367188
[2026-05-10T12:34:57.228] [INFO] debug-file - UP-TO-DATE :entry:default@CompileResource...  
[2026-05-10T12:34:57.229] [DEBUG] debug-file - Executing task :entry:default@DoNativeStrip
[2026-05-10T12:34:57.229] [DEBUG] debug-file - File: 'E:\project\My_project\OpenHarmony\frontend\entry\build\default\intermediates\binxo\default' from 'doBinxoNativeLibs' is not exists, just ignore.
[2026-05-10T12:34:57.229] [DEBUG] debug-file - Task 'entry:default@DoNativeStrip' cost while wrapping incremental declarations: 1 ms 
[2026-05-10T12:34:57.229] [DEBUG] debug-file - Incremental task entry:default@DoNativeStrip pre-execution cost: 1 ms .
[2026-05-10T12:34:57.229] [DEBUG] debug-file - entry : default@DoNativeStrip cost memory 0.0977935791015625
[2026-05-10T12:34:57.229] [INFO] debug-file - UP-TO-DATE :entry:default@DoNativeStrip...  
[2026-05-10T12:34:57.230] [DEBUG] debug-file - Executing task :entry:buildHotReloadResource
[2026-05-10T12:34:57.230] [DEBUG] debug-file - Hot reload resources ready.
[2026-05-10T12:34:57.230] [DEBUG] debug-file - entry : buildHotReloadResource cost memory 0.02121734619140625
[2026-05-10T12:34:57.230] [DEBUG] debug-file - runTaskFromQueue task cost before running: 245 ms 
[2026-05-10T12:34:57.230] [INFO] debug-file - Finished :entry:buildHotReloadResource... after 1 ms 
[2026-05-10T12:34:57.231] [DEBUG] debug-file - Executing task :entry:default@BuildJS
[2026-05-10T12:34:57.232] [DEBUG] debug-file - Task 'entry:default@BuildJS' cost while wrapping incremental declarations: 1 ms 
[2026-05-10T12:34:57.233] [DEBUG] debug-file - entry : default@BuildJS cost memory 0.16681671142578125
[2026-05-10T12:34:57.233] [DEBUG] debug-file - runTaskFromQueue task cost before running: 248 ms 
[2026-05-10T12:34:57.234] [INFO] debug-file - Finished :entry:default@BuildJS... after 3 ms 
[2026-05-10T12:34:57.234] [DEBUG] debug-file - Executing task :entry:default@CacheNativeLibs
[2026-05-10T12:34:57.234] [DEBUG] debug-file - File: 'E:\project\My_project\OpenHarmony\frontend\entry\build\default\intermediates\binxo\default' from 'cacheBinxoNativeLibs' is not exists, just ignore.
[2026-05-10T12:34:57.234] [DEBUG] debug-file - Task 'entry:default@CacheNativeLibs' cost while wrapping incremental declarations: 1 ms 
[2026-05-10T12:34:57.235] [DEBUG] debug-file - entry:default@CacheNativeLibs is not up-to-date, since the output file 'E:\project\My_project\OpenHarmony\frontend\entry\build\default\intermediates\patch\default\base_native_libs.json' does not exist.
[2026-05-10T12:34:57.235] [DEBUG] debug-file - Incremental task entry:default@CacheNativeLibs pre-execution cost: 1 ms .
[2026-05-10T12:34:57.235] [DEBUG] debug-file - default@CacheNativeLibs work[0] is submitted.
[2026-05-10T12:34:57.235] [DEBUG] debug-file - default@CacheNativeLibs work[0] is pushed to ready queue.
[2026-05-10T12:34:57.235] [DEBUG] debug-file - A work dispatched to worker[15] failed because unable to get work from ready queue.
[2026-05-10T12:34:57.236] [DEBUG] debug-file - Create  resident worker with id: 14.
[2026-05-10T12:34:57.236] [DEBUG] debug-file - default@CacheNativeLibs work[0] has been dispatched to worker[14].
[2026-05-10T12:34:57.236] [DEBUG] debug-file - default@CacheNativeLibs work[0] is dispatched.
[2026-05-10T12:34:57.236] [DEBUG] debug-file - entry : default@CacheNativeLibs cost memory 0.2241668701171875
[2026-05-10T12:34:57.237] [DEBUG] debug-file - Executing task :entry:default@HotReloadArkTS
[2026-05-10T12:34:57.238] [DEBUG] debug-file - obfuscationOptions: undefined
[2026-05-10T12:34:57.238] [DEBUG] debug-file - Task 'entry:default@HotReloadArkTS' cost while wrapping incremental declarations: 1 ms 
[2026-05-10T12:34:57.240] [DEBUG] debug-file - entry:default@HotReloadArkTS is not up-to-date, since the input file 'E:\project\My_project\OpenHarmony\frontend\entry\build\default\intermediates\loader\default' has been changed.
[2026-05-10T12:34:57.240] [DEBUG] debug-file - Incremental task entry:default@HotReloadArkTS pre-execution cost: 2 ms .
[2026-05-10T12:34:57.250] [DEBUG] debug-file - build config: [object Object]
[2026-05-10T12:34:57.251] [DEBUG] debug-file - session manager: binding session. socketId=j651dhM4S9TJzMHKAAAD, threadId=1@1.
[2026-05-10T12:34:57.252] [DEBUG] debug-file - entry : default@HotReloadArkTS cost memory 2.023223876953125
[2026-05-10T12:34:57.840] [DEBUG] debug-file - worker[14] has one work done.
[2026-05-10T12:34:57.840] [DEBUG] debug-file - default@CacheNativeLibs work[0] done.
[2026-05-10T12:34:57.840] [DEBUG] debug-file - A work dispatched to worker[14] failed because unable to get work from ready queue.
[2026-05-10T12:34:57.841] [INFO] debug-file - Finished :entry:default@CacheNativeLibs... after 9 ms 
[2026-05-10T12:34:59.006] [DEBUG] debug-file - watch worker: send response to session manager. Response type: WatchStart
[2026-05-10T12:34:59.007] [DEBUG] debug-file - session manager: watch message received from worker 1. Type: WatchStart
[2026-05-10T12:35:01.153] [DEBUG] debug-file - watch worker: send response to session manager. Response type: WatchLog
[2026-05-10T12:35:01.154] [DEBUG] debug-file - session manager: watch message received from worker 1. Type: WatchLog
[2026-05-10T12:35:01.153] [DEBUG] debug-file - watch worker: send response to session manager. Response type: WatchLog
[2026-05-10T12:35:01.155] [DEBUG] debug-file - session manager: watch message received from worker 1. Type: WatchLog
[2026-05-10T12:35:01.153] [DEBUG] debug-file - watch worker: send response to session manager. Response type: WatchLog
[2026-05-10T12:35:01.155] [DEBUG] debug-file - session manager: watch message received from worker 1. Type: WatchLog
[2026-05-10T12:35:01.153] [DEBUG] debug-file - watch worker: send response to session manager. Response type: WatchLog
[2026-05-10T12:35:01.156] [DEBUG] debug-file - session manager: watch message received from worker 1. Type: WatchLog
[2026-05-10T12:35:01.153] [DEBUG] debug-file - watch worker: send response to session manager. Response type: WatchLog
[2026-05-10T12:35:01.157] [DEBUG] debug-file - session manager: watch message received from worker 1. Type: WatchLog
[2026-05-10T12:35:01.153] [DEBUG] debug-file - watch worker: send response to session manager. Response type: WatchLog
[2026-05-10T12:35:01.157] [DEBUG] debug-file - session manager: watch message received from worker 1. Type: WatchLog
[2026-05-10T12:35:01.153] [DEBUG] debug-file - watch worker: send response to session manager. Response type: WatchLog
[2026-05-10T12:35:01.158] [DEBUG] debug-file - session manager: watch message received from worker 1. Type: WatchLog
[2026-05-10T12:35:01.154] [DEBUG] debug-file - watch worker: send response to session manager. Response type: WatchLog
[2026-05-10T12:35:01.159] [DEBUG] debug-file - session manager: watch message received from worker 1. Type: WatchLog
[2026-05-10T12:35:01.154] [DEBUG] debug-file - watch worker: send response to session manager. Response type: WatchLog
[2026-05-10T12:35:01.160] [DEBUG] debug-file - session manager: watch message received from worker 1. Type: WatchLog
[2026-05-10T12:35:01.155] [DEBUG] debug-file - watch worker: send response to session manager. Response type: WatchLog
[2026-05-10T12:35:01.160] [DEBUG] debug-file - session manager: watch message received from worker 1. Type: WatchLog
[2026-05-10T12:35:01.155] [DEBUG] debug-file - watch worker: send response to session manager. Response type: WatchLog
[2026-05-10T12:35:01.161] [DEBUG] debug-file - session manager: watch message received from worker 1. Type: WatchLog
[2026-05-10T12:35:01.155] [DEBUG] debug-file - watch worker: send response to session manager. Response type: WatchLog
[2026-05-10T12:35:01.162] [DEBUG] debug-file - session manager: watch message received from worker 1. Type: WatchLog
[2026-05-10T12:35:01.155] [DEBUG] debug-file - watch worker: send response to session manager. Response type: WatchLog
[2026-05-10T12:35:01.162] [DEBUG] debug-file - session manager: watch message received from worker 1. Type: WatchLog
[2026-05-10T12:35:01.155] [DEBUG] debug-file - watch worker: send response to session manager. Response type: WatchLog
[2026-05-10T12:35:01.163] [DEBUG] debug-file - session manager: watch message received from worker 1. Type: WatchLog
[2026-05-10T12:35:01.155] [DEBUG] debug-file - watch worker: send response to session manager. Response type: WatchLog
[2026-05-10T12:35:01.164] [DEBUG] debug-file - session manager: watch message received from worker 1. Type: WatchLog
[2026-05-10T12:35:01.156] [DEBUG] debug-file - watch worker: send response to session manager. Response type: WatchLog
[2026-05-10T12:35:01.165] [DEBUG] debug-file - session manager: watch message received from worker 1. Type: WatchLog
[2026-05-10T12:35:01.156] [DEBUG] debug-file - watch worker: send response to session manager. Response type: WatchLog
[2026-05-10T12:35:01.166] [DEBUG] debug-file - session manager: watch message received from worker 1. Type: WatchLog
[2026-05-10T12:35:01.156] [DEBUG] debug-file - watch worker: send response to session manager. Response type: WatchLog
[2026-05-10T12:35:01.166] [DEBUG] debug-file - session manager: watch message received from worker 1. Type: WatchLog
[2026-05-10T12:35:01.156] [DEBUG] debug-file - watch worker: send response to session manager. Response type: WatchLog
[2026-05-10T12:35:01.167] [DEBUG] debug-file - session manager: watch message received from worker 1. Type: WatchLog
[2026-05-10T12:35:01.156] [DEBUG] debug-file - watch worker: send response to session manager. Response type: WatchLog
[2026-05-10T12:35:01.168] [DEBUG] debug-file - session manager: watch message received from worker 1. Type: WatchLog
[2026-05-10T12:35:01.156] [DEBUG] debug-file - watch worker: send response to session manager. Response type: WatchLog
[2026-05-10T12:35:01.169] [DEBUG] debug-file - session manager: watch message received from worker 1. Type: WatchLog
[2026-05-10T12:35:01.157] [DEBUG] debug-file - watch worker: send response to session manager. Response type: WatchLog
[2026-05-10T12:35:01.169] [DEBUG] debug-file - session manager: watch message received from worker 1. Type: WatchLog
[2026-05-10T12:35:01.157] [DEBUG] debug-file - watch worker: send response to session manager. Response type: WatchLog
[2026-05-10T12:35:01.170] [DEBUG] debug-file - session manager: watch message received from worker 1. Type: WatchLog
[2026-05-10T12:35:01.157] [DEBUG] debug-file - watch worker: send response to session manager. Response type: WatchLog
[2026-05-10T12:35:01.171] [DEBUG] debug-file - session manager: watch message received from worker 1. Type: WatchLog
[2026-05-10T12:35:01.157] [DEBUG] debug-file - watch worker: send response to session manager. Response type: WatchLog
[2026-05-10T12:35:01.171] [DEBUG] debug-file - session manager: watch message received from worker 1. Type: WatchLog
[2026-05-10T12:35:01.157] [DEBUG] debug-file - watch worker: send response to session manager. Response type: WatchLog
[2026-05-10T12:35:01.172] [DEBUG] debug-file - session manager: watch message received from worker 1. Type: WatchLog
[2026-05-10T12:35:01.157] [DEBUG] debug-file - watch worker: send response to session manager. Response type: WatchLog
[2026-05-10T12:35:01.173] [DEBUG] debug-file - session manager: watch message received from worker 1. Type: WatchLog
[2026-05-10T12:35:01.157] [DEBUG] debug-file - watch worker: send response to session manager. Response type: WatchLog
[2026-05-10T12:35:01.173] [DEBUG] debug-file - session manager: watch message received from worker 1. Type: WatchLog
[2026-05-10T12:35:01.157] [DEBUG] debug-file - watch worker: send response to session manager. Response type: WatchLog
[2026-05-10T12:35:01.174] [DEBUG] debug-file - session manager: watch message received from worker 1. Type: WatchLog
[2026-05-10T12:35:01.157] [DEBUG] debug-file - watch worker: send response to session manager. Response type: WatchLog
[2026-05-10T12:35:01.175] [DEBUG] debug-file - session manager: watch message received from worker 1. Type: WatchLog
[2026-05-10T12:35:01.157] [DEBUG] debug-file - watch worker: send response to session manager. Response type: WatchLog
[2026-05-10T12:35:01.176] [DEBUG] debug-file - session manager: watch message received from worker 1. Type: WatchLog
[2026-05-10T12:35:01.157] [DEBUG] debug-file - watch worker: send response to session manager. Response type: WatchLog
[2026-05-10T12:35:01.177] [DEBUG] debug-file - session manager: watch message received from worker 1. Type: WatchLog
[2026-05-10T12:35:01.157] [DEBUG] debug-file - watch worker: send response to session manager. Response type: WatchLog
[2026-05-10T12:35:01.177] [DEBUG] debug-file - session manager: watch message received from worker 1. Type: WatchLog
[2026-05-10T12:35:01.157] [DEBUG] debug-file - watch worker: send response to session manager. Response type: WatchLog
[2026-05-10T12:35:01.178] [DEBUG] debug-file - session manager: watch message received from worker 1. Type: WatchLog
[2026-05-10T12:35:01.157] [DEBUG] debug-file - watch worker: send response to session manager. Response type: WatchLog
[2026-05-10T12:35:01.179] [DEBUG] debug-file - session manager: watch message received from worker 1. Type: WatchLog
[2026-05-10T12:35:01.157] [DEBUG] debug-file - watch worker: send response to session manager. Response type: WatchLog
[2026-05-10T12:35:01.179] [DEBUG] debug-file - session manager: watch message received from worker 1. Type: WatchLog
[2026-05-10T12:35:01.158] [DEBUG] debug-file - watch worker: send response to session manager. Response type: WatchLog
[2026-05-10T12:35:01.180] [DEBUG] debug-file - session manager: watch message received from worker 1. Type: WatchLog
[2026-05-10T12:35:01.158] [DEBUG] debug-file - watch worker: send response to session manager. Response type: WatchLog
[2026-05-10T12:35:01.181] [DEBUG] debug-file - session manager: watch message received from worker 1. Type: WatchLog
[2026-05-10T12:35:01.158] [DEBUG] debug-file - watch worker: send response to session manager. Response type: WatchLog
[2026-05-10T12:35:01.182] [DEBUG] debug-file - session manager: watch message received from worker 1. Type: WatchLog
[2026-05-10T12:35:01.158] [DEBUG] debug-file - watch worker: send response to session manager. Response type: WatchLog
[2026-05-10T12:35:01.182] [DEBUG] debug-file - session manager: watch message received from worker 1. Type: WatchLog
[2026-05-10T12:35:01.158] [DEBUG] debug-file - watch worker: send response to session manager. Response type: WatchLog
[2026-05-10T12:35:01.183] [DEBUG] debug-file - session manager: watch message received from worker 1. Type: WatchLog
[2026-05-10T12:35:01.158] [DEBUG] debug-file - watch worker: send response to session manager. Response type: WatchLog
[2026-05-10T12:35:01.184] [DEBUG] debug-file - session manager: watch message received from worker 1. Type: WatchLog
[2026-05-10T12:35:01.158] [DEBUG] debug-file - watch worker: send response to session manager. Response type: WatchLog
[2026-05-10T12:35:01.185] [DEBUG] debug-file - session manager: watch message received from worker 1. Type: WatchLog
[2026-05-10T12:35:01.158] [DEBUG] debug-file - watch worker: send response to session manager. Response type: WatchLog
[2026-05-10T12:35:01.185] [DEBUG] debug-file - session manager: watch message received from worker 1. Type: WatchLog
[2026-05-10T12:35:01.158] [DEBUG] debug-file - watch worker: send response to session manager. Response type: WatchLog
[2026-05-10T12:35:01.186] [DEBUG] debug-file - session manager: watch message received from worker 1. Type: WatchLog
[2026-05-10T12:35:01.158] [DEBUG] debug-file - watch worker: send response to session manager. Response type: WatchLog
[2026-05-10T12:35:01.187] [DEBUG] debug-file - session manager: watch message received from worker 1. Type: WatchLog
[2026-05-10T12:35:01.159] [DEBUG] debug-file - watch worker: send response to session manager. Response type: WatchLog
[2026-05-10T12:35:01.187] [DEBUG] debug-file - session manager: watch message received from worker 1. Type: WatchLog
[2026-05-10T12:35:01.159] [DEBUG] debug-file - watch worker: send response to session manager. Response type: WatchLog
[2026-05-10T12:35:01.188] [DEBUG] debug-file - session manager: watch message received from worker 1. Type: WatchLog
[2026-05-10T12:35:01.159] [DEBUG] debug-file - watch worker: send response to session manager. Response type: WatchLog
[2026-05-10T12:35:01.189] [DEBUG] debug-file - session manager: watch message received from worker 1. Type: WatchLog
[2026-05-10T12:35:01.159] [DEBUG] debug-file - watch worker: send response to session manager. Response type: WatchLog
[2026-05-10T12:35:01.189] [DEBUG] debug-file - session manager: watch message received from worker 1. Type: WatchLog
[2026-05-10T12:35:01.159] [DEBUG] debug-file - watch worker: send response to session manager. Response type: WatchLog
[2026-05-10T12:35:01.190] [DEBUG] debug-file - session manager: watch message received from worker 1. Type: WatchLog
[2026-05-10T12:35:01.159] [DEBUG] debug-file - watch worker: send response to session manager. Response type: WatchLog
[2026-05-10T12:35:01.191] [DEBUG] debug-file - session manager: watch message received from worker 1. Type: WatchLog
[2026-05-10T12:35:01.159] [DEBUG] debug-file - watch worker: send response to session manager. Response type: WatchLog
[2026-05-10T12:35:01.191] [DEBUG] debug-file - session manager: watch message received from worker 1. Type: WatchLog
[2026-05-10T12:35:01.159] [DEBUG] debug-file - watch worker: send response to session manager. Response type: WatchLog
[2026-05-10T12:35:01.192] [DEBUG] debug-file - session manager: watch message received from worker 1. Type: WatchLog
[2026-05-10T12:35:01.159] [DEBUG] debug-file - watch worker: send response to session manager. Response type: WatchLog
[2026-05-10T12:35:01.193] [DEBUG] debug-file - session manager: watch message received from worker 1. Type: WatchLog
[2026-05-10T12:35:01.159] [DEBUG] debug-file - watch worker: send response to session manager. Response type: WatchLog
[2026-05-10T12:35:01.194] [DEBUG] debug-file - session manager: watch message received from worker 1. Type: WatchLog
[2026-05-10T12:35:01.758] [DEBUG] debug-file - watch worker: send response to session manager. Response type: WatchResult
[2026-05-10T12:35:01.759] [DEBUG] debug-file - Ark compile finished.
[2026-05-10T12:35:01.759] [DEBUG] debug-file - session manager: watch message received from worker 1. Type: WatchResult
[2026-05-10T12:35:01.758] [DEBUG] debug-file - watch worker: send response to session manager. Response type: WatchResult
[2026-05-10T12:35:01.759] [DEBUG] debug-file - session manager: watch message received from worker 1. Type: WatchResult
[2026-05-10T12:35:01.760] [INFO] debug-file - Finished :entry:default@HotReloadArkTS... after 4 s 522 ms 
[2026-05-10T12:35:01.761] [DEBUG] debug-file - Executing task :entry:default@GeneratePkgModuleJson
[2026-05-10T12:35:01.761] [DEBUG] debug-file - File: 'E:\project\My_project\OpenHarmony\frontend\entry\build\default\intermediates\preload\default\preload.json' from 'preloadSoJsonPath' is not exists, just ignore.
[2026-05-10T12:35:01.761] [DEBUG] debug-file - Error occurs while handling @Input 'shouldDeduplicateHar': The "data" argument must be of type string or an instance of Buffer, TypedArray, or DataView. Received undefined
[2026-05-10T12:35:01.761] [DEBUG] debug-file - Task 'entry:default@GeneratePkgModuleJson' cost while wrapping incremental declarations: 1 ms 
[2026-05-10T12:35:01.762] [DEBUG] debug-file - Incremental task entry:default@GeneratePkgModuleJson pre-execution cost: 1 ms .
[2026-05-10T12:35:01.762] [DEBUG] debug-file - entry : default@GeneratePkgModuleJson cost memory 0.1048583984375
[2026-05-10T12:35:01.762] [INFO] debug-file - UP-TO-DATE :entry:default@GeneratePkgModuleJson...  
[2026-05-10T12:35:01.762] [DEBUG] debug-file - Executing task :entry:default@ProcessCompiledResources
[2026-05-10T12:35:01.762] [DEBUG] debug-file - File: 'E:\project\My_project\OpenHarmony\frontend\entry\build\default\intermediates\preload\default\preload.json' from 'preloadSoJsonPath' is not exists, just ignore.
[2026-05-10T12:35:01.762] [DEBUG] debug-file - Task 'entry:default@ProcessCompiledResources' cost while wrapping incremental declarations: 1 ms 
[2026-05-10T12:35:01.763] [DEBUG] debug-file - entry : default@ProcessCompiledResources cost memory 0.06037139892578125
[2026-05-10T12:35:01.763] [DEBUG] debug-file - runTaskFromQueue task cost before running: 4 s 777 ms 
[2026-05-10T12:35:01.763] [INFO] debug-file - Finished :entry:default@ProcessCompiledResources... after 1 ms 
[2026-05-10T12:35:01.764] [DEBUG] debug-file - Executing task :entry:default@PackageHap
[2026-05-10T12:35:01.768] [DEBUG] debug-file - entry:default@PackageHap is not up-to-date, since the input file 'E:\project\My_project\OpenHarmony\frontend\entry\build\default\intermediates\loader_out\default\ets' has been changed.
[2026-05-10T12:35:01.768] [DEBUG] debug-file - Incremental task entry:default@PackageHap pre-execution cost: 3 ms .
[2026-05-10T12:35:01.769] [DEBUG] debug-file - Use tool [E:\Program Files\Huawei\DevEco Studio\sdk\default\openharmony\toolchains\lib\app_packing_tool.jar]
 [
  'java',
  '-Dfile.encoding=GBK',
  '-jar',
  'E:\\Program Files\\Huawei\\DevEco Studio\\sdk\\default\\openharmony\\toolchains\\lib\\app_packing_tool.jar',
  '--mode',
  'hap',
  '--force',
  'true',
  '--lib-path',
  'E:\\project\\My_project\\OpenHarmony\\frontend\\entry\\build\\default\\intermediates\\stripped_native_libs\\default',
  '--json-path',
  'E:\\project\\My_project\\OpenHarmony\\frontend\\entry\\build\\default\\intermediates\\package\\default\\module.json',
  '--resources-path',
  'E:\\project\\My_project\\OpenHarmony\\frontend\\entry\\build\\default\\intermediates\\res\\default\\resources',
  '--index-path',
  'E:\\project\\My_project\\OpenHarmony\\frontend\\entry\\build\\default\\intermediates\\res\\default\\resources.index',
  '--pack-info-path',
  'E:\\project\\My_project\\OpenHarmony\\frontend\\entry\\build\\default\\outputs\\default\\pack.info',
  '--out-path',
  'E:\\project\\My_project\\OpenHarmony\\frontend\\entry\\build\\default\\outputs\\default\\entry-default-unsigned.hap',
  '--ets-path',
  'E:\\project\\My_project\\OpenHarmony\\frontend\\entry\\build\\default\\intermediates\\loader_out\\default\\ets',
  '--pkg-sdk-info-path',
  'E:\\project\\My_project\\OpenHarmony\\frontend\\entry\\build\\default\\intermediates\\loader\\default\\pkgSdkInfo.json'
]
[2026-05-10T12:35:01.770] [DEBUG] debug-file - default@PackageHap work[1] is submitted.
[2026-05-10T12:35:01.770] [DEBUG] debug-file - default@PackageHap work[1] is pushed to ready queue.
[2026-05-10T12:35:01.770] [DEBUG] debug-file - A work dispatched to worker[15] failed because unable to get work from ready queue.
[2026-05-10T12:35:01.770] [DEBUG] debug-file - default@PackageHap work[1] has been dispatched to worker[14].
[2026-05-10T12:35:01.770] [DEBUG] debug-file - default@PackageHap work[1] is dispatched.
[2026-05-10T12:35:01.771] [DEBUG] debug-file - entry : default@PackageHap cost memory 0.7575302124023438
[2026-05-10T12:35:01.829] [DEBUG] debug-file - current process  memoryUsage: {
  rss: 691175424,
  heapTotal: 81297408,
  heapUsed: 57869616,
  external: 2581003,
  arrayBuffers: 339326
} os memoryUsage :19.834842681884766
[2026-05-10T12:35:02.133] [DEBUG] debug-file - worker[14] has one work done.
[2026-05-10T12:35:02.134] [DEBUG] debug-file - default@PackageHap work[1] done.
[2026-05-10T12:35:02.134] [DEBUG] debug-file - A work dispatched to worker[14] failed because unable to get work from ready queue.
[2026-05-10T12:35:02.134] [INFO] debug-file - Finished :entry:default@PackageHap... after 314 ms 
[2026-05-10T12:35:02.135] [DEBUG] debug-file - Executing task :entry:default@PackingCheck
[2026-05-10T12:35:02.140] [DEBUG] debug-file - entry : default@PackingCheck cost memory 0.4315948486328125
[2026-05-10T12:35:02.140] [DEBUG] debug-file - runTaskFromQueue task cost before running: 5 s 155 ms 
[2026-05-10T12:35:02.140] [INFO] debug-file - Finished :entry:default@PackingCheck... after 5 ms 
[2026-05-10T12:35:02.141] [DEBUG] debug-file - Executing task :entry:default@SignHap
[2026-05-10T12:35:02.141] [WARN] debug-file - Will skip sign 'hos_hap'. No signingConfigs profile is configured in current project.
             If needed, configure the signingConfigs in E:\project\My_project\OpenHarmony\frontend\build-profile.json5.
[2026-05-10T12:35:02.142] [DEBUG] debug-file - entry:default@SignHap is not up-to-date, since the input file 'E:\project\My_project\OpenHarmony\frontend\entry\build\default\outputs\default\entry-default-unsigned.hap' has been changed.
[2026-05-10T12:35:02.142] [DEBUG] debug-file - Incremental task entry:default@SignHap pre-execution cost: 1 ms .
[2026-05-10T12:35:02.142] [DEBUG] debug-file - entry : default@SignHap cost memory 0.09192657470703125
[2026-05-10T12:35:02.142] [DEBUG] debug-file - runTaskFromQueue task cost before running: 5 s 157 ms 
[2026-05-10T12:35:02.143] [INFO] debug-file - Finished :entry:default@SignHap... after 2 ms 
[2026-05-10T12:35:02.143] [DEBUG] debug-file - Executing task :entry:default@CollectDebugSymbol
[2026-05-10T12:35:02.144] [DEBUG] debug-file - entry : default@CollectDebugSymbol cost memory 0.14992523193359375
[2026-05-10T12:35:02.144] [DEBUG] debug-file - runTaskFromQueue task cost before running: 5 s 159 ms 
[2026-05-10T12:35:02.144] [INFO] debug-file - Finished :entry:default@CollectDebugSymbol... after 1 ms 
[2026-05-10T12:35:02.144] [DEBUG] debug-file - Executing task :entry:assembleHap
[2026-05-10T12:35:02.144] [DEBUG] debug-file - entry : assembleHap cost memory 0.0126800537109375
[2026-05-10T12:35:02.144] [DEBUG] debug-file - runTaskFromQueue task cost before running: 5 s 159 ms 
[2026-05-10T12:35:02.144] [INFO] debug-file - Finished :entry:assembleHap... after 1 ms 
[2026-05-10T12:35:02.152] [INFO] debug-file - BUILD SUCCESSFUL in 5 s 166 ms 
[2026-05-10T12:35:02.152] [DEBUG] debug-file - Update task entry:default@PreBuild input file:E:\project\My_project\OpenHarmony\frontend\AppScope\app.json5 cache by regenerate.
[2026-05-10T12:35:02.153] [DEBUG] debug-file - Update task entry:default@PreBuild input file:E:\project\My_project\OpenHarmony\frontend\entry\src\main\module.json5 cache by regenerate.
[2026-05-10T12:35:02.153] [DEBUG] debug-file - Update task entry:default@PreBuild input file:E:\project\My_project\OpenHarmony\frontend\build-profile.json5 cache by regenerate.
[2026-05-10T12:35:02.153] [DEBUG] debug-file - Update task entry:default@PreBuild input file:E:\project\My_project\OpenHarmony\frontend\entry\build-profile.json5 cache by regenerate.
[2026-05-10T12:35:02.153] [DEBUG] debug-file - Update task entry:default@PreBuild input file:E:\project\My_project\OpenHarmony\frontend\entry\src\main\resources\base\profile\main_pages.json cache by regenerate.
[2026-05-10T12:35:02.153] [DEBUG] debug-file - Update task entry:default@PreBuild input file:E:\project\My_project\OpenHarmony\frontend\hvigor\hvigor-config.json5 cache by regenerate.
[2026-05-10T12:35:02.153] [DEBUG] debug-file - Update task entry:default@PreBuild input file:E:\project\My_project\OpenHarmony\frontend\entry\oh-package.json5 cache by regenerate.
[2026-05-10T12:35:02.153] [DEBUG] debug-file - Update task entry:default@PreBuild input file:E:\project\My_project\OpenHarmony\frontend\oh-package.json5 cache by regenerate.
[2026-05-10T12:35:02.153] [DEBUG] debug-file - Incremental task entry:default@PreBuild post-execution cost:2 ms .
[2026-05-10T12:35:02.153] [DEBUG] debug-file - Update task entry:default@CreateModuleInfo output file:E:\project\My_project\OpenHarmony\frontend\entry\build\default\generated\profile\default\ModuleInfo.ts cache.
[2026-05-10T12:35:02.153] [DEBUG] debug-file - Incremental task entry:default@CreateModuleInfo post-execution cost:1 ms .
[2026-05-10T12:35:02.153] [DEBUG] debug-file - There is no need to refresh cache, since the incremental task entry:default@GenerateMetadata is up-to-date.
[2026-05-10T12:35:02.154] [DEBUG] debug-file - There is no need to refresh cache, since the incremental task entry:default@MergeProfile is up-to-date.
[2026-05-10T12:35:02.154] [DEBUG] debug-file - There is no need to refresh cache, since the incremental task entry:default@CreateBuildProfile is up-to-date.
[2026-05-10T12:35:02.154] [DEBUG] debug-file - Update task entry:default@GeneratePkgContextInfo output file:E:\project\My_project\OpenHarmony\frontend\entry\build\default\intermediates\loader\default\pkgContextInfo.json cache.
[2026-05-10T12:35:02.154] [DEBUG] debug-file - Incremental task entry:default@GeneratePkgContextInfo post-execution cost:1 ms .
[2026-05-10T12:35:02.154] [DEBUG] debug-file - There is no need to refresh cache, since the incremental task entry:default@GeneratePkgSdkInfo is up-to-date.
[2026-05-10T12:35:02.154] [DEBUG] debug-file - Update task entry:default@ProcessIntegratedHsp output file:E:\project\My_project\OpenHarmony\frontend\build\cache\default\integrated_hsp\integratedHspCache.json cache.
[2026-05-10T12:35:02.154] [DEBUG] debug-file - Incremental task entry:default@ProcessIntegratedHsp post-execution cost:1 ms .
[2026-05-10T12:35:02.154] [DEBUG] debug-file - There is no need to refresh cache, since the incremental task entry:default@MakePackInfo is up-to-date.
[2026-05-10T12:35:02.154] [DEBUG] debug-file - Update task entry:default@SyscapTransform input file:E:\Program Files\Huawei\DevEco Studio\sdk\default\openharmony\toolchains\syscap_tool.exe cache by regenerate.
[2026-05-10T12:35:02.154] [DEBUG] debug-file - Update task entry:default@SyscapTransform input file:E:\Program Files\Huawei\DevEco Studio\sdk\default\openharmony\ets\api\device-define cache by regenerate.
[2026-05-10T12:35:02.154] [DEBUG] debug-file - Update task entry:default@SyscapTransform output file:E:\project\My_project\OpenHarmony\frontend\entry\build\default\intermediates\syscap\default\rpcid.sc cache.
[2026-05-10T12:35:02.155] [DEBUG] debug-file - Incremental task entry:default@SyscapTransform post-execution cost:1 ms .
[2026-05-10T12:35:02.155] [DEBUG] debug-file - There is no need to refresh cache, since the incremental task entry:default@ProcessProfile is up-to-date.
[2026-05-10T12:35:02.155] [DEBUG] debug-file - There is no need to refresh cache, since the incremental task entry:default@ProcessRouterMap is up-to-date.
[2026-05-10T12:35:02.155] [DEBUG] debug-file - There is no need to refresh cache, since the incremental task entry:default@ProcessShareConfig is up-to-date.
[2026-05-10T12:35:02.155] [DEBUG] debug-file - Update task entry:default@ProcessStartupConfig output file:E:\project\My_project\OpenHarmony\frontend\entry\build\default\intermediates\startup\default\startup_config.json cache.
[2026-05-10T12:35:02.155] [DEBUG] debug-file - Incremental task entry:default@ProcessStartupConfig post-execution cost:1 ms .
[2026-05-10T12:35:02.155] [DEBUG] debug-file - There is no need to refresh cache, since the incremental task entry:default@ProcessResource is up-to-date.
[2026-05-10T12:35:02.155] [DEBUG] debug-file - Update task entry:default@GenerateLoaderJson input file:E:\project\My_project\OpenHarmony\frontend\entry\build\default\intermediates\router_map\default\temp-router-map.json cache by regenerate.
[2026-05-10T12:35:02.155] [DEBUG] debug-file - Update task entry:default@GenerateLoaderJson output file:E:\project\My_project\OpenHarmony\frontend\entry\build\default\intermediates\loader\default\loader.json cache.
[2026-05-10T12:35:02.155] [DEBUG] debug-file - Incremental task entry:default@GenerateLoaderJson post-execution cost:1 ms .
[2026-05-10T12:35:02.155] [DEBUG] debug-file - There is no need to refresh cache, since the incremental task entry:default@ProcessLibs is up-to-date.
[2026-05-10T12:35:02.155] [DEBUG] debug-file - There is no need to refresh cache, since the incremental task entry:default@CompileResource is up-to-date.
[2026-05-10T12:35:02.155] [DEBUG] debug-file - There is no need to refresh cache, since the incremental task entry:default@DoNativeStrip is up-to-date.
[2026-05-10T12:35:02.156] [DEBUG] debug-file - Update task entry:default@BuildJS input file:E:\project\My_project\OpenHarmony\frontend\entry\build\default\intermediates\loader\default cache by regenerate.
[2026-05-10T12:35:02.156] [DEBUG] debug-file - Update task entry:default@BuildJS input file:E:\project\My_project\OpenHarmony\frontend\entry\build\default\intermediates\res\default\resources\rawfile cache by regenerate.
[2026-05-10T12:35:02.156] [DEBUG] debug-file - Update task entry:default@BuildJS input file:E:\project\My_project\OpenHarmony\frontend\entry\build\default\intermediates\res\default\ResourceTable.txt cache by regenerate.
[2026-05-10T12:35:02.157] [DEBUG] debug-file - Update task entry:default@BuildJS input file:E:\project\My_project\OpenHarmony\frontend\entry\build\default\intermediates\res\default\ark_module.json cache by regenerate.
[2026-05-10T12:35:02.157] [DEBUG] debug-file - Update task entry:default@BuildJS input file:E:\project\My_project\OpenHarmony\frontend\entry\build\default\intermediates\res\default\resources\base\profile cache by regenerate.
[2026-05-10T12:35:02.157] [DEBUG] debug-file - Update task entry:default@BuildJS output file:E:\project\My_project\OpenHarmony\frontend\entry\build\default\intermediates\loader_out\default\js cache.
[2026-05-10T12:35:02.157] [DEBUG] debug-file - Incremental task entry:default@BuildJS post-execution cost:2 ms .
[2026-05-10T12:35:02.157] [DEBUG] debug-file - Update task entry:default@CacheNativeLibs input file:E:\project\My_project\OpenHarmony\frontend\entry\build\default\intermediates\stripped_native_libs\default cache by regenerate.
[2026-05-10T12:35:02.157] [DEBUG] debug-file - Update task entry:default@CacheNativeLibs input file:E:\project\My_project\OpenHarmony\frontend\entry\build\default\intermediates\libs\default cache by regenerate.
[2026-05-10T12:35:02.157] [DEBUG] debug-file - Update task entry:default@CacheNativeLibs output file:E:\project\My_project\OpenHarmony\frontend\entry\build\default\intermediates\patch\default\base_native_libs.json cache.
[2026-05-10T12:35:02.157] [DEBUG] debug-file - Update task entry:default@CacheNativeLibs output file:E:\project\My_project\OpenHarmony\frontend\entry\build\default\intermediates\patch\default\binxo_native_libs.json cache.
[2026-05-10T12:35:02.157] [DEBUG] debug-file - Incremental task entry:default@CacheNativeLibs post-execution cost:1 ms .
[2026-05-10T12:35:02.158] [DEBUG] debug-file - Update task entry:default@HotReloadArkTS input file:E:\project\My_project\OpenHarmony\frontend\entry\build\default\intermediates\loader\default cache from map.
[2026-05-10T12:35:02.158] [DEBUG] debug-file - Update task entry:default@HotReloadArkTS input file:E:\project\My_project\OpenHarmony\frontend\entry\build\default\intermediates\res\default\resources\rawfile cache by regenerate.
[2026-05-10T12:35:02.158] [DEBUG] debug-file - Update task entry:default@HotReloadArkTS input file:E:\project\My_project\OpenHarmony\frontend\entry\build\default\intermediates\res\default\ResourceTable.txt cache by regenerate.
[2026-05-10T12:35:02.158] [DEBUG] debug-file - Update task entry:default@HotReloadArkTS input file:E:\project\My_project\OpenHarmony\frontend\entry\build\default\intermediates\res\default\ark_module.json cache by regenerate.
[2026-05-10T12:35:02.158] [DEBUG] debug-file - Update task entry:default@HotReloadArkTS input file:E:\project\My_project\OpenHarmony\frontend\entry\build\default\intermediates\res\default\resources\base\profile cache by regenerate.
[2026-05-10T12:35:02.159] [DEBUG] debug-file - Update task entry:default@HotReloadArkTS input file:E:\project\My_project\OpenHarmony\frontend\entry\src\main\ets cache by regenerate.
[2026-05-10T12:35:02.161] [DEBUG] debug-file - Update task entry:default@HotReloadArkTS input file:E:\project\My_project\OpenHarmony\frontend\entry\build\default\generated\profile\default\BuildProfile.ets cache by regenerate.
[2026-05-10T12:35:02.161] [DEBUG] debug-file - Update task entry:default@HotReloadArkTS output file:E:\project\My_project\OpenHarmony\frontend\entry\build\default\intermediates\loader_out\default\ets cache.
[2026-05-10T12:35:02.161] [DEBUG] debug-file - Incremental task entry:default@HotReloadArkTS post-execution cost:4 ms .
[2026-05-10T12:35:02.161] [DEBUG] debug-file - There is no need to refresh cache, since the incremental task entry:default@GeneratePkgModuleJson is up-to-date.
[2026-05-10T12:35:02.161] [DEBUG] debug-file - Incremental task entry:default@ProcessCompiledResources post-execution cost:1 ms .
[2026-05-10T12:35:02.162] [DEBUG] debug-file - Update task entry:default@PackageHap input file:E:\project\My_project\OpenHarmony\frontend\entry\build\default\intermediates\stripped_native_libs\default cache by regenerate.
[2026-05-10T12:35:02.162] [DEBUG] debug-file - Update task entry:default@PackageHap input file:E:\project\My_project\OpenHarmony\frontend\entry\build\default\intermediates\res\default\module.json cache by regenerate.
[2026-05-10T12:35:02.162] [DEBUG] debug-file - Update task entry:default@PackageHap input file:E:\project\My_project\OpenHarmony\frontend\entry\build\default\intermediates\res\default\resources cache by regenerate.
[2026-05-10T12:35:02.163] [DEBUG] debug-file - Update task entry:default@PackageHap input file:E:\project\My_project\OpenHarmony\frontend\entry\build\default\intermediates\res\default\resources.index cache by regenerate.
[2026-05-10T12:35:02.163] [DEBUG] debug-file - Update task entry:default@PackageHap input file:E:\project\My_project\OpenHarmony\frontend\entry\build\default\outputs\default\pack.info cache by regenerate.
[2026-05-10T12:35:02.163] [DEBUG] debug-file - Update task entry:default@PackageHap input file:E:\project\My_project\OpenHarmony\frontend\entry\build\default\intermediates\loader_out\default\ets cache from map.
[2026-05-10T12:35:02.163] [DEBUG] debug-file - Update task entry:default@PackageHap input file:E:\project\My_project\OpenHarmony\frontend\entry\build\default\intermediates\loader\default\pkgSdkInfo.json cache by regenerate.
[2026-05-10T12:35:02.163] [DEBUG] debug-file - Update task entry:default@PackageHap input file:E:\project\My_project\OpenHarmony\frontend\entry\build\default\intermediates\loader_out\default\ets\sourceMaps.map cache by regenerate.
[2026-05-10T12:35:02.163] [DEBUG] debug-file - Update task entry:default@PackageHap input file:E:\project\My_project\OpenHarmony\frontend\entry\build\default\generated\profile\default\BuildProfile.ets cache by regenerate.
[2026-05-10T12:35:02.163] [DEBUG] debug-file - Update task entry:default@PackageHap output file:E:\project\My_project\OpenHarmony\frontend\entry\build\default\outputs\default\entry-default-unsigned.hap cache.
[2026-05-10T12:35:02.163] [DEBUG] debug-file - Update task entry:default@PackageHap output file:E:\project\My_project\OpenHarmony\frontend\entry\build\default\intermediates\source_map\default\sourceMaps.map cache.
[2026-05-10T12:35:02.163] [DEBUG] debug-file - Update task entry:default@PackageHap output file:E:\project\My_project\OpenHarmony\frontend\entry\build\default\outputs\default\mapping\sourceMaps.map cache.
[2026-05-10T12:35:02.164] [DEBUG] debug-file - Incremental task entry:default@PackageHap post-execution cost:3 ms .
[2026-05-10T12:35:02.164] [DEBUG] debug-file - Update task entry:default@SignHap input file:E:\project\My_project\OpenHarmony\frontend\entry\build\default\outputs\default\entry-default-unsigned.hap cache from map.
[2026-05-10T12:35:02.164] [DEBUG] debug-file - Update task entry:default@SignHap output file:E:\project\My_project\OpenHarmony\frontend\entry\build\default\outputs\default\entry-default-signed.hap cache.
[2026-05-10T12:35:02.164] [DEBUG] debug-file - Incremental task entry:default@SignHap post-execution cost:1 ms .
[2026-05-10T12:35:02.164] [DEBUG] debug-file - Update task entry:default@CollectDebugSymbol input file:E:\project\My_project\OpenHarmony\frontend\entry\build\default\intermediates\loader_out\default\ets\sourceMaps.map cache by regenerate.
[2026-05-10T12:35:02.164] [DEBUG] debug-file - Update task entry:default@CollectDebugSymbol input file:E:\project\My_project\OpenHarmony\frontend\entry\build\default\intermediates\libs\default cache by regenerate.
[2026-05-10T12:35:02.164] [DEBUG] debug-file - Update task entry:default@CollectDebugSymbol output file:E:\project\My_project\OpenHarmony\frontend\entry\build\default\outputs\default\symbol cache.
[2026-05-10T12:35:02.164] [DEBUG] debug-file - Incremental task entry:default@CollectDebugSymbol post-execution cost:1 ms .
[2026-05-10T12:35:02.182] [DEBUG] debug-file - Cleanup worker 14.
[2026-05-10T12:35:02.182] [DEBUG] debug-file - Worker 14 has been cleaned up.
[2026-05-10T12:35:02.182] [DEBUG] debug-file - Current idle worker size: 0.
[2026-05-10T12:35:02.182] [DEBUG] debug-file - Current resident worker size: 1.
[2026-05-10T12:35:02.183] [DEBUG] debug-file - hvigor build process will be closed.
[2026-05-10T12:35:02.188] [DEBUG] debug-file - worker[14] exits with exit code 1.
[2026-05-10T12:36:10.484] [DEBUG] debug-file - watch worker: send response to session manager. Response type: WatchStart
[2026-05-10T12:36:10.486] [DEBUG] debug-file - session manager: watch message received from worker 1. Type: WatchStart
[2026-05-10T12:36:23.468] [DEBUG] debug-file - env: nodejsVersion=v24.15.0
[2026-05-10T12:36:23.654] [DEBUG] debug-file - env: daemon=true
[2026-05-10T12:36:23.469] [DEBUG] debug-file - env: hvigor-config.json5 content = { modelVersion: '5.0.0', dependencies: {} }
[2026-05-10T12:36:24.044] [DEBUG] debug-file - java daemon tryConnect failed Error: connect ECONNREFUSED 127.0.0.1:45050
[2026-05-10T12:36:24.054] [DEBUG] debug-file - java daemon started at port 45050 pid 16168
[2026-05-10T12:36:24.072] [DEBUG] debug-file - session manager: set active socket. socketId=vocsjR1UuoULULwxAAAB
[2026-05-10T12:36:24.148] [DEBUG] debug-file - javaProcess on stderr
[2026-05-10T12:36:24.161] [DEBUG] debug-file - java daemon exit code:1 signal:null
[2026-05-10T12:36:24.446] [DEBUG] debug-file - watch worker: worker id should be larger than 0. Nothing will be sent to any worker thread.
[2026-05-10T12:36:24.449] [DEBUG] debug-file - Since there is no instance or instance is terminated, create a new worker pool.
[2026-05-10T12:36:24.449] [DEBUG] debug-file - Worker pool is initialized with config:  {
  minPoolNum: 2,
  maxPoolNum: undefined,
  maxCoreSize: undefined,
  cacheCapacity: undefined,
  cacheTtl: undefined
}
[2026-05-10T12:36:24.449] [DEBUG] debug-file - Create  resident worker with id: 0.
[2026-05-10T12:36:24.450] [DEBUG] debug-file - Create  resident worker with id: 1.
[2026-05-10T12:36:24.452] [DEBUG] debug-file - Workers' log level updated to INFO
[2026-05-10T12:36:24.455] [DEBUG] debug-file - Hvigor init with startParameters:{
  hvigorfileTypeCheck: false,
  parallelExecution: true,
  incrementalExecution: true,
  printStackTrace: false,
  daemon: true,
  analyze: 0,
  logLevel: Level { level: 20000, levelStr: 'INFO', colour: 'green' },
  optimizationStrategy: 'memory',
  hotCompile: undefined,
  hotReloadBuild: undefined,
  customizedParam: undefined
}
[2026-05-10T12:36:24.459] [DEBUG] debug-file - Cache service initialization finished in 4 ms 
[2026-05-10T12:36:24.460] [DEBUG] debug-file - hvigorfile, resolving E:\project\My_project\OpenHarmony\frontend\hvigorfile.ts
[2026-05-10T12:36:25.471] [DEBUG] debug-file - hvigorfile, require result:  { default: { plugins: [] } }
[2026-05-10T12:36:25.471] [DEBUG] debug-file - hvigorfile, binding system plugins null
[2026-05-10T12:36:25.471] [DEBUG] debug-file - Starting plugin build process
[2026-05-10T12:36:25.471] [DEBUG] debug-file - App plugin prepare start...
[2026-05-10T12:36:25.471] [DEBUG] debug-file - App plugin prepare end...
[2026-05-10T12:36:25.472] [DEBUG] debug-file - App plugin creating...
[2026-05-10T12:36:25.626] [DEBUG] debug-file - App plugin register hook start...
[2026-05-10T12:36:25.626] [DEBUG] debug-file - App plugin register hook end...
[2026-05-10T12:36:25.626] [DEBUG] debug-file - Plugin build process completed
[2026-05-10T12:36:25.627] [DEBUG] debug-file - Start initialize project's product build option map with build mode debug.
[2026-05-10T12:36:25.627] [DEBUG] debug-file - Picking option from product 'default' with build mode 'debug'.
[2026-05-10T12:36:25.627] [DEBUG] debug-file - Product 'default' build option initialized
[2026-05-10T12:36:25.627] [DEBUG] debug-file - End initialize project's product build option map with build mode 'debug'.
[2026-05-10T12:36:25.628] [DEBUG] debug-file - Obtain build option for product 'default'in this build.
[2026-05-10T12:36:25.629] [DEBUG] debug-file - No signingConfig found, initRemoteHspCache failed.
[2026-05-10T12:36:25.634] [DEBUG] debug-file - Local scan or download HarmonyOS sdk components toolchains,ets,js,native,previewer
[2026-05-10T12:36:25.636] [DEBUG] debug-file - Local scan or download hmscore sdk components toolchains,ets,native
[2026-05-10T12:36:25.639] [DEBUG] debug-file - Start recording SDK configuration permission data.
[2026-05-10T12:36:25.674] [DEBUG] debug-file - Sdk init in 45 ms 
[2026-05-10T12:36:25.688] [DEBUG] debug-file - Project task initialization takes 11 ms 
[2026-05-10T12:36:25.688] [DEBUG] debug-file - hvigorfile, begin to bind custom plugins...
[2026-05-10T12:36:25.692] [DEBUG] debug-file - hvigorfile, no custom plugins were found in E:\project\My_project\OpenHarmony\frontend\hvigorfile.ts
[2026-05-10T12:36:25.692] [DEBUG] debug-file - hvigorfile, resolve finished E:\project\My_project\OpenHarmony\frontend\hvigorfile.ts
[2026-05-10T12:36:25.693] [DEBUG] debug-file - hvigorfile, resolving E:\project\My_project\OpenHarmony\frontend\entry\hvigorfile.ts
[2026-05-10T12:36:25.698] [DEBUG] debug-file - hvigorfile, require result:  { default: { plugins: [] } }
[2026-05-10T12:36:25.698] [DEBUG] debug-file - hvigorfile, binding system plugins null
[2026-05-10T12:36:25.698] [DEBUG] debug-file - Starting plugin build process
[2026-05-10T12:36:25.698] [DEBUG] debug-file - Hap plugin creating...
[2026-05-10T12:36:25.699] [DEBUG] debug-file - failed to load cangjie to dynamically generate schemas: Error: Cannot find module '@ohos/cangjie-build-support/index'
Require stack:
- E:\Program Files\Huawei\DevEco Studio\tools\hvigor\hvigor-ohos-plugin\src\plugin\hooks\cangjie-register.js
- E:\Program Files\Huawei\DevEco Studio\tools\hvigor\hvigor-ohos-plugin\src\plugin\strategy\stage-init-strategy.js
- E:\Program Files\Huawei\DevEco Studio\tools\hvigor\hvigor-ohos-plugin\src\plugin\builder\abstract-plugin-builder.js
- E:\Program Files\Huawei\DevEco Studio\tools\hvigor\hvigor-ohos-plugin\src\plugin\builder\app-plugin-builder.js
- E:\Program Files\Huawei\DevEco Studio\tools\hvigor\hvigor-ohos-plugin\src\plugin\factory\plugin-factory.js
- E:\Program Files\Huawei\DevEco Studio\tools\hvigor\hvigor-ohos-plugin\index.js
- E:\project\My_project\OpenHarmony\frontend\hvigorfile.ts
- E:\Program Files\Huawei\DevEco Studio\tools\hvigor\hvigor\src\base\internal\lifecycle\configuration.js
- E:\Program Files\Huawei\DevEco Studio\tools\hvigor\hvigor\src\base\boot\index.js
- E:\Program Files\Huawei\DevEco Studio\tools\hvigor\hvigor\src\base\daemon\cluster\worker-process-lifecycle.js
- E:\Program Files\Huawei\DevEco Studio\tools\hvigor\hvigor\src\base\daemon\process\daemon-process-boot-script.js
[2026-05-10T12:36:25.705] [DEBUG] debug-file - Start initialize module-target build option map, moduleName=entry, buildMode=debug
[2026-05-10T12:36:25.705] [DEBUG] debug-file - Target 'default' config initialized
[2026-05-10T12:36:25.705] [DEBUG] debug-file - Module 'entry' target 'default' build option initialized
[2026-05-10T12:36:25.706] [DEBUG] debug-file - End initialize module-target build option map, moduleName=entry
[2026-05-10T12:36:25.706] [DEBUG] debug-file - Start initialize module-target build option map, moduleName=entry, buildMode=release
[2026-05-10T12:36:25.706] [DEBUG] debug-file - Target 'default' config initialized
[2026-05-10T12:36:25.706] [DEBUG] debug-file - Module 'entry' target 'default' build option initialized
[2026-05-10T12:36:25.706] [DEBUG] debug-file - End initialize module-target build option map, moduleName=entry
[2026-05-10T12:36:25.707] [DEBUG] debug-file - Start initialize module-target build option map, moduleName=entry, buildMode=debug
[2026-05-10T12:36:25.707] [DEBUG] debug-file - Target 'default' config initialized
[2026-05-10T12:36:25.707] [DEBUG] debug-file - Module 'entry' target 'default' build option initialized
[2026-05-10T12:36:25.707] [DEBUG] debug-file - End initialize module-target build option map, moduleName=entry
[2026-05-10T12:36:25.707] [DEBUG] debug-file - Obtain build option for module 'entry' target 'default'in this build.
[2026-05-10T12:36:25.711] [DEBUG] debug-file - Module entry task initialization takes 3 ms 
[2026-05-10T12:36:25.711] [DEBUG] debug-file - Hap plugin register hook start...
[2026-05-10T12:36:25.711] [DEBUG] debug-file - Hap plugin register hook end...
[2026-05-10T12:36:25.711] [DEBUG] debug-file - Plugin build process completed
[2026-05-10T12:36:25.711] [DEBUG] debug-file - hvigorfile, begin to bind custom plugins...
[2026-05-10T12:36:25.711] [DEBUG] debug-file - hvigorfile, no custom plugins were found in E:\project\My_project\OpenHarmony\frontend\entry\hvigorfile.ts
[2026-05-10T12:36:25.711] [DEBUG] debug-file - hvigorfile, resolve finished E:\project\My_project\OpenHarmony\frontend\entry\hvigorfile.ts
[2026-05-10T12:36:25.726] [DEBUG] debug-file - hvigorfile, resolve hvigorfile dependencies in 15 ms 
[2026-05-10T12:36:25.726] [DEBUG] debug-file - project has submodules:entry
[2026-05-10T12:36:25.728] [DEBUG] debug-file - start to load updatedOhPackageInfo to the disk
[2026-05-10T12:36:25.729] [DEBUG] debug-file - load to the disk finished
[2026-05-10T12:36:25.729] [DEBUG] debug-file - Start to initialize dependency information.
[2026-05-10T12:36:25.731] [DEBUG] debug-file - Module frontend Collected Dependency: 
[2026-05-10T12:36:25.731] [DEBUG] debug-file - Module frontend's total dependency: 0
[2026-05-10T12:36:25.732] [DEBUG] debug-file - Start to initialize dependency information.
[2026-05-10T12:36:25.734] [DEBUG] debug-file - Module entry Collected Dependency: 
[2026-05-10T12:36:25.734] [DEBUG] debug-file - Module entry's total dependency: 0
[2026-05-10T12:36:25.736] [DEBUG] debug-file - Configuration phase cost:1 s 278 ms 
[2026-05-10T12:36:25.738] [DEBUG] debug-file - Configuration task cost before running: 1 s 286 ms 
[2026-05-10T12:36:25.742] [DEBUG] debug-file - Executing task :entry:default@PreBuild
[2026-05-10T12:36:25.745] [DEBUG] debug-file - Task 'entry:default@PreBuild' cost while wrapping incremental declarations: 1 ms 
[2026-05-10T12:36:25.749] [DEBUG] debug-file - entry:default@PreBuild is not up-to-date, since the task snapshots are different.
[2026-05-10T12:36:25.749] [DEBUG] debug-file - Incremental task entry:default@PreBuild pre-execution cost: 3 ms .
[2026-05-10T12:36:25.843] [DEBUG] debug-file - current product is not Atomic service.
[2026-05-10T12:36:25.843] [DEBUG] debug-file - Use tool [win32: JAVA_HOME, CLASSPATH]
 [
  { JAVA_HOME: 'C:\\Program Files\\Java\\jdk-17' },
  { CLASSPATH: undefined }
]
[2026-05-10T12:36:25.843] [DEBUG] debug-file - Use tool [win32: NODE_HOME]
 [ { NODE_HOME: undefined } ]
[2026-05-10T12:36:25.844] [DEBUG] debug-file - entry : default@PreBuild cost memory 4.0859222412109375
[2026-05-10T12:36:25.844] [DEBUG] debug-file - runTaskFromQueue task cost before running: 1 s 393 ms 
[2026-05-10T12:36:25.846] [INFO] debug-file - Finished :entry:default@PreBuild... after 103 ms 
[2026-05-10T12:36:25.847] [DEBUG] debug-file - Executing task :entry:default@CreateModuleInfo
[2026-05-10T12:36:25.847] [DEBUG] debug-file - Task 'entry:default@CreateModuleInfo' cost while wrapping incremental declarations: 1 ms 
[2026-05-10T12:36:25.847] [DEBUG] debug-file - entry : default@CreateModuleInfo cost memory 0.04602813720703125
[2026-05-10T12:36:25.848] [DEBUG] debug-file - runTaskFromQueue task cost before running: 1 s 396 ms 
[2026-05-10T12:36:25.848] [INFO] debug-file - Finished :entry:default@CreateModuleInfo... after 1 ms 
[2026-05-10T12:36:25.849] [DEBUG] debug-file - Executing task :entry:default@GenerateMetadata
[2026-05-10T12:36:25.849] [DEBUG] debug-file - Task 'entry:default@GenerateMetadata' cost while wrapping incremental declarations: 1 ms 
[2026-05-10T12:36:25.850] [DEBUG] debug-file - Incremental task entry:default@GenerateMetadata pre-execution cost: 1 ms .
[2026-05-10T12:36:25.850] [DEBUG] debug-file - entry : default@GenerateMetadata cost memory 0.13067626953125
[2026-05-10T12:36:25.850] [INFO] debug-file - UP-TO-DATE :entry:default@GenerateMetadata...  
[2026-05-10T12:36:25.851] [DEBUG] debug-file - Executing task :entry:default@ConfigureCmake
[2026-05-10T12:36:25.851] [DEBUG] debug-file - entry : default@ConfigureCmake cost memory 0.01462554931640625
[2026-05-10T12:36:25.851] [DEBUG] debug-file - runTaskFromQueue task cost before running: 1 s 399 ms 
[2026-05-10T12:36:25.851] [INFO] debug-file - Finished :entry:default@ConfigureCmake... after 1 ms 
[2026-05-10T12:36:25.852] [DEBUG] debug-file - Executing task :entry:default@MergeProfile
[2026-05-10T12:36:25.852] [DEBUG] debug-file - Task 'entry:default@MergeProfile' cost while wrapping incremental declarations: 1 ms 
[2026-05-10T12:36:25.853] [DEBUG] debug-file - Incremental task entry:default@MergeProfile pre-execution cost: 1 ms .
[2026-05-10T12:36:25.854] [DEBUG] debug-file - entry : default@MergeProfile cost memory 0.46938323974609375
[2026-05-10T12:36:25.854] [INFO] debug-file - UP-TO-DATE :entry:default@MergeProfile...  
[2026-05-10T12:36:25.854] [DEBUG] debug-file - Executing task :entry:default@CreateBuildProfile
[2026-05-10T12:36:25.855] [DEBUG] debug-file - Task 'entry:default@CreateBuildProfile' cost while wrapping incremental declarations: 1 ms 
[2026-05-10T12:36:25.855] [DEBUG] debug-file - Incremental task entry:default@CreateBuildProfile pre-execution cost: 1 ms .
[2026-05-10T12:36:25.855] [DEBUG] debug-file - entry : default@CreateBuildProfile cost memory 0.11435699462890625
[2026-05-10T12:36:25.855] [INFO] debug-file - UP-TO-DATE :entry:default@CreateBuildProfile...  
[2026-05-10T12:36:25.856] [DEBUG] debug-file - Executing task :entry:default@PreCheckSyscap
[2026-05-10T12:36:25.856] [DEBUG] debug-file - entry : default@PreCheckSyscap cost memory 0.0171051025390625
[2026-05-10T12:36:25.856] [DEBUG] debug-file - runTaskFromQueue task cost before running: 1 s 405 ms 
[2026-05-10T12:36:25.857] [INFO] debug-file - Finished :entry:default@PreCheckSyscap... after 1 ms 
[2026-05-10T12:36:25.858] [DEBUG] debug-file - Executing task :entry:default@GeneratePkgContextInfo
[2026-05-10T12:36:25.863] [DEBUG] debug-file - Task 'entry:default@GeneratePkgContextInfo' cost while wrapping incremental declarations: 1 ms 
[2026-05-10T12:36:25.863] [DEBUG] debug-file - entry : default@GeneratePkgContextInfo cost memory 0.33417510986328125
[2026-05-10T12:36:25.864] [DEBUG] debug-file - runTaskFromQueue task cost before running: 1 s 412 ms 
[2026-05-10T12:36:25.864] [INFO] debug-file - Finished :entry:default@GeneratePkgContextInfo... after 6 ms 
[2026-05-10T12:36:25.864] [DEBUG] debug-file - Executing task :entry:default@GeneratePkgSdkInfo
[2026-05-10T12:36:25.865] [DEBUG] debug-file - Task 'entry:default@GeneratePkgSdkInfo' cost while wrapping incremental declarations: 1 ms 
[2026-05-10T12:36:25.866] [DEBUG] debug-file - Incremental task entry:default@GeneratePkgSdkInfo pre-execution cost: 1 ms .
[2026-05-10T12:36:25.866] [DEBUG] debug-file - entry : default@GeneratePkgSdkInfo cost memory -0.23795318603515625
[2026-05-10T12:36:25.866] [INFO] debug-file - UP-TO-DATE :entry:default@GeneratePkgSdkInfo...  
[2026-05-10T12:36:25.868] [DEBUG] debug-file - Executing task :entry:default@ProcessIntegratedHsp
[2026-05-10T12:36:25.868] [DEBUG] debug-file - entry:default@ProcessIntegratedHsp is not up-to-date, since the output file 'E:\project\My_project\OpenHarmony\frontend\build\cache\default\integrated_hsp\integratedHspCache.json' does not exist.
[2026-05-10T12:36:25.868] [DEBUG] debug-file - Incremental task entry:default@ProcessIntegratedHsp pre-execution cost: 1 ms .
[2026-05-10T12:36:25.868] [DEBUG] debug-file - entry : default@ProcessIntegratedHsp cost memory 0.0547943115234375
[2026-05-10T12:36:25.868] [DEBUG] debug-file - runTaskFromQueue task cost before running: 1 s 417 ms 
[2026-05-10T12:36:25.869] [INFO] debug-file - Finished :entry:default@ProcessIntegratedHsp... after 1 ms 
[2026-05-10T12:36:25.869] [DEBUG] debug-file - Executing task :entry:default@BuildNativeWithCmake
[2026-05-10T12:36:25.869] [DEBUG] debug-file - entry : default@BuildNativeWithCmake cost memory 0.01495361328125
[2026-05-10T12:36:25.869] [DEBUG] debug-file - runTaskFromQueue task cost before running: 1 s 418 ms 
[2026-05-10T12:36:25.869] [INFO] debug-file - Finished :entry:default@BuildNativeWithCmake... after 1 ms 
[2026-05-10T12:36:25.870] [DEBUG] debug-file - Executing task :entry:default@MakePackInfo
[2026-05-10T12:36:25.871] [DEBUG] debug-file - Incremental task entry:default@MakePackInfo pre-execution cost: 1 ms .
[2026-05-10T12:36:25.871] [DEBUG] debug-file - entry : default@MakePackInfo cost memory 0.136871337890625
[2026-05-10T12:36:25.872] [INFO] debug-file - UP-TO-DATE :entry:default@MakePackInfo...  
[2026-05-10T12:36:25.872] [DEBUG] debug-file - Executing task :entry:default@SyscapTransform
[2026-05-10T12:36:25.872] [DEBUG] debug-file - File: 'E:\project\My_project\OpenHarmony\frontend\entry\src\main\syscap.json' from 'sysCapJsonPath' is not exists, just ignore.
[2026-05-10T12:36:25.873] [DEBUG] debug-file - Task 'entry:default@SyscapTransform' cost while wrapping incremental declarations: 1 ms 
[2026-05-10T12:36:25.882] [DEBUG] debug-file - entry:default@SyscapTransform is not up-to-date, since the output file 'E:\project\My_project\OpenHarmony\frontend\entry\build\default\intermediates\syscap\default\rpcid.sc' does not exist.
[2026-05-10T12:36:25.882] [DEBUG] debug-file - Incremental task entry:default@SyscapTransform pre-execution cost: 10 ms .
[2026-05-10T12:36:25.882] [DEBUG] debug-file - entry : default@SyscapTransform cost memory 0.15946197509765625
[2026-05-10T12:36:25.882] [DEBUG] debug-file - runTaskFromQueue task cost before running: 1 s 431 ms 
[2026-05-10T12:36:25.883] [INFO] debug-file - Finished :entry:default@SyscapTransform... after 11 ms 
[2026-05-10T12:36:25.884] [DEBUG] debug-file - Executing task :entry:default@ProcessProfile
[2026-05-10T12:36:25.886] [DEBUG] debug-file - Task 'entry:default@ProcessProfile' cost while wrapping incremental declarations: 1 ms 
[2026-05-10T12:36:25.886] [DEBUG] debug-file - Incremental task entry:default@ProcessProfile pre-execution cost: 1 ms .
[2026-05-10T12:36:25.886] [DEBUG] debug-file - entry : default@ProcessProfile cost memory 0.1429595947265625
[2026-05-10T12:36:25.886] [INFO] debug-file - UP-TO-DATE :entry:default@ProcessProfile...  
[2026-05-10T12:36:25.887] [DEBUG] debug-file - Executing task :entry:default@ProcessRouterMap
[2026-05-10T12:36:25.889] [DEBUG] debug-file - Incremental task entry:default@ProcessRouterMap pre-execution cost: 1 ms .
[2026-05-10T12:36:25.889] [DEBUG] debug-file - entry : default@ProcessRouterMap cost memory 0.13533782958984375
[2026-05-10T12:36:25.889] [INFO] debug-file - UP-TO-DATE :entry:default@ProcessRouterMap...  
[2026-05-10T12:36:25.890] [DEBUG] debug-file - Executing task :entry:default@ProcessShareConfig
[2026-05-10T12:36:25.890] [DEBUG] debug-file - Incremental task entry:default@ProcessShareConfig pre-execution cost: 1 ms .
[2026-05-10T12:36:25.891] [DEBUG] debug-file - entry : default@ProcessShareConfig cost memory 0.10391998291015625
[2026-05-10T12:36:25.891] [INFO] debug-file - UP-TO-DATE :entry:default@ProcessShareConfig...  
[2026-05-10T12:36:25.891] [DEBUG] debug-file - Executing task :entry:default@ProcessStartupConfig
[2026-05-10T12:36:25.892] [DEBUG] debug-file - Task 'entry:default@ProcessStartupConfig' cost while wrapping incremental declarations: 1 ms 
[2026-05-10T12:36:25.892] [DEBUG] debug-file - entry:default@ProcessStartupConfig is not up-to-date, since the output file 'E:\project\My_project\OpenHarmony\frontend\entry\build\default\intermediates\startup\default\startup_config.json' does not exist.
[2026-05-10T12:36:25.892] [DEBUG] debug-file - Incremental task entry:default@ProcessStartupConfig pre-execution cost: 1 ms .
[2026-05-10T12:36:25.892] [DEBUG] debug-file - entry : default@ProcessStartupConfig cost memory 0.08914947509765625
[2026-05-10T12:36:25.892] [DEBUG] debug-file - runTaskFromQueue task cost before running: 1 s 441 ms 
[2026-05-10T12:36:25.892] [INFO] debug-file - Finished :entry:default@ProcessStartupConfig... after 1 ms 
[2026-05-10T12:36:25.893] [DEBUG] debug-file - Executing task :entry:default@BuildNativeWithNinja
[2026-05-10T12:36:25.894] [DEBUG] debug-file - entry : default@BuildNativeWithNinja cost memory 0.0213165283203125
[2026-05-10T12:36:25.894] [DEBUG] debug-file - runTaskFromQueue task cost before running: 1 s 442 ms 
[2026-05-10T12:36:25.894] [INFO] debug-file - Finished :entry:default@BuildNativeWithNinja... after 1 ms 
[2026-05-10T12:36:25.895] [DEBUG] debug-file - restool module names: entry; moduleName=entry, taskName=default@ProcessResource
[2026-05-10T12:36:25.896] [DEBUG] debug-file - Executing task :entry:default@ProcessResource
[2026-05-10T12:36:25.896] [DEBUG] debug-file - Task 'entry:default@ProcessResource' cost while wrapping incremental declarations: 1 ms 
[2026-05-10T12:36:25.897] [DEBUG] debug-file - Incremental task entry:default@ProcessResource pre-execution cost: 1 ms .
[2026-05-10T12:36:25.897] [DEBUG] debug-file - entry : default@ProcessResource cost memory 0.143707275390625
[2026-05-10T12:36:25.898] [INFO] debug-file - UP-TO-DATE :entry:default@ProcessResource...  
[2026-05-10T12:36:25.901] [DEBUG] debug-file - Executing task :entry:default@GenerateLoaderJson
[2026-05-10T12:36:25.901] [DEBUG] debug-file - Task 'entry:default@GenerateLoaderJson' cost while wrapping incremental declarations: 1 ms 
[2026-05-10T12:36:25.906] [DEBUG] debug-file - Incremental task entry:default@GenerateLoaderJson pre-execution cost: 3 ms .
[2026-05-10T12:36:25.906] [DEBUG] debug-file - entry : default@GenerateLoaderJson cost memory 0.49466705322265625
[2026-05-10T12:36:25.908] [INFO] debug-file - UP-TO-DATE :entry:default@GenerateLoaderJson...  
[2026-05-10T12:36:25.909] [DEBUG] debug-file - Executing task :entry:default@ProcessLibs
[2026-05-10T12:36:25.910] [DEBUG] debug-file - Incremental task entry:default@ProcessLibs pre-execution cost: 1 ms .
[2026-05-10T12:36:25.910] [DEBUG] debug-file - entry : default@ProcessLibs cost memory 0.1486053466796875
[2026-05-10T12:36:25.911] [INFO] debug-file - UP-TO-DATE :entry:default@ProcessLibs...  
[2026-05-10T12:36:25.911] [DEBUG] debug-file - restool module names: entry; moduleName=entry, taskName=default@CompileResource
[2026-05-10T12:36:25.912] [DEBUG] debug-file - Executing task :entry:default@CompileResource
[2026-05-10T12:36:25.919] [DEBUG] debug-file - Incremental task entry:default@CompileResource pre-execution cost: 6 ms .
[2026-05-10T12:36:25.919] [DEBUG] debug-file - entry : default@CompileResource cost memory 0.7159881591796875
[2026-05-10T12:36:25.919] [INFO] debug-file - UP-TO-DATE :entry:default@CompileResource...  
[2026-05-10T12:36:25.920] [DEBUG] debug-file - Executing task :entry:default@DoNativeStrip
[2026-05-10T12:36:25.920] [DEBUG] debug-file - File: 'E:\project\My_project\OpenHarmony\frontend\entry\build\default\intermediates\binxo\default' from 'doBinxoNativeLibs' is not exists, just ignore.
[2026-05-10T12:36:25.920] [DEBUG] debug-file - Task 'entry:default@DoNativeStrip' cost while wrapping incremental declarations: 1 ms 
[2026-05-10T12:36:25.921] [DEBUG] debug-file - Incremental task entry:default@DoNativeStrip pre-execution cost: 1 ms .
[2026-05-10T12:36:25.921] [DEBUG] debug-file - entry : default@DoNativeStrip cost memory 0.35260009765625
[2026-05-10T12:36:25.921] [INFO] debug-file - UP-TO-DATE :entry:default@DoNativeStrip...  
[2026-05-10T12:36:25.922] [DEBUG] debug-file - Executing task :entry:default@CompileArkTS
[2026-05-10T12:36:25.922] [DEBUG] debug-file - obfuscationOptions: undefined
[2026-05-10T12:36:25.923] [DEBUG] debug-file - Task 'entry:default@CompileArkTS' cost while wrapping incremental declarations: 1 ms 
[2026-05-10T12:36:25.925] [DEBUG] debug-file - entry:default@CompileArkTS is not up-to-date, since the input file 'E:\project\My_project\OpenHarmony\frontend\entry\build\default\intermediates\loader\default' has been changed.
[2026-05-10T12:36:25.926] [DEBUG] debug-file - Incremental task entry:default@CompileArkTS pre-execution cost: 2 ms .
[2026-05-10T12:36:25.933] [DEBUG] debug-file - build config:
[2026-05-10T12:36:25.934] [DEBUG] debug-file - {
  moduleType: 'entry',
  perf: 0,
  targetName: '.default',
  packageManagerType: 'ohpm',
  localPropertiesPath: 'E:\\project\\My_project\\OpenHarmony\\frontend\\local.properties',
  isPreview: false,
  isOhosTest: false,
  isLocalTest: false,
  buildMode: 'Debug',
  hotReloadBuild: undefined,
  watchMode: 'false',
  aceProfilePath: 'E:\\project\\My_project\\OpenHarmony\\frontend\\entry\\build\\default\\intermediates\\res\\default\\resources\\base\\profile',
  etsLoaderPath: 'E:\\Program Files\\Huawei\\DevEco Studio\\sdk\\default\\openharmony\\ets\\build-tools\\ets-loader',
  modulePath: 'E:\\project\\My_project\\OpenHarmony\\frontend\\entry',
  testFrameworkPar: {
    testMode: undefined,
    coveragePathFilter: undefined,
    coverageMode: undefined
  },
  needCoverageInsert: false,
  debugLine: false,
  projectTopDir: 'E:\\project\\My_project\\OpenHarmony\\frontend',
  compileSdkVersion: 24,
  compatibleSdkVersion: 24,
  originCompatibleSdkVersion: '6.1.1(24)',
  compatibleSdkVersionStage: undefined,
  bundleName: 'c***h',
  etsLoaderVersion: '6.1.1.115',
  etsLoaderReleaseType: 'Beta1',
  aotCompileMode: 'type',
  apPath: 'E:\\project\\My_project\\OpenHarmony\\frontend\\entry\\modules.ap',
  entryModuleName: 'entry',
  entryModuleVersion: '1.0.0',
  entryPackageName: 'entry',
  allModuleNameHash: 'ce07020a89efc81a7e6eef6687a77f9b00a5d846c6bb29ca823e57a40b03e7bb',
  externalApiPaths: [
    'E:\\Program Files\\Huawei\\DevEco Studio\\sdk\\default\\hms\\ets'
  ],
  compilerTypes: [],
  isCrossplatform: false,
  hvigorPluginFile: undefined,
  compilePluginPath: undefined,
  buildGeneratedProfilePath: 'E:\\project\\My_project\\OpenHarmony\\frontend\\entry\\build\\default\\generated\\profile\\default',
  bundleType: 'app',
  arkTSVersion: undefined,
  apiVersion: 24,
  needCompleteSourcesMap: false,
  isFaMode: false,
  buildDir: 'E:\\project\\My_project\\OpenHarmony\\frontend\\entry\\build',
  deviceTypes: [ 'default', 'tablet' ],
  pkgContextInfo: undefined,
  ohPackagePathMap: {},
  dependencyAliasMap: {},
  permission: { requestPermissions: [ [Object] ], definePermissions: undefined },
  useGetCurrentBundleName: false,
  projectArkOption: undefined,
  sourceMapDir: undefined,
  branchElimination: false,
  transformLib: undefined,
  tsImportSendable: false,
  resolveConflictMode: true,
  depName2RootPath: {},
  depName2DepInfo: {},
  depName2OhExports: {},
  rootPathSet: [ 'E:\\project\\My_project\\OpenHarmony\\frontend' ],
  useNativeResolver: true,
  shouldEmitJs: true,
  useTscResolve: false,
  singleFileEmit: false,
  userProjectConfig: {
    autoLazyImport: false,
    allowEmptyBundleName: false,
    reExportCheckMode: 'noCheck',
    executionMode: 'memory',
    usePathPlaceholder: false,
    writeRollupCache: true,
    isExpandImportEnabled: false,
    expandImportExclude: '',
    lazyImportExclude: '',
    lazyImportInclude: '',
    ignoreCrossplatformCheck: false,
    isHarDeduplicateEnabled: false,
    skipOhModulesLint: false,
    enableStrictCheckOHModule: false,
    disableSendableCheckRules: [],
    useDeclarationFileSignature: false,
    customizedOptions: undefined,
    integratedHsp: false,
    isPreloadSoEnabled: false
  },
  executionMode: 'memory',
  arkCompileCachePath: 'E:\\project\\My_project\\OpenHarmony\\frontend\\entry\\build\\default\\cache\\default\\default@CompileArkTS\\esmodule',
  autoLazyFilter: undefined,
  isHarDeduplicateEnabled: false,
  intermediateHarDuplicateDirPath: 'E:\\project\\My_project\\OpenHarmony\\frontend\\entry\\build\\default\\intermediates\\har_duplicate\\default',
  autoLazyImport: false,
  allowEmptyBundleName: false,
  reExportCheckMode: 'noCheck',
  usePathPlaceholder: false,
  writeRollupCache: true,
  isExpandImportEnabled: false,
  expandImportExclude: '',
  lazyImportExclude: '',
  lazyImportInclude: '',
  ignoreCrossplatformCheck: false,
  skipOhModulesLint: false,
  enableStrictCheckOHModule: false,
  disableSendableCheckRules: [],
  useDeclarationFileSignature: false,
  customizedOptions: undefined,
  integratedHsp: false,
  isPreloadSoEnabled: false,
  strictMode: undefined,
  useNormalizedOHMUrl: false,
  caseSensitiveCheck: false,
  aceModuleJsonPath: 'E:\\project\\My_project\\OpenHarmony\\frontend\\entry\\build\\default\\intermediates\\res\\default\\ark_module.json',
  appResource: 'E:\\project\\My_project\\OpenHarmony\\frontend\\entry\\build\\default\\intermediates\\res\\default\\ResourceTable.txt',
  rawFileResource: 'E:\\project\\My_project\\OpenHarmony\\frontend\\entry\\build\\default\\intermediates\\res\\default\\resources\\rawfile',
  resourceTableHash: '65f34a2e4b63780d1d6c0614d8f19de78ca4a0f4f9875431e701e0d59ea2a136',
  runtimeOS: 'HarmonyOS',
  sdkInfo: 'false:24:6.1.1.115:Beta1',
  aceModuleRoot: 'E:\\project\\My_project\\OpenHarmony\\frontend\\entry\\src\\main\\ets',
  compileMode: 'esmodule',
  aceSuperVisualPath: 'E:\\project\\My_project\\OpenHarmony\\frontend\\entry\\src\\main\\supervisual',
  aceBuildJson: 'E:\\project\\My_project\\OpenHarmony\\frontend\\entry\\build\\default\\intermediates\\loader\\default\\loader.json',
  cachePath: 'E:\\project\\My_project\\OpenHarmony\\frontend\\entry\\build\\default\\cache\\default\\default@CompileArkTS\\esmodule\\debug',
  aceModuleBuild: 'E:\\project\\My_project\\OpenHarmony\\frontend\\entry\\build\\default\\intermediates\\loader_out\\default\\ets',
  supportChunks: true,
  declaredFilesPath: undefined,
  shouldCollectDirectImportees: false,
  isByteCodeHarOptimize: false,
  expandImportPath: undefined,
  resourceTableTs: 'E:\\project\\My_project\\OpenHarmony\\frontend\\entry\\build\\default\\generated\\r\\default\\ResourceTable.ts',
  moduleMetaInfoFiles: [
    {
      filePath: 'E:\\project\\My_project\\OpenHarmony\\frontend\\entry\\build\\default\\generated\\r\\default\\ResourceTable.ts',
      ohmurl: 'com.example.campusauth/entry/build/generated/r/ResourceTable'
    }
  ],
  pkgNameToPkgBriefInfo: {
    entry: {
      pkgRoot: 'E:\\project\\My_project\\OpenHarmony\\frontend\\entry',
      originalSourceRoots: undefined,
      sourceRoots: [Array],
      pkgName: 'entry'
    }
  },
  projectModel: {
    'E:\\project\\My_project\\OpenHarmony\\frontend\\entry\\src\\main': {
      moduleName: 'entry',
      modulePkgPath: 'E:\\project\\My_project\\OpenHarmony\\frontend\\entry',
      belongProjectPath: 'E:\\project\\My_project\\OpenHarmony\\frontend'
    },
    'E:\\project\\My_project\\OpenHarmony\\frontend\\entry': {
      moduleName: 'entry',
      modulePkgPath: 'E:\\project\\My_project\\OpenHarmony\\frontend\\entry',
      belongProjectPath: 'E:\\project\\My_project\\OpenHarmony\\frontend'
    },
    'E:\\project\\My_project\\OpenHarmony\\frontend': {
      moduleName: 'frontend',
      modulePkgPath: 'E:\\project\\My_project\\OpenHarmony\\frontend',
      belongProjectPath: 'E:\\project\\My_project\\OpenHarmony\\frontend'
    }
  },
  pkgJsonFileHash: '73bedc6cd266758e220700fffe08c7455ae29fd8b5c2b7b7a62c3d32d45eb2ec',
  allModulePaths: [ 'E:\\project\\My_project\\OpenHarmony\\frontend\\entry' ],
  routerMap: {},
  obfuscationOptions: undefined,
  byteCodeHarToDependencyKeys: undefined,
  compileBlockPkg: [],
  mockParams: {
    decorator: '@MockSetup',
    packageName: '@ohos/hamock',
    etsSourceRootPath: 'src/main/ets',
    mockConfigPath: undefined,
    mockConfigKey2ModuleInfo: {},
    source2ModuleIdMap: {}
  },
  copyCodeResourceEnable: true,
  copyCodeResourceExcludes: [],
  copyCodeResourceIncludes: undefined,
  uiTransformOptimization: false,
  sdkPath: 'E:/Program Files/Huawei/DevEco Studio/sdk',
  needPreloadSoFileSet: {},
  preloadSoFilePath: 'E:\\project\\My_project\\OpenHarmony\\frontend\\entry\\build\\default\\intermediates\\preload\\default\\preload.json',
  useSourceHash: false,
  localModuleParamMap: {},
  otherPaths: {
    'entry/*': [
      '..\\*',
      '..\\..\\..\\build\\default\\generated\\profile\\default\\*'
    ]
  },
  collectImportersConfig: {
    relativeDir: 'E:\\project\\My_project\\OpenHarmony\\frontend\\entry\\src\\main\\ets',
    buildConfigJsonPath: 'E:\\project\\My_project\\OpenHarmony\\frontend\\entry\\build\\config\\buildConfig.json',
    isReload: false,
    patchPath: 'E:\\project\\My_project\\OpenHarmony\\frontend\\entry\\build\\default\\intermediates\\patch\\default'
  }
}
[2026-05-10T12:36:25.934] [DEBUG] debug-file - Compile arkts with external api path: E:\Program Files\Huawei\DevEco Studio\sdk\default\hms\ets
[2026-05-10T12:36:25.936] [DEBUG] debug-file - default@CompileArkTS work[0] is submitted.
[2026-05-10T12:36:25.936] [DEBUG] debug-file - default@CompileArkTS work[0] is pushed to ready queue.
[2026-05-10T12:36:25.936] [DEBUG] debug-file - A work dispatched to worker[15] failed because unable to get work from ready queue.
[2026-05-10T12:36:25.936] [DEBUG] debug-file - A work dispatched to worker[14] failed because unable to get work from ready queue.
[2026-05-10T12:36:25.936] [DEBUG] debug-file - A work dispatched to worker[13] failed because unable to get work from ready queue.
[2026-05-10T12:36:25.936] [DEBUG] debug-file - A work dispatched to worker[12] failed because unable to get work from ready queue.
[2026-05-10T12:36:25.936] [DEBUG] debug-file - A work dispatched to worker[11] failed because unable to get work from ready queue.
[2026-05-10T12:36:25.936] [DEBUG] debug-file - A work dispatched to worker[10] failed because unable to get work from ready queue.
[2026-05-10T12:36:25.936] [DEBUG] debug-file - A work dispatched to worker[9] failed because unable to get work from ready queue.
[2026-05-10T12:36:25.936] [DEBUG] debug-file - A work dispatched to worker[8] failed because unable to get work from ready queue.
[2026-05-10T12:36:25.936] [DEBUG] debug-file - A work dispatched to worker[7] failed because unable to get work from ready queue.
[2026-05-10T12:36:25.936] [DEBUG] debug-file - A work dispatched to worker[6] failed because unable to get work from ready queue.
[2026-05-10T12:36:25.936] [DEBUG] debug-file - A work dispatched to worker[5] failed because unable to get work from ready queue.
[2026-05-10T12:36:25.936] [DEBUG] debug-file - Create  resident worker with id: 4.
[2026-05-10T12:36:25.938] [DEBUG] debug-file - default@CompileArkTS work[0] has been dispatched to worker[4].
[2026-05-10T12:36:25.938] [DEBUG] debug-file - default@CompileArkTS work[0] is dispatched.
[2026-05-10T12:36:25.938] [DEBUG] debug-file - CopyResources startTime: 5726620125600
[2026-05-10T12:36:25.938] [DEBUG] debug-file - default@CompileArkTS work[1] is submitted.
[2026-05-10T12:36:25.938] [DEBUG] debug-file - default@CompileArkTS work[1] is pushed to ready queue.
[2026-05-10T12:36:25.938] [DEBUG] debug-file - A work dispatched to worker[15] failed because unable to get work from ready queue.
[2026-05-10T12:36:25.938] [DEBUG] debug-file - Create  resident worker with id: 14.
[2026-05-10T12:36:25.939] [DEBUG] debug-file - default@CompileArkTS work[1] has been dispatched to worker[14].
[2026-05-10T12:36:25.939] [DEBUG] debug-file - default@CompileArkTS work[1] is dispatched.
[2026-05-10T12:36:25.939] [DEBUG] debug-file - entry : default@CompileArkTS cost memory 1.4798965454101562
[2026-05-10T12:36:25.940] [DEBUG] debug-file - Executing task :entry:default@BuildJS
[2026-05-10T12:36:25.940] [DEBUG] debug-file - Task 'entry:default@BuildJS' cost while wrapping incremental declarations: 1 ms 
[2026-05-10T12:36:25.942] [DEBUG] debug-file - entry : default@BuildJS cost memory 0.403900146484375
[2026-05-10T12:36:25.942] [DEBUG] debug-file - runTaskFromQueue task cost before running: 1 s 490 ms 
[2026-05-10T12:36:25.942] [INFO] debug-file - Finished :entry:default@BuildJS... after 2 ms 
[2026-05-10T12:36:25.943] [DEBUG] debug-file - Executing task :entry:default@CacheNativeLibs
[2026-05-10T12:36:25.943] [DEBUG] debug-file - File: 'E:\project\My_project\OpenHarmony\frontend\entry\build\default\intermediates\binxo\default' from 'cacheBinxoNativeLibs' is not exists, just ignore.
[2026-05-10T12:36:25.943] [DEBUG] debug-file - Task 'entry:default@CacheNativeLibs' cost while wrapping incremental declarations: 1 ms 
[2026-05-10T12:36:25.944] [DEBUG] debug-file - Incremental task entry:default@CacheNativeLibs pre-execution cost: 1 ms .
[2026-05-10T12:36:25.944] [DEBUG] debug-file - entry : default@CacheNativeLibs cost memory 0.09395599365234375
[2026-05-10T12:36:25.944] [INFO] debug-file - UP-TO-DATE :entry:default@CacheNativeLibs...  
[2026-05-10T12:36:26.419] [DEBUG] debug-file - worker[14] has one work done.
[2026-05-10T12:36:26.419] [DEBUG] debug-file - CopyResources is end, endTime: 5727101410500
[2026-05-10T12:36:26.419] [DEBUG] debug-file - default@CompileArkTS work[1] done.
[2026-05-10T12:36:26.419] [DEBUG] debug-file - A work dispatched to worker[14] failed because unable to get work from ready queue.
[2026-05-10T12:36:29.728] [WARN] debug-file - [33mWARN: [33m[33mArkTS:WARN File: E:/project/My_project/OpenHarmony/frontend/entry/src/main/ets/entryability/EntryAbility.ets:6:5
 Function may throw exceptions. Special handling is required.
[39m[39m
[33mWARN: [33m[33mArkTS:WARN File: E:/project/My_project/OpenHarmony/frontend/entry/src/main/ets/pages/LoginPage.ets:28:7
 Function may throw exceptions. Special handling is required.
[39m[39m
[33mWARN: [33m[33mArkTS:WARN File: E:/project/My_project/OpenHarmony/frontend/entry/src/main/ets/pages/LoginPage.ets:28:14
 'replaceUrl' has been deprecated.
[39m[39m
[33mWARN: [33m[33mArkTS:WARN File: E:/project/My_project/OpenHarmony/frontend/entry/src/main/ets/pages/LoginPage.ets:46:22
 'showToast' has been deprecated.
[39m[39m
[33mWARN: [33m[33mArkTS:WARN File: E:/project/My_project/OpenHarmony/frontend/entry/src/main/ets/pages/LoginPage.ets:51:20
 'showToast' has been deprecated.
[39m[39m
[33mWARN: [33m[33mArkTS:WARN File: E:/project/My_project/OpenHarmony/frontend/entry/src/main/ets/pages/LoginPage.ets:52:14
 'replaceUrl' has been deprecated.
[39m[39m
[33mWARN: [33m[33mArkTS:WARN File: E:/project/My_project/OpenHarmony/frontend/entry/src/main/ets/pages/LoginPage.ets:68:5
 Function may throw exceptions. Special handling is required.
[39m[39m
[33mWARN: [33m[33mArkTS:WARN File: E:/project/My_project/OpenHarmony/frontend/entry/src/main/ets/pages/LoginPage.ets:68:12
 'pushUrl' has been deprecated.
[39m[39m
[33mWARN: [33m[33mArkTS:WARN File: E:/project/My_project/OpenHarmony/frontend/entry/src/main/ets/components/PageTitleBar.ets:19:33
 'back' has been deprecated.
[39m[39m
[33mWARN: [33m[33mArkTS:WARN File: E:/project/My_project/OpenHarmony/frontend/entry/src/main/ets/pages/RegisterPage.ets:28:5
 Function may throw exceptions. Special handling is required.
[39m[39m
[33mWARN: [33m[33mArkTS:WARN File: E:/project/My_project/OpenHarmony/frontend/entry/src/main/ets/pages/RegisterPage.ets:28:12
 'replaceUrl' has been deprecated.
[39m[39m
[33mWARN: [33m[33mArkTS:WARN File: E:/project/My_project/OpenHarmony/frontend/entry/src/main/ets/pages/RegisterPage.ets:78:7
 Function may throw exceptions. Special handling is required.
[39m[39m
[33mWARN: [33m[33mArkTS:WARN File: E:/project/My_project/OpenHarmony/frontend/entry/src/main/ets/pages/RegisterPage.ets:78:20
 'showToast' has been deprecated.
[39m[39m
[33mWARN: [33m[33mArkTS:WARN File: E:/project/My_project/OpenHarmony/frontend/entry/src/main/ets/pages/RegisterPage.ets:100:24
 'showToast' has been deprecated.
[39m[39m
[33mWARN: [33m[33mArkTS:WARN File: E:/project/My_project/OpenHarmony/frontend/entry/src/main/ets/pages/RegisterPage.ets:103:22
 'showToast' has been deprecated.
[39m[39m
[33mWARN: [33m[33mArkTS:WARN File: E:/project/My_project/OpenHarmony/frontend/entry/src/main/ets/pages/RegisterPage.ets:104:16
 'replaceUrl' has been deprecated.
[39m[39m
[33mWARN: [33m[33mArkTS:WARN File: E:/project/My_project/OpenHarmony/frontend/entry/src/main/ets/pages/RegisterPage.ets:109:22
 'showToast' has been deprecated.
[39m[39m
[33mWARN: [33m[33mArkTS:WARN File: E:/project/My_project/OpenHarmony/frontend/entry/src/main/ets/utils/PermissionUtil.ets:37:7
 Function may throw exceptions. Special handling is required.
[39m[39m
[33mWARN: [33m[33mArkTS:WARN File: E:/project/My_project/OpenHarmony/frontend/entry/src/main/ets/utils/PermissionUtil.ets:37:14
 'replaceUrl' has been deprecated.
[39m[39m
[33mWARN: [33m[33mArkTS:WARN File: E:/project/My_project/OpenHarmony/frontend/entry/src/main/ets/utils/PermissionUtil.ets:41:7
 Function may throw exceptions. Special handling is required.
[39m[39m
[33mWARN: [33m[33mArkTS:WARN File: E:/project/My_project/OpenHarmony/frontend/entry/src/main/ets/utils/PermissionUtil.ets:41:20
 'showToast' has been deprecated.
[39m[39m
[33mWARN: [33m[33mArkTS:WARN File: E:/project/My_project/OpenHarmony/frontend/entry/src/main/ets/utils/PermissionUtil.ets:42:7
 Function may throw exceptions. Special handling is required.
[39m[39m
[33mWARN: [33m[33mArkTS:WARN File: E:/project/My_project/OpenHarmony/frontend/entry/src/main/ets/utils/PermissionUtil.ets:42:14
 'replaceUrl' has been deprecated.
[39m[39m
[33mWARN: [33m[33mArkTS:WARN File: E:/project/My_project/OpenHarmony/frontend/entry/src/main/ets/pages/OverviewPage.ets:41:7
 Function may throw exceptions. Special handling is required.
[39m[39m
[33mWARN: [33m[33mArkTS:WARN File: E:/project/My_project/OpenHarmony/frontend/entry/src/main/ets/pages/OverviewPage.ets:41:14
 'replaceUrl' has been deprecated.
[39m[39m
[33mWARN: [33m[33mArkTS:WARN File: E:/project/My_project/OpenHarmony/frontend/entry/src/main/ets/pages/OverviewPage.ets:128:7
 Function may throw exceptions. Special handling is required.
[39m[39m
[33mWARN: [33m[33mArkTS:WARN File: E:/project/My_project/OpenHarmony/frontend/entry/src/main/ets/pages/OverviewPage.ets:128:20
 'showToast' has been deprecated.
[39m[39m
[33mWARN: [33m[33mArkTS:WARN File: E:/project/My_project/OpenHarmony/frontend/entry/src/main/ets/pages/OverviewPage.ets:132:14
 'pushUrl' has been deprecated.
[39m[39m
[33mWARN: [33m[33mArkTS:WARN File: E:/project/My_project/OpenHarmony/frontend/entry/src/main/ets/pages/OverviewPage.ets:137:17
 'show' has been deprecated.
[39m[39m
[33mWARN: [33m[33mArkTS:WARN File: E:/project/My_project/OpenHarmony/frontend/entry/src/main/ets/pages/OverviewPage.ets:146:24
 'showToast' has been deprecated.
[39m[39m
[33mWARN: [33m[33mArkTS:WARN File: E:/project/My_project/OpenHarmony/frontend/entry/src/main/ets/pages/OverviewPage.ets:147:18
 'replaceUrl' has been deprecated.
[39m[39m
[33mWARN: [33m[33mArkTS:WARN File: E:/project/My_project/OpenHarmony/frontend/entry/src/main/ets/pages/DefenseDemoPage.ets:39:7
 Function may throw exceptions. Special handling is required.
[39m[39m
[33mWARN: [33m[33mArkTS:WARN File: E:/project/My_project/OpenHarmony/frontend/entry/src/main/ets/pages/DefenseDemoPage.ets:39:20
 'showToast' has been deprecated.
[39m[39m
[33mWARN: [33m[33mArkTS:WARN File: E:/project/My_project/OpenHarmony/frontend/entry/src/main/ets/pages/DefenseDemoPage.ets:66:20
 'showToast' has been deprecated.
[39m[39m
[33mWARN: [33m[33mArkTS:WARN File: E:/project/My_project/OpenHarmony/frontend/entry/src/main/ets/pages/DashboardPage.ets:37:7
 Function may throw exceptions. Special handling is required.
[39m[39m
[33mWARN: [33m[33mArkTS:WARN File: E:/project/My_project/OpenHarmony/frontend/entry/src/main/ets/pages/DashboardPage.ets:37:14
 'replaceUrl' has been deprecated.
[39m[39m
[33mWARN: [33m[33mArkTS:WARN File: E:/project/My_project/OpenHarmony/frontend/entry/src/main/ets/pages/DashboardPage.ets:61:7
 Function may throw exceptions. Special handling is required.
[39m[39m
[33mWARN: [33m[33mArkTS:WARN File: E:/project/My_project/OpenHarmony/frontend/entry/src/main/ets/pages/DashboardPage.ets:61:20
 'showToast' has been deprecated.
[39m[39m
[33mWARN: [33m[33mArkTS:WARN File: E:/project/My_project/OpenHarmony/frontend/entry/src/main/ets/pages/DashboardPage.ets:64:5
 Function may throw exceptions. Special handling is required.
[39m[39m
[33mWARN: [33m[33mArkTS:WARN File: E:/project/My_project/OpenHarmony/frontend/entry/src/main/ets/pages/DashboardPage.ets:64:12
 'pushUrl' has been deprecated.
[39m[39m
[33mWARN: [33m[33mArkTS:WARN File: E:/project/My_project/OpenHarmony/frontend/entry/src/main/ets/pages/DashboardPage.ets:78:17
 'show' has been deprecated.
[39m[39m
[33mWARN: [33m[33mArkTS:WARN File: E:/project/My_project/OpenHarmony/frontend/entry/src/main/ets/pages/DashboardPage.ets:91:24
 'showToast' has been deprecated.
[39m[39m
[33mWARN: [33m[33mArkTS:WARN File: E:/project/My_project/OpenHarmony/frontend/entry/src/main/ets/pages/DashboardPage.ets:92:18
 'replaceUrl' has been deprecated.
[39m[39m
[33mWARN: [33m[33mArkTS:WARN File: E:/project/My_project/OpenHarmony/frontend/entry/src/main/ets/pages/AuthPage.ets:320:33
 'pushUrl' has been deprecated.
[39m[39m
[33mWARN: [33m[33mArkTS:WARN File: E:/project/My_project/OpenHarmony/frontend/entry/src/main/ets/pages/DeviceBindPage.ets:27:17
 'show' has been deprecated.
[39m[39m
[33mWARN: [33m[33mArkTS:WARN File: E:/project/My_project/OpenHarmony/frontend/entry/src/main/ets/pages/DeviceBindPage.ets:37:24
 'showToast' has been deprecated.
[39m[39m
[33mWARN: [33m[33mArkTS:WARN File: E:/project/My_project/OpenHarmony/frontend/entry/src/main/ets/pages/AuthPermissionPage.ets:46:5
 Function may throw exceptions. Special handling is required.
[39m[39m
[33mWARN: [33m[33mArkTS:WARN File: E:/project/My_project/OpenHarmony/frontend/entry/src/main/ets/pages/AuthPermissionPage.ets:46:18
 'showToast' has been deprecated.
[39m[39m
[33mWARN: [33m[33mArkTS:WARN File: E:/project/My_project/OpenHarmony/frontend/entry/src/main/ets/pages/TerminalFilingPage.ets:24:17
 'show' has been deprecated.
[39m[39m
[33mWARN: [33m[33mArkTS:WARN File: E:/project/My_project/OpenHarmony/frontend/entry/src/main/ets/pages/TerminalFilingPage.ets:34:24
 'showToast' has been deprecated.
[39m[39m
[33mWARN: [33m[33mArkTS:WARN File: E:/project/My_project/OpenHarmony/frontend/entry/src/main/ets/pages/AdminPermissionPage.ets:24:17
 'show' has been deprecated.
[39m[39m
[33mWARN: [33m[33mArkTS:WARN File: E:/project/My_project/OpenHarmony/frontend/entry/src/main/ets/pages/AdminPermissionPage.ets:34:24
 'showToast' has been deprecated.
[39m[39m
[33mWARN: [33m[33mArkTS:WARN File: E:/project/My_project/OpenHarmony/frontend/entry/src/main/ets/pages/AccessRuleConfigPage.ets:24:17
 'show' has been deprecated.
[39m[39m
[33mWARN: [33m[33mArkTS:WARN File: E:/project/My_project/OpenHarmony/frontend/entry/src/main/ets/pages/AccessRuleConfigPage.ets:34:24
 'showToast' has been deprecated.
[39m[39m
[33mWARN: [33m[33mArkTS:WARN File: E:/project/My_project/OpenHarmony/frontend/entry/src/main/ets/pages/BlacklistPage.ets:26:17
 'show' has been deprecated.
[39m[39m
[33mWARN: [33m[33mArkTS:WARN File: E:/project/My_project/OpenHarmony/frontend/entry/src/main/ets/pages/BlacklistPage.ets:36:24
 'showToast' has been deprecated.
[39m[39m

[2026-05-10T12:36:29.728] [DEBUG] debug-file - Ark compile task finished.finished time is 5730410446200
[2026-05-10T12:36:29.729] [DEBUG] debug-file - worker[4] has one work done.
[2026-05-10T12:36:29.730] [DEBUG] debug-file - default@CompileArkTS work[0] done.
[2026-05-10T12:36:29.730] [DEBUG] debug-file - A work dispatched to worker[4] failed because unable to get work from ready queue.
[2026-05-10T12:36:29.731] [INFO] debug-file - Finished :entry:default@CompileArkTS... after 2 s 551 ms 
[2026-05-10T12:36:29.731] [DEBUG] debug-file - Executing task :entry:default@GeneratePkgModuleJson
[2026-05-10T12:36:29.731] [DEBUG] debug-file - File: 'E:\project\My_project\OpenHarmony\frontend\entry\build\default\intermediates\preload\default\preload.json' from 'preloadSoJsonPath' is not exists, just ignore.
[2026-05-10T12:36:29.732] [DEBUG] debug-file - Error occurs while handling @Input 'shouldDeduplicateHar': The "data" argument must be of type string or an instance of Buffer, TypedArray, or DataView. Received undefined
[2026-05-10T12:36:29.732] [DEBUG] debug-file - Task 'entry:default@GeneratePkgModuleJson' cost while wrapping incremental declarations: 1 ms 
[2026-05-10T12:36:29.732] [DEBUG] debug-file - Incremental task entry:default@GeneratePkgModuleJson pre-execution cost: 1 ms .
[2026-05-10T12:36:29.732] [DEBUG] debug-file - entry : default@GeneratePkgModuleJson cost memory 0.093170166015625
[2026-05-10T12:36:29.732] [INFO] debug-file - UP-TO-DATE :entry:default@GeneratePkgModuleJson...  
[2026-05-10T12:36:29.733] [DEBUG] debug-file - Executing task :entry:default@ProcessCompiledResources
[2026-05-10T12:36:29.733] [DEBUG] debug-file - File: 'E:\project\My_project\OpenHarmony\frontend\entry\build\default\intermediates\preload\default\preload.json' from 'preloadSoJsonPath' is not exists, just ignore.
[2026-05-10T12:36:29.733] [DEBUG] debug-file - Task 'entry:default@ProcessCompiledResources' cost while wrapping incremental declarations: 1 ms 
[2026-05-10T12:36:29.734] [DEBUG] debug-file - entry : default@ProcessCompiledResources cost memory 0.0618896484375
[2026-05-10T12:36:29.734] [DEBUG] debug-file - runTaskFromQueue task cost before running: 5 s 282 ms 
[2026-05-10T12:36:29.734] [INFO] debug-file - Finished :entry:default@ProcessCompiledResources... after 1 ms 
[2026-05-10T12:36:29.735] [DEBUG] debug-file - Executing task :entry:default@PackageHap
[2026-05-10T12:36:29.739] [DEBUG] debug-file - entry:default@PackageHap is not up-to-date, since the input file 'E:\project\My_project\OpenHarmony\frontend\entry\build\default\intermediates\loader_out\default\ets' has been changed.
[2026-05-10T12:36:29.739] [DEBUG] debug-file - Incremental task entry:default@PackageHap pre-execution cost: 3 ms .
[2026-05-10T12:36:29.739] [DEBUG] debug-file - Use tool [E:\Program Files\Huawei\DevEco Studio\sdk\default\openharmony\toolchains\lib\app_packing_tool.jar]
 [
  'java',
  '-Dfile.encoding=GBK',
  '-jar',
  'E:\\Program Files\\Huawei\\DevEco Studio\\sdk\\default\\openharmony\\toolchains\\lib\\app_packing_tool.jar',
  '--mode',
  'hap',
  '--force',
  'true',
  '--lib-path',
  'E:\\project\\My_project\\OpenHarmony\\frontend\\entry\\build\\default\\intermediates\\stripped_native_libs\\default',
  '--json-path',
  'E:\\project\\My_project\\OpenHarmony\\frontend\\entry\\build\\default\\intermediates\\package\\default\\module.json',
  '--resources-path',
  'E:\\project\\My_project\\OpenHarmony\\frontend\\entry\\build\\default\\intermediates\\res\\default\\resources',
  '--index-path',
  'E:\\project\\My_project\\OpenHarmony\\frontend\\entry\\build\\default\\intermediates\\res\\default\\resources.index',
  '--pack-info-path',
  'E:\\project\\My_project\\OpenHarmony\\frontend\\entry\\build\\default\\outputs\\default\\pack.info',
  '--out-path',
  'E:\\project\\My_project\\OpenHarmony\\frontend\\entry\\build\\default\\outputs\\default\\entry-default-unsigned.hap',
  '--ets-path',
  'E:\\project\\My_project\\OpenHarmony\\frontend\\entry\\build\\default\\intermediates\\loader_out\\default\\ets',
  '--pkg-sdk-info-path',
  'E:\\project\\My_project\\OpenHarmony\\frontend\\entry\\build\\default\\intermediates\\loader\\default\\pkgSdkInfo.json'
]
[2026-05-10T12:36:29.740] [DEBUG] debug-file - default@PackageHap work[2] is submitted.
[2026-05-10T12:36:29.740] [DEBUG] debug-file - default@PackageHap work[2] is pushed to ready queue.
[2026-05-10T12:36:29.740] [DEBUG] debug-file - A work dispatched to worker[15] failed because unable to get work from ready queue.
[2026-05-10T12:36:29.740] [DEBUG] debug-file - default@PackageHap work[2] has been dispatched to worker[14].
[2026-05-10T12:36:29.740] [DEBUG] debug-file - default@PackageHap work[2] is dispatched.
[2026-05-10T12:36:29.741] [DEBUG] debug-file - entry : default@PackageHap cost memory 0.609893798828125
[2026-05-10T12:36:29.840] [DEBUG] debug-file - current process  memoryUsage: {
  rss: 765370368,
  heapTotal: 79761408,
  heapUsed: 54211904,
  external: 4151812,
  arrayBuffers: 22767
} os memoryUsage :20.294883728027344
[2026-05-10T12:36:30.167] [DEBUG] debug-file - worker[14] has one work done.
[2026-05-10T12:36:30.167] [DEBUG] debug-file - default@PackageHap work[2] done.
[2026-05-10T12:36:30.167] [DEBUG] debug-file - A work dispatched to worker[14] failed because unable to get work from ready queue.
[2026-05-10T12:36:30.167] [INFO] debug-file - Finished :entry:default@PackageHap... after 335 ms 
[2026-05-10T12:36:30.168] [DEBUG] debug-file - Executing task :entry:default@PackingCheck
[2026-05-10T12:36:30.173] [DEBUG] debug-file - entry : default@PackingCheck cost memory 0.5153350830078125
[2026-05-10T12:36:30.173] [DEBUG] debug-file - runTaskFromQueue task cost before running: 5 s 722 ms 
[2026-05-10T12:36:30.174] [INFO] debug-file - Finished :entry:default@PackingCheck... after 6 ms 
[2026-05-10T12:36:30.175] [DEBUG] debug-file - Executing task :entry:default@SignHap
[2026-05-10T12:36:30.175] [WARN] debug-file - Will skip sign 'hos_hap'. No signingConfigs profile is configured in current project.
             If needed, configure the signingConfigs in E:\project\My_project\OpenHarmony\frontend\build-profile.json5.
[2026-05-10T12:36:30.176] [DEBUG] debug-file - entry:default@SignHap is not up-to-date, since the input file 'E:\project\My_project\OpenHarmony\frontend\entry\build\default\outputs\default\entry-default-unsigned.hap' has been changed.
[2026-05-10T12:36:30.176] [DEBUG] debug-file - Incremental task entry:default@SignHap pre-execution cost: 1 ms .
[2026-05-10T12:36:30.177] [DEBUG] debug-file - entry : default@SignHap cost memory 0.08446502685546875
[2026-05-10T12:36:30.177] [DEBUG] debug-file - runTaskFromQueue task cost before running: 5 s 725 ms 
[2026-05-10T12:36:30.177] [INFO] debug-file - Finished :entry:default@SignHap... after 3 ms 
[2026-05-10T12:36:30.178] [DEBUG] debug-file - Executing task :entry:default@CollectDebugSymbol
[2026-05-10T12:36:30.178] [DEBUG] debug-file - entry : default@CollectDebugSymbol cost memory 0.0875396728515625
[2026-05-10T12:36:30.179] [DEBUG] debug-file - runTaskFromQueue task cost before running: 5 s 727 ms 
[2026-05-10T12:36:30.179] [INFO] debug-file - Finished :entry:default@CollectDebugSymbol... after 1 ms 
[2026-05-10T12:36:30.179] [DEBUG] debug-file - Executing task :entry:assembleHap
[2026-05-10T12:36:30.179] [DEBUG] debug-file - entry : assembleHap cost memory 0.014678955078125
[2026-05-10T12:36:30.179] [DEBUG] debug-file - runTaskFromQueue task cost before running: 5 s 728 ms 
[2026-05-10T12:36:30.179] [INFO] debug-file - Finished :entry:assembleHap... after 1 ms 
[2026-05-10T12:36:30.180] [INFO] debug-file - BUILD SUCCESSFUL in 5 s 729 ms 
[2026-05-10T12:36:30.182] [DEBUG] debug-file - Update task entry:default@PreBuild input file:E:\project\My_project\OpenHarmony\frontend\AppScope\app.json5 cache by regenerate.
[2026-05-10T12:36:30.182] [DEBUG] debug-file - Update task entry:default@PreBuild input file:E:\project\My_project\OpenHarmony\frontend\entry\src\main\module.json5 cache by regenerate.
[2026-05-10T12:36:30.182] [DEBUG] debug-file - Update task entry:default@PreBuild input file:E:\project\My_project\OpenHarmony\frontend\build-profile.json5 cache by regenerate.
[2026-05-10T12:36:30.183] [DEBUG] debug-file - Update task entry:default@PreBuild input file:E:\project\My_project\OpenHarmony\frontend\entry\build-profile.json5 cache by regenerate.
[2026-05-10T12:36:30.183] [DEBUG] debug-file - Update task entry:default@PreBuild input file:E:\project\My_project\OpenHarmony\frontend\entry\src\main\resources\base\profile\main_pages.json cache by regenerate.
[2026-05-10T12:36:30.183] [DEBUG] debug-file - Update task entry:default@PreBuild input file:E:\project\My_project\OpenHarmony\frontend\hvigor\hvigor-config.json5 cache by regenerate.
[2026-05-10T12:36:30.183] [DEBUG] debug-file - Update task entry:default@PreBuild input file:E:\project\My_project\OpenHarmony\frontend\entry\oh-package.json5 cache by regenerate.
[2026-05-10T12:36:30.183] [DEBUG] debug-file - Update task entry:default@PreBuild input file:E:\project\My_project\OpenHarmony\frontend\oh-package.json5 cache by regenerate.
[2026-05-10T12:36:30.183] [DEBUG] debug-file - Incremental task entry:default@PreBuild post-execution cost:3 ms .
[2026-05-10T12:36:30.183] [DEBUG] debug-file - Update task entry:default@CreateModuleInfo output file:E:\project\My_project\OpenHarmony\frontend\entry\build\default\generated\profile\default\ModuleInfo.ts cache.
[2026-05-10T12:36:30.183] [DEBUG] debug-file - Incremental task entry:default@CreateModuleInfo post-execution cost:1 ms .
[2026-05-10T12:36:30.184] [DEBUG] debug-file - There is no need to refresh cache, since the incremental task entry:default@GenerateMetadata is up-to-date.
[2026-05-10T12:36:30.184] [DEBUG] debug-file - There is no need to refresh cache, since the incremental task entry:default@MergeProfile is up-to-date.
[2026-05-10T12:36:30.184] [DEBUG] debug-file - There is no need to refresh cache, since the incremental task entry:default@CreateBuildProfile is up-to-date.
[2026-05-10T12:36:30.184] [DEBUG] debug-file - Update task entry:default@GeneratePkgContextInfo output file:E:\project\My_project\OpenHarmony\frontend\entry\build\default\intermediates\loader\default\pkgContextInfo.json cache.
[2026-05-10T12:36:30.184] [DEBUG] debug-file - Incremental task entry:default@GeneratePkgContextInfo post-execution cost:1 ms .
[2026-05-10T12:36:30.184] [DEBUG] debug-file - There is no need to refresh cache, since the incremental task entry:default@GeneratePkgSdkInfo is up-to-date.
[2026-05-10T12:36:30.184] [DEBUG] debug-file - Update task entry:default@ProcessIntegratedHsp output file:E:\project\My_project\OpenHarmony\frontend\build\cache\default\integrated_hsp\integratedHspCache.json cache.
[2026-05-10T12:36:30.184] [DEBUG] debug-file - Incremental task entry:default@ProcessIntegratedHsp post-execution cost:1 ms .
[2026-05-10T12:36:30.184] [DEBUG] debug-file - There is no need to refresh cache, since the incremental task entry:default@MakePackInfo is up-to-date.
[2026-05-10T12:36:30.184] [DEBUG] debug-file - Update task entry:default@SyscapTransform input file:E:\Program Files\Huawei\DevEco Studio\sdk\default\openharmony\toolchains\syscap_tool.exe cache by regenerate.
[2026-05-10T12:36:30.184] [DEBUG] debug-file - Update task entry:default@SyscapTransform input file:E:\Program Files\Huawei\DevEco Studio\sdk\default\openharmony\ets\api\device-define cache by regenerate.
[2026-05-10T12:36:30.185] [DEBUG] debug-file - Update task entry:default@SyscapTransform output file:E:\project\My_project\OpenHarmony\frontend\entry\build\default\intermediates\syscap\default\rpcid.sc cache.
[2026-05-10T12:36:30.185] [DEBUG] debug-file - Incremental task entry:default@SyscapTransform post-execution cost:2 ms .
[2026-05-10T12:36:30.185] [DEBUG] debug-file - There is no need to refresh cache, since the incremental task entry:default@ProcessProfile is up-to-date.
[2026-05-10T12:36:30.185] [DEBUG] debug-file - There is no need to refresh cache, since the incremental task entry:default@ProcessRouterMap is up-to-date.
[2026-05-10T12:36:30.185] [DEBUG] debug-file - There is no need to refresh cache, since the incremental task entry:default@ProcessShareConfig is up-to-date.
[2026-05-10T12:36:30.186] [DEBUG] debug-file - Update task entry:default@ProcessStartupConfig output file:E:\project\My_project\OpenHarmony\frontend\entry\build\default\intermediates\startup\default\startup_config.json cache.
[2026-05-10T12:36:30.186] [DEBUG] debug-file - Incremental task entry:default@ProcessStartupConfig post-execution cost:1 ms .
[2026-05-10T12:36:30.186] [DEBUG] debug-file - There is no need to refresh cache, since the incremental task entry:default@ProcessResource is up-to-date.
[2026-05-10T12:36:30.186] [DEBUG] debug-file - There is no need to refresh cache, since the incremental task entry:default@GenerateLoaderJson is up-to-date.
[2026-05-10T12:36:30.186] [DEBUG] debug-file - There is no need to refresh cache, since the incremental task entry:default@ProcessLibs is up-to-date.
[2026-05-10T12:36:30.186] [DEBUG] debug-file - There is no need to refresh cache, since the incremental task entry:default@CompileResource is up-to-date.
[2026-05-10T12:36:30.186] [DEBUG] debug-file - There is no need to refresh cache, since the incremental task entry:default@DoNativeStrip is up-to-date.
[2026-05-10T12:36:30.186] [DEBUG] debug-file - Update task entry:default@CompileArkTS input file:E:\project\My_project\OpenHarmony\frontend\entry\build\default\intermediates\loader\default cache from map.
[2026-05-10T12:36:30.187] [DEBUG] debug-file - Update task entry:default@CompileArkTS input file:E:\project\My_project\OpenHarmony\frontend\entry\build\default\intermediates\res\default\resources\rawfile cache by regenerate.
[2026-05-10T12:36:30.187] [DEBUG] debug-file - Update task entry:default@CompileArkTS input file:E:\project\My_project\OpenHarmony\frontend\entry\build\default\intermediates\res\default\ResourceTable.txt cache by regenerate.
[2026-05-10T12:36:30.187] [DEBUG] debug-file - Update task entry:default@CompileArkTS input file:E:\project\My_project\OpenHarmony\frontend\entry\build\default\intermediates\res\default\ark_module.json cache by regenerate.
[2026-05-10T12:36:30.187] [DEBUG] debug-file - Update task entry:default@CompileArkTS input file:E:\project\My_project\OpenHarmony\frontend\entry\build\default\intermediates\res\default\resources\base\profile cache by regenerate.
[2026-05-10T12:36:30.187] [DEBUG] debug-file - Update task entry:default@CompileArkTS input file:E:\project\My_project\OpenHarmony\frontend\entry\src\main\ets cache by regenerate.
[2026-05-10T12:36:30.191] [DEBUG] debug-file - Update task entry:default@CompileArkTS input file:E:\project\My_project\OpenHarmony\frontend\entry\build\default\generated\profile\default\BuildProfile.ets cache by regenerate.
[2026-05-10T12:36:30.191] [DEBUG] debug-file - Update task entry:default@CompileArkTS output file:E:\project\My_project\OpenHarmony\frontend\entry\build\default\intermediates\loader_out\default\ets cache.
[2026-05-10T12:36:30.191] [DEBUG] debug-file - Incremental task entry:default@CompileArkTS post-execution cost:6 ms .
[2026-05-10T12:36:30.192] [DEBUG] debug-file - Update task entry:default@BuildJS input file:E:\project\My_project\OpenHarmony\frontend\entry\build\default\intermediates\loader\default cache by regenerate.
[2026-05-10T12:36:30.192] [DEBUG] debug-file - Update task entry:default@BuildJS input file:E:\project\My_project\OpenHarmony\frontend\entry\build\default\intermediates\res\default\resources\rawfile cache by regenerate.
[2026-05-10T12:36:30.192] [DEBUG] debug-file - Update task entry:default@BuildJS input file:E:\project\My_project\OpenHarmony\frontend\entry\build\default\intermediates\res\default\ResourceTable.txt cache by regenerate.
[2026-05-10T12:36:30.192] [DEBUG] debug-file - Update task entry:default@BuildJS input file:E:\project\My_project\OpenHarmony\frontend\entry\build\default\intermediates\res\default\ark_module.json cache by regenerate.
[2026-05-10T12:36:30.192] [DEBUG] debug-file - Update task entry:default@BuildJS input file:E:\project\My_project\OpenHarmony\frontend\entry\build\default\intermediates\res\default\resources\base\profile cache by regenerate.
[2026-05-10T12:36:30.192] [DEBUG] debug-file - Update task entry:default@BuildJS output file:E:\project\My_project\OpenHarmony\frontend\entry\build\default\intermediates\loader_out\default\js cache.
[2026-05-10T12:36:30.193] [DEBUG] debug-file - Incremental task entry:default@BuildJS post-execution cost:2 ms .
[2026-05-10T12:36:30.193] [DEBUG] debug-file - There is no need to refresh cache, since the incremental task entry:default@CacheNativeLibs is up-to-date.
[2026-05-10T12:36:30.193] [DEBUG] debug-file - There is no need to refresh cache, since the incremental task entry:default@GeneratePkgModuleJson is up-to-date.
[2026-05-10T12:36:30.193] [DEBUG] debug-file - Incremental task entry:default@ProcessCompiledResources post-execution cost:1 ms .
[2026-05-10T12:36:30.193] [DEBUG] debug-file - Update task entry:default@PackageHap input file:E:\project\My_project\OpenHarmony\frontend\entry\build\default\intermediates\stripped_native_libs\default cache by regenerate.
[2026-05-10T12:36:30.193] [DEBUG] debug-file - Update task entry:default@PackageHap input file:E:\project\My_project\OpenHarmony\frontend\entry\build\default\intermediates\res\default\module.json cache by regenerate.
[2026-05-10T12:36:30.193] [DEBUG] debug-file - Update task entry:default@PackageHap input file:E:\project\My_project\OpenHarmony\frontend\entry\build\default\intermediates\res\default\resources cache by regenerate.
[2026-05-10T12:36:30.195] [DEBUG] debug-file - Update task entry:default@PackageHap input file:E:\project\My_project\OpenHarmony\frontend\entry\build\default\intermediates\res\default\resources.index cache by regenerate.
[2026-05-10T12:36:30.195] [DEBUG] debug-file - Update task entry:default@PackageHap input file:E:\project\My_project\OpenHarmony\frontend\entry\build\default\outputs\default\pack.info cache by regenerate.
[2026-05-10T12:36:30.196] [DEBUG] debug-file - Update task entry:default@PackageHap input file:E:\project\My_project\OpenHarmony\frontend\entry\build\default\intermediates\loader_out\default\ets cache from map.
[2026-05-10T12:36:30.196] [DEBUG] debug-file - Update task entry:default@PackageHap input file:E:\project\My_project\OpenHarmony\frontend\entry\build\default\intermediates\loader\default\pkgSdkInfo.json cache by regenerate.
[2026-05-10T12:36:30.196] [DEBUG] debug-file - Update task entry:default@PackageHap input file:E:\project\My_project\OpenHarmony\frontend\entry\build\default\intermediates\loader_out\default\ets\sourceMaps.map cache by regenerate.
[2026-05-10T12:36:30.196] [DEBUG] debug-file - Update task entry:default@PackageHap input file:E:\project\My_project\OpenHarmony\frontend\entry\build\default\generated\profile\default\BuildProfile.ets cache by regenerate.
[2026-05-10T12:36:30.196] [DEBUG] debug-file - Update task entry:default@PackageHap output file:E:\project\My_project\OpenHarmony\frontend\entry\build\default\outputs\default\entry-default-unsigned.hap cache.
[2026-05-10T12:36:30.196] [DEBUG] debug-file - Update task entry:default@PackageHap output file:E:\project\My_project\OpenHarmony\frontend\entry\build\default\intermediates\source_map\default\sourceMaps.map cache.
[2026-05-10T12:36:30.196] [DEBUG] debug-file - Update task entry:default@PackageHap output file:E:\project\My_project\OpenHarmony\frontend\entry\build\default\outputs\default\mapping\sourceMaps.map cache.
[2026-05-10T12:36:30.196] [DEBUG] debug-file - Incremental task entry:default@PackageHap post-execution cost:4 ms .
[2026-05-10T12:36:30.196] [DEBUG] debug-file - Update task entry:default@SignHap input file:E:\project\My_project\OpenHarmony\frontend\entry\build\default\outputs\default\entry-default-unsigned.hap cache from map.
[2026-05-10T12:36:30.196] [DEBUG] debug-file - Update task entry:default@SignHap output file:E:\project\My_project\OpenHarmony\frontend\entry\build\default\outputs\default\entry-default-signed.hap cache.
[2026-05-10T12:36:30.196] [DEBUG] debug-file - Incremental task entry:default@SignHap post-execution cost:1 ms .
[2026-05-10T12:36:30.196] [DEBUG] debug-file - Update task entry:default@CollectDebugSymbol input file:E:\project\My_project\OpenHarmony\frontend\entry\build\default\intermediates\loader_out\default\ets\sourceMaps.map cache by regenerate.
[2026-05-10T12:36:30.197] [DEBUG] debug-file - Update task entry:default@CollectDebugSymbol input file:E:\project\My_project\OpenHarmony\frontend\entry\build\default\intermediates\libs\default cache by regenerate.
[2026-05-10T12:36:30.197] [DEBUG] debug-file - Update task entry:default@CollectDebugSymbol output file:E:\project\My_project\OpenHarmony\frontend\entry\build\default\outputs\default\symbol cache.
[2026-05-10T12:36:30.197] [DEBUG] debug-file - Incremental task entry:default@CollectDebugSymbol post-execution cost:1 ms .
[2026-05-10T12:36:30.208] [DEBUG] debug-file - Cleanup worker 0.
[2026-05-10T12:36:30.209] [DEBUG] debug-file - session manager: send message to worker process.
[2026-05-10T12:36:30.209] [DEBUG] debug-file - session manager: send message to worker process.
[2026-05-10T12:36:30.208] [DEBUG] debug-file - Worker 0 has been cleaned up.
[2026-05-10T12:36:30.208] [DEBUG] debug-file - Current idle worker size: 3.
[2026-05-10T12:36:30.208] [DEBUG] debug-file - Current resident worker size: 4.
[2026-05-10T12:36:30.208] [DEBUG] debug-file - Cleanup worker 1.
[2026-05-10T12:36:30.208] [DEBUG] debug-file - Worker 1 has been cleaned up.
[2026-05-10T12:36:30.208] [DEBUG] debug-file - Current idle worker size: 2.
[2026-05-10T12:36:30.208] [DEBUG] debug-file - Current resident worker size: 4.
[2026-05-10T12:36:30.208] [DEBUG] debug-file - Cleanup worker 14.
[2026-05-10T12:36:30.208] [DEBUG] debug-file - Worker 14 has been cleaned up.
[2026-05-10T12:36:30.208] [DEBUG] debug-file - Current idle worker size: 1.
[2026-05-10T12:36:30.208] [DEBUG] debug-file - Current resident worker size: 4.
[2026-05-10T12:36:30.209] [DEBUG] debug-file - hvigor build process will be closed.
[2026-05-10T12:36:30.210] [DEBUG] debug-file - watch worker: worker id should be larger than 0. Nothing will be sent to any worker thread.
[2026-05-10T12:36:30.210] [DEBUG] debug-file - watch worker: worker id should be larger than 0. Nothing will be sent to any worker thread.
[2026-05-10T12:36:30.211] [DEBUG] debug-file - worker[1] exits with exit code 1.
[2026-05-10T12:36:30.211] [DEBUG] debug-file - worker[0] exits with exit code 1.
[2026-05-10T12:36:30.212] [DEBUG] debug-file - worker[14] exits with exit code 1.
[2026-05-10T12:36:48.352] [DEBUG] debug-file - env: nodejsVersion=v18.20.1
[2026-05-10T12:36:48.400] [DEBUG] debug-file - env: daemon=true
[2026-05-10T12:36:48.352] [DEBUG] debug-file - env: hvigor-config.json5 content = { modelVersion: '5.0.0', dependencies: {} }
[2026-05-10T12:36:48.901] [DEBUG] debug-file - java daemon tryConnect failed Error: connect ECONNREFUSED 127.0.0.1:45050
[2026-05-10T12:36:48.907] [DEBUG] debug-file - java daemon started at port 45050 pid 3588
[2026-05-10T12:36:48.930] [DEBUG] debug-file - session manager: set active socket. socketId=9v5J8PUbvNscRRtWAAAB
[2026-05-10T12:36:49.422] [DEBUG] debug-file - watch worker: worker id should be larger than 0. Nothing will be sent to any worker thread.
[2026-05-10T12:36:49.424] [DEBUG] debug-file - Since there is no instance or instance is terminated, create a new worker pool.
[2026-05-10T12:36:49.424] [DEBUG] debug-file - Worker pool is initialized with config:  {
  minPoolNum: 2,
  maxPoolNum: undefined,
  maxCoreSize: undefined,
  cacheCapacity: undefined,
  cacheTtl: undefined
}
[2026-05-10T12:36:49.425] [DEBUG] debug-file - Create  resident worker with id: 0.
[2026-05-10T12:36:49.426] [DEBUG] debug-file - Create  resident worker with id: 1.
[2026-05-10T12:36:49.427] [DEBUG] debug-file - Workers' log level updated to INFO
[2026-05-10T12:36:49.432] [DEBUG] debug-file - Hvigor init with startParameters:{
  hvigorfileTypeCheck: false,
  parallelExecution: true,
  incrementalExecution: true,
  printStackTrace: false,
  daemon: true,
  analyze: 0,
  logLevel: Level { level: 20000, levelStr: 'INFO', colour: 'green' },
  optimizationStrategy: 'memory',
  hotCompile: undefined,
  hotReloadBuild: undefined,
  customizedParam: undefined
}
[2026-05-10T12:36:49.436] [DEBUG] debug-file - Cache service initialization finished in 4 ms 
[2026-05-10T12:36:49.437] [DEBUG] debug-file - hvigorfile, resolving E:\project\My_project\OpenHarmony\frontend\hvigorfile.ts
[2026-05-10T12:36:50.505] [DEBUG] debug-file - hvigorfile, require result:  { default: { plugins: [] } }
[2026-05-10T12:36:50.505] [DEBUG] debug-file - hvigorfile, binding system plugins null
[2026-05-10T12:36:50.505] [DEBUG] debug-file - Starting plugin build process
[2026-05-10T12:36:50.505] [DEBUG] debug-file - App plugin prepare start...
[2026-05-10T12:36:50.506] [DEBUG] debug-file - App plugin prepare end...
[2026-05-10T12:36:50.506] [DEBUG] debug-file - App plugin creating...
[2026-05-10T12:36:50.638] [DEBUG] debug-file - App plugin register hook start...
[2026-05-10T12:36:50.638] [DEBUG] debug-file - App plugin register hook end...
[2026-05-10T12:36:50.638] [DEBUG] debug-file - Plugin build process completed
[2026-05-10T12:36:50.639] [DEBUG] debug-file - Start initialize project's product build option map with build mode debug.
[2026-05-10T12:36:50.639] [DEBUG] debug-file - Picking option from product 'default' with build mode 'debug'.
[2026-05-10T12:36:50.639] [DEBUG] debug-file - Product 'default' build option initialized
[2026-05-10T12:36:50.639] [DEBUG] debug-file - End initialize project's product build option map with build mode 'debug'.
[2026-05-10T12:36:50.640] [DEBUG] debug-file - Obtain build option for product 'default'in this build.
[2026-05-10T12:36:50.641] [DEBUG] debug-file - No signingConfig found, initRemoteHspCache failed.
[2026-05-10T12:36:50.643] [DEBUG] debug-file - Local scan or download HarmonyOS sdk components toolchains,ets,js,native,previewer
[2026-05-10T12:36:50.644] [DEBUG] debug-file - Local scan or download hmscore sdk components toolchains,ets,native
[2026-05-10T12:36:50.645] [DEBUG] debug-file - Start recording SDK configuration permission data.
[2026-05-10T12:36:50.674] [DEBUG] debug-file - Sdk init in 32 ms 
[2026-05-10T12:36:50.678] [DEBUG] debug-file - Project task initialization takes 4 ms 
[2026-05-10T12:36:50.679] [DEBUG] debug-file - hvigorfile, begin to bind custom plugins...
[2026-05-10T12:36:50.679] [DEBUG] debug-file - hvigorfile, no custom plugins were found in E:\project\My_project\OpenHarmony\frontend\hvigorfile.ts
[2026-05-10T12:36:50.679] [DEBUG] debug-file - hvigorfile, resolve finished E:\project\My_project\OpenHarmony\frontend\hvigorfile.ts
[2026-05-10T12:36:50.679] [DEBUG] debug-file - hvigorfile, resolving E:\project\My_project\OpenHarmony\frontend\entry\hvigorfile.ts
[2026-05-10T12:36:50.684] [DEBUG] debug-file - hvigorfile, require result:  { default: { plugins: [] } }
[2026-05-10T12:36:50.684] [DEBUG] debug-file - hvigorfile, binding system plugins null
[2026-05-10T12:36:50.685] [DEBUG] debug-file - Starting plugin build process
[2026-05-10T12:36:50.685] [DEBUG] debug-file - Hap plugin creating...
[2026-05-10T12:36:50.685] [DEBUG] debug-file - failed to load cangjie to dynamically generate schemas: Error: Cannot find module '@ohos/cangjie-build-support/index'
Require stack:
- E:\Program Files\Huawei\DevEco Studio\tools\hvigor\hvigor-ohos-plugin\src\plugin\hooks\cangjie-register.js
- E:\Program Files\Huawei\DevEco Studio\tools\hvigor\hvigor-ohos-plugin\src\plugin\strategy\stage-init-strategy.js
- E:\Program Files\Huawei\DevEco Studio\tools\hvigor\hvigor-ohos-plugin\src\plugin\builder\abstract-plugin-builder.js
- E:\Program Files\Huawei\DevEco Studio\tools\hvigor\hvigor-ohos-plugin\src\plugin\builder\app-plugin-builder.js
- E:\Program Files\Huawei\DevEco Studio\tools\hvigor\hvigor-ohos-plugin\src\plugin\factory\plugin-factory.js
- E:\Program Files\Huawei\DevEco Studio\tools\hvigor\hvigor-ohos-plugin\index.js
- E:\project\My_project\OpenHarmony\frontend\hvigorfile.ts
- E:\Program Files\Huawei\DevEco Studio\tools\hvigor\hvigor\src\base\internal\lifecycle\configuration.js
- E:\Program Files\Huawei\DevEco Studio\tools\hvigor\hvigor\src\base\boot\index.js
- E:\Program Files\Huawei\DevEco Studio\tools\hvigor\hvigor\src\base\daemon\cluster\worker-process-lifecycle.js
- E:\Program Files\Huawei\DevEco Studio\tools\hvigor\hvigor\src\base\daemon\process\daemon-process-boot-script.js
[2026-05-10T12:36:50.692] [DEBUG] debug-file - Start initialize module-target build option map, moduleName=entry, buildMode=debug
[2026-05-10T12:36:50.693] [DEBUG] debug-file - Target 'default' config initialized
[2026-05-10T12:36:50.693] [DEBUG] debug-file - Module 'entry' target 'default' build option initialized
[2026-05-10T12:36:50.693] [DEBUG] debug-file - End initialize module-target build option map, moduleName=entry
[2026-05-10T12:36:50.693] [DEBUG] debug-file - Start initialize module-target build option map, moduleName=entry, buildMode=release
[2026-05-10T12:36:50.693] [DEBUG] debug-file - Target 'default' config initialized
[2026-05-10T12:36:50.693] [DEBUG] debug-file - Module 'entry' target 'default' build option initialized
[2026-05-10T12:36:50.693] [DEBUG] debug-file - End initialize module-target build option map, moduleName=entry
[2026-05-10T12:36:50.693] [DEBUG] debug-file - Start initialize module-target build option map, moduleName=entry, buildMode=debug
[2026-05-10T12:36:50.693] [DEBUG] debug-file - Target 'default' config initialized
[2026-05-10T12:36:50.694] [DEBUG] debug-file - Module 'entry' target 'default' build option initialized
[2026-05-10T12:36:50.694] [DEBUG] debug-file - End initialize module-target build option map, moduleName=entry
[2026-05-10T12:36:50.694] [DEBUG] debug-file - Obtain build option for module 'entry' target 'default'in this build.
[2026-05-10T12:36:50.697] [DEBUG] debug-file - Module entry task initialization takes 3 ms 
[2026-05-10T12:36:50.697] [DEBUG] debug-file - Hap plugin register hook start...
[2026-05-10T12:36:50.697] [DEBUG] debug-file - Hap plugin register hook end...
[2026-05-10T12:36:50.697] [DEBUG] debug-file - Plugin build process completed
[2026-05-10T12:36:50.697] [DEBUG] debug-file - hvigorfile, begin to bind custom plugins...
[2026-05-10T12:36:50.697] [DEBUG] debug-file - hvigorfile, no custom plugins were found in E:\project\My_project\OpenHarmony\frontend\entry\hvigorfile.ts
[2026-05-10T12:36:50.697] [DEBUG] debug-file - hvigorfile, resolve finished E:\project\My_project\OpenHarmony\frontend\entry\hvigorfile.ts
[2026-05-10T12:36:50.709] [DEBUG] debug-file - hvigorfile, resolve hvigorfile dependencies in 12 ms 
[2026-05-10T12:36:50.709] [DEBUG] debug-file - project has submodules:entry
[2026-05-10T12:36:50.710] [DEBUG] debug-file - start to load updatedOhPackageInfo to the disk
[2026-05-10T12:36:50.711] [DEBUG] debug-file - load to the disk finished
[2026-05-10T12:36:50.712] [DEBUG] debug-file - Start to initialize dependency information.
[2026-05-10T12:36:50.713] [DEBUG] debug-file - Module frontend Collected Dependency: 
[2026-05-10T12:36:50.713] [DEBUG] debug-file - Module frontend's total dependency: 0
[2026-05-10T12:36:50.714] [DEBUG] debug-file - Start to initialize dependency information.
[2026-05-10T12:36:50.716] [DEBUG] debug-file - Module entry Collected Dependency: 
[2026-05-10T12:36:50.716] [DEBUG] debug-file - Module entry's total dependency: 0
[2026-05-10T12:36:50.718] [DEBUG] debug-file - Configuration phase cost:1 s 283 ms 
[2026-05-10T12:36:50.720] [DEBUG] debug-file - Configuration task cost before running: 1 s 293 ms 
[2026-05-10T12:36:50.720] [DEBUG] debug-file - Executing task :entry:init
[2026-05-10T12:36:50.721] [DEBUG] debug-file - entry : init cost memory 0.0164642333984375
[2026-05-10T12:36:50.721] [DEBUG] debug-file - runTaskFromQueue task cost before running: 1 s 293 ms 
[2026-05-10T12:36:50.721] [INFO] debug-file - Finished :entry:init... after 1 ms 
[2026-05-10T12:36:50.721] [DEBUG] debug-file - Executing task ::init
[2026-05-10T12:36:50.721] [DEBUG] debug-file - frontend : init cost memory 0.014190673828125
[2026-05-10T12:36:50.721] [DEBUG] debug-file - runTaskFromQueue task cost before running: 1 s 294 ms 
[2026-05-10T12:36:50.722] [INFO] debug-file - Finished ::init... after 1 ms 
[2026-05-10T12:36:50.730] [DEBUG] debug-file - Obtain build option for module 'entry' target 'default'in this build.
[2026-05-10T12:36:50.737] [DEBUG] debug-file - session manager: send message to worker process.
[2026-05-10T12:36:50.737] [DEBUG] debug-file - session manager: send message to worker process.
[2026-05-10T12:36:50.737] [DEBUG] debug-file - Cleanup worker 0.
[2026-05-10T12:36:50.737] [DEBUG] debug-file - Worker 0 has been cleaned up.
[2026-05-10T12:36:50.737] [DEBUG] debug-file - Current idle worker size: 1.
[2026-05-10T12:36:50.738] [DEBUG] debug-file - Current resident worker size: 2.
[2026-05-10T12:36:50.738] [DEBUG] debug-file - Cleanup worker 1.
[2026-05-10T12:36:50.738] [DEBUG] debug-file - Worker 1 has been cleaned up.
[2026-05-10T12:36:50.738] [DEBUG] debug-file - Current idle worker size: 0.
[2026-05-10T12:36:50.738] [DEBUG] debug-file - Current resident worker size: 2.
[2026-05-10T12:36:50.738] [DEBUG] debug-file - hvigor build process will be closed.
[2026-05-10T12:36:50.740] [DEBUG] debug-file - watch worker: worker id should be larger than 0. Nothing will be sent to any worker thread.
[2026-05-10T12:36:50.741] [DEBUG] debug-file - watch worker: worker id should be larger than 0. Nothing will be sent to any worker thread.
[2026-05-10T12:36:50.742] [DEBUG] debug-file - worker[0] exits with exit code 1.
[2026-05-10T12:36:50.743] [DEBUG] debug-file - worker[1] exits with exit code 1.
[2026-05-10T12:36:50.886] [DEBUG] debug-file - session manager: set active socket. socketId=ytsBiMFqDDYZLQesAAAD
[2026-05-10T12:36:50.890] [DEBUG] debug-file - watch worker: worker id should be larger than 0. Nothing will be sent to any worker thread.
[2026-05-10T12:36:50.892] [DEBUG] debug-file - Workers' log level updated to INFO
[2026-05-10T12:36:50.895] [DEBUG] debug-file - Hvigor init with startParameters:{
  hvigorfileTypeCheck: false,
  parallelExecution: true,
  incrementalExecution: true,
  printStackTrace: false,
  daemon: true,
  analyze: 0,
  logLevel: Level { level: 20000, levelStr: 'INFO', colour: 'green' },
  optimizationStrategy: 'memory',
  hotCompile: undefined,
  hotReloadBuild: true,
  customizedParam: undefined
}
[2026-05-10T12:36:50.897] [DEBUG] debug-file - Cache service initialization finished in 3 ms 
[2026-05-10T12:36:50.898] [DEBUG] debug-file - hvigorfile, resolving E:\project\My_project\OpenHarmony\frontend\hvigorfile.ts
[2026-05-10T12:36:50.902] [DEBUG] debug-file - hvigorfile, require result:  { default: { plugins: [] } }
[2026-05-10T12:36:50.903] [DEBUG] debug-file - hvigorfile, binding system plugins null
[2026-05-10T12:36:50.903] [DEBUG] debug-file - Starting plugin build process
[2026-05-10T12:36:50.903] [DEBUG] debug-file - App plugin prepare start...
[2026-05-10T12:36:50.903] [DEBUG] debug-file - App plugin prepare end...
[2026-05-10T12:36:50.903] [DEBUG] debug-file - App plugin creating...
[2026-05-10T12:36:50.906] [DEBUG] debug-file - App plugin register hook start...
[2026-05-10T12:36:50.906] [DEBUG] debug-file - App plugin register hook end...
[2026-05-10T12:36:50.906] [DEBUG] debug-file - Plugin build process completed
[2026-05-10T12:36:50.906] [DEBUG] debug-file - Start initialize project's product build option map with build mode debug.
[2026-05-10T12:36:50.906] [DEBUG] debug-file - Picking option from product 'default' with build mode 'debug'.
[2026-05-10T12:36:50.906] [DEBUG] debug-file - Product 'default' build option initialized
[2026-05-10T12:36:50.906] [DEBUG] debug-file - End initialize project's product build option map with build mode 'debug'.
[2026-05-10T12:36:50.907] [DEBUG] debug-file - Obtain build option for product 'default'in this build.
[2026-05-10T12:36:50.907] [DEBUG] debug-file - No signingConfig found, initRemoteHspCache failed.
[2026-05-10T12:36:50.909] [DEBUG] debug-file - Start recording SDK configuration permission data.
[2026-05-10T12:36:50.932] [DEBUG] debug-file - Sdk init in 25 ms 
[2026-05-10T12:36:50.934] [DEBUG] debug-file - Project task initialization takes 2 ms 
[2026-05-10T12:36:50.935] [DEBUG] debug-file - hvigorfile, begin to bind custom plugins...
[2026-05-10T12:36:50.935] [DEBUG] debug-file - hvigorfile, no custom plugins were found in E:\project\My_project\OpenHarmony\frontend\hvigorfile.ts
[2026-05-10T12:36:50.935] [DEBUG] debug-file - hvigorfile, resolve finished E:\project\My_project\OpenHarmony\frontend\hvigorfile.ts
[2026-05-10T12:36:50.935] [DEBUG] debug-file - hvigorfile, resolving E:\project\My_project\OpenHarmony\frontend\entry\hvigorfile.ts
[2026-05-10T12:36:50.938] [DEBUG] debug-file - hvigorfile, require result:  { default: { plugins: [] } }
[2026-05-10T12:36:50.938] [DEBUG] debug-file - hvigorfile, binding system plugins null
[2026-05-10T12:36:50.938] [DEBUG] debug-file - Starting plugin build process
[2026-05-10T12:36:50.938] [DEBUG] debug-file - Hap plugin creating...
[2026-05-10T12:36:50.939] [DEBUG] debug-file - failed to load cangjie to dynamically generate schemas: Error: Cannot find module '@ohos/cangjie-build-support/index'
Require stack:
- E:\Program Files\Huawei\DevEco Studio\tools\hvigor\hvigor-ohos-plugin\src\plugin\hooks\cangjie-register.js
- E:\Program Files\Huawei\DevEco Studio\tools\hvigor\hvigor-ohos-plugin\src\plugin\strategy\stage-init-strategy.js
- E:\Program Files\Huawei\DevEco Studio\tools\hvigor\hvigor-ohos-plugin\src\plugin\builder\abstract-plugin-builder.js
- E:\Program Files\Huawei\DevEco Studio\tools\hvigor\hvigor-ohos-plugin\src\plugin\builder\app-plugin-builder.js
- E:\Program Files\Huawei\DevEco Studio\tools\hvigor\hvigor-ohos-plugin\src\plugin\factory\plugin-factory.js
- E:\Program Files\Huawei\DevEco Studio\tools\hvigor\hvigor-ohos-plugin\index.js
- E:\project\My_project\OpenHarmony\frontend\hvigorfile.ts
- E:\Program Files\Huawei\DevEco Studio\tools\hvigor\hvigor\src\base\internal\lifecycle\configuration.js
- E:\Program Files\Huawei\DevEco Studio\tools\hvigor\hvigor\src\base\boot\index.js
- E:\Program Files\Huawei\DevEco Studio\tools\hvigor\hvigor\src\base\daemon\cluster\worker-process-lifecycle.js
- E:\Program Files\Huawei\DevEco Studio\tools\hvigor\hvigor\src\base\daemon\process\daemon-process-boot-script.js
[2026-05-10T12:36:50.940] [DEBUG] debug-file - Start initialize module-target build option map, moduleName=entry, buildMode=debug
[2026-05-10T12:36:50.940] [DEBUG] debug-file - Target 'default' config initialized
[2026-05-10T12:36:50.940] [DEBUG] debug-file - Module 'entry' target 'default' build option initialized
[2026-05-10T12:36:50.940] [DEBUG] debug-file - End initialize module-target build option map, moduleName=entry
[2026-05-10T12:36:50.940] [DEBUG] debug-file - Start initialize module-target build option map, moduleName=entry, buildMode=release
[2026-05-10T12:36:50.940] [DEBUG] debug-file - Target 'default' config initialized
[2026-05-10T12:36:50.940] [DEBUG] debug-file - Module 'entry' target 'default' build option initialized
[2026-05-10T12:36:50.940] [DEBUG] debug-file - End initialize module-target build option map, moduleName=entry
[2026-05-10T12:36:50.940] [DEBUG] debug-file - Start initialize module-target build option map, moduleName=entry, buildMode=debug
[2026-05-10T12:36:50.940] [DEBUG] debug-file - Target 'default' config initialized
[2026-05-10T12:36:50.940] [DEBUG] debug-file - Module 'entry' target 'default' build option initialized
[2026-05-10T12:36:50.940] [DEBUG] debug-file - End initialize module-target build option map, moduleName=entry
[2026-05-10T12:36:50.940] [DEBUG] debug-file - Obtain build option for module 'entry' target 'default'in this build.
[2026-05-10T12:36:50.941] [DEBUG] debug-file - Module entry task initialization takes 1 ms 
[2026-05-10T12:36:50.941] [DEBUG] debug-file - Hap plugin register hook start...
[2026-05-10T12:36:50.941] [DEBUG] debug-file - Hap plugin register hook end...
[2026-05-10T12:36:50.941] [DEBUG] debug-file - Plugin build process completed
[2026-05-10T12:36:50.941] [DEBUG] debug-file - hvigorfile, begin to bind custom plugins...
[2026-05-10T12:36:50.941] [DEBUG] debug-file - hvigorfile, no custom plugins were found in E:\project\My_project\OpenHarmony\frontend\entry\hvigorfile.ts
[2026-05-10T12:36:50.941] [DEBUG] debug-file - hvigorfile, resolve finished E:\project\My_project\OpenHarmony\frontend\entry\hvigorfile.ts
[2026-05-10T12:36:50.957] [DEBUG] debug-file - hvigorfile, resolve hvigorfile dependencies in 16 ms 
[2026-05-10T12:36:50.957] [DEBUG] debug-file - project has submodules:entry
[2026-05-10T12:36:50.958] [DEBUG] debug-file - start to load updatedOhPackageInfo to the disk
[2026-05-10T12:36:50.959] [DEBUG] debug-file - load to the disk finished
[2026-05-10T12:36:50.960] [DEBUG] debug-file - Start to initialize dependency information.
[2026-05-10T12:36:50.961] [DEBUG] debug-file - Module frontend Collected Dependency: 
[2026-05-10T12:36:50.961] [DEBUG] debug-file - Module frontend's total dependency: 0
[2026-05-10T12:36:50.961] [DEBUG] debug-file - Start to initialize dependency information.
[2026-05-10T12:36:50.962] [DEBUG] debug-file - Module entry Collected Dependency: 
[2026-05-10T12:36:50.962] [DEBUG] debug-file - Module entry's total dependency: 0
[2026-05-10T12:36:50.963] [DEBUG] debug-file - Configuration phase cost:65 ms 
[2026-05-10T12:36:50.963] [DEBUG] debug-file - Configuration task cost before running: 71 ms 
[2026-05-10T12:36:50.968] [DEBUG] debug-file - Executing task :entry:default@PreBuild
[2026-05-10T12:36:50.970] [DEBUG] debug-file - Task 'entry:default@PreBuild' cost while wrapping incremental declarations: 1 ms 
[2026-05-10T12:36:50.976] [DEBUG] debug-file - entry:default@PreBuild is not up-to-date, since the task snapshots are different.
[2026-05-10T12:36:50.976] [DEBUG] debug-file - Incremental task entry:default@PreBuild pre-execution cost: 3 ms .
[2026-05-10T12:36:51.073] [DEBUG] debug-file - current product is not Atomic service.
[2026-05-10T12:36:51.073] [DEBUG] debug-file - Use tool [win32: JAVA_HOME, CLASSPATH]
 [
  { JAVA_HOME: 'E:\\Program Files\\Huawei\\DevEco Studio\\jbr' },
  { CLASSPATH: undefined }
]
[2026-05-10T12:36:51.073] [DEBUG] debug-file - Use tool [win32: NODE_HOME]
 [
  {
    NODE_HOME: 'E:\\Program Files\\Huawei\\DevEco Studio\\tools\\node'
  }
]
[2026-05-10T12:36:51.074] [DEBUG] debug-file - entry : default@PreBuild cost memory 9.788284301757812
[2026-05-10T12:36:51.075] [DEBUG] debug-file - runTaskFromQueue task cost before running: 182 ms 
[2026-05-10T12:36:51.076] [INFO] debug-file - Finished :entry:default@PreBuild... after 107 ms 
[2026-05-10T12:36:51.077] [DEBUG] debug-file - Executing task :entry:default@CreateModuleInfo
[2026-05-10T12:36:51.077] [DEBUG] debug-file - Task 'entry:default@CreateModuleInfo' cost while wrapping incremental declarations: 1 ms 
[2026-05-10T12:36:51.077] [DEBUG] debug-file - entry : default@CreateModuleInfo cost memory 0.04315948486328125
[2026-05-10T12:36:51.077] [DEBUG] debug-file - runTaskFromQueue task cost before running: 185 ms 
[2026-05-10T12:36:51.077] [INFO] debug-file - Finished :entry:default@CreateModuleInfo... after 1 ms 
[2026-05-10T12:36:51.078] [DEBUG] debug-file - Executing task :entry:default@GenerateMetadata
[2026-05-10T12:36:51.078] [DEBUG] debug-file - Task 'entry:default@GenerateMetadata' cost while wrapping incremental declarations: 1 ms 
[2026-05-10T12:36:51.079] [DEBUG] debug-file - Incremental task entry:default@GenerateMetadata pre-execution cost: 1 ms .
[2026-05-10T12:36:51.079] [DEBUG] debug-file - entry : default@GenerateMetadata cost memory 0.09059906005859375
[2026-05-10T12:36:51.079] [INFO] debug-file - UP-TO-DATE :entry:default@GenerateMetadata...  
[2026-05-10T12:36:51.080] [DEBUG] debug-file - Executing task :entry:default@ConfigureCmake
[2026-05-10T12:36:51.080] [DEBUG] debug-file - entry : default@ConfigureCmake cost memory 0.014617919921875
[2026-05-10T12:36:51.080] [DEBUG] debug-file - runTaskFromQueue task cost before running: 188 ms 
[2026-05-10T12:36:51.080] [INFO] debug-file - Finished :entry:default@ConfigureCmake... after 1 ms 
[2026-05-10T12:36:51.081] [DEBUG] debug-file - Executing task :entry:default@MergeProfile
[2026-05-10T12:36:51.081] [DEBUG] debug-file - Task 'entry:default@MergeProfile' cost while wrapping incremental declarations: 1 ms 
[2026-05-10T12:36:51.082] [DEBUG] debug-file - Incremental task entry:default@MergeProfile pre-execution cost: 1 ms .
[2026-05-10T12:36:51.082] [DEBUG] debug-file - entry : default@MergeProfile cost memory 0.24956512451171875
[2026-05-10T12:36:51.082] [INFO] debug-file - UP-TO-DATE :entry:default@MergeProfile...  
[2026-05-10T12:36:51.083] [DEBUG] debug-file - Executing task :entry:default@CreateBuildProfile
[2026-05-10T12:36:51.083] [DEBUG] debug-file - Task 'entry:default@CreateBuildProfile' cost while wrapping incremental declarations: 1 ms 
[2026-05-10T12:36:51.084] [DEBUG] debug-file - Incremental task entry:default@CreateBuildProfile pre-execution cost: 1 ms .
[2026-05-10T12:36:51.084] [DEBUG] debug-file - entry : default@CreateBuildProfile cost memory 0.11203765869140625
[2026-05-10T12:36:51.084] [INFO] debug-file - UP-TO-DATE :entry:default@CreateBuildProfile...  
[2026-05-10T12:36:51.085] [DEBUG] debug-file - Executing task :entry:default@PreCheckSyscap
[2026-05-10T12:36:51.085] [DEBUG] debug-file - entry : default@PreCheckSyscap cost memory 0.01476287841796875
[2026-05-10T12:36:51.085] [DEBUG] debug-file - runTaskFromQueue task cost before running: 193 ms 
[2026-05-10T12:36:51.085] [INFO] debug-file - Finished :entry:default@PreCheckSyscap... after 1 ms 
[2026-05-10T12:36:51.086] [DEBUG] debug-file - Executing task :entry:default@GeneratePkgContextInfo
[2026-05-10T12:36:51.091] [DEBUG] debug-file - Task 'entry:default@GeneratePkgContextInfo' cost while wrapping incremental declarations: 1 ms 
[2026-05-10T12:36:51.091] [DEBUG] debug-file - entry : default@GeneratePkgContextInfo cost memory 0.3423614501953125
[2026-05-10T12:36:51.092] [DEBUG] debug-file - runTaskFromQueue task cost before running: 199 ms 
[2026-05-10T12:36:51.092] [INFO] debug-file - Finished :entry:default@GeneratePkgContextInfo... after 6 ms 
[2026-05-10T12:36:51.092] [DEBUG] debug-file - Executing task :entry:default@GeneratePkgSdkInfo
[2026-05-10T12:36:51.094] [DEBUG] debug-file - Task 'entry:default@GeneratePkgSdkInfo' cost while wrapping incremental declarations: 1 ms 
[2026-05-10T12:36:51.094] [DEBUG] debug-file - Incremental task entry:default@GeneratePkgSdkInfo pre-execution cost: 1 ms .
[2026-05-10T12:36:51.094] [DEBUG] debug-file - entry : default@GeneratePkgSdkInfo cost memory 0.142578125
[2026-05-10T12:36:51.094] [INFO] debug-file - UP-TO-DATE :entry:default@GeneratePkgSdkInfo...  
[2026-05-10T12:36:51.096] [DEBUG] debug-file - Executing task :entry:default@ProcessIntegratedHsp
[2026-05-10T12:36:51.096] [DEBUG] debug-file - entry:default@ProcessIntegratedHsp is not up-to-date, since the output file 'E:\project\My_project\OpenHarmony\frontend\build\cache\default\integrated_hsp\integratedHspCache.json' does not exist.
[2026-05-10T12:36:51.097] [DEBUG] debug-file - Incremental task entry:default@ProcessIntegratedHsp pre-execution cost: 1 ms .
[2026-05-10T12:36:51.097] [DEBUG] debug-file - entry : default@ProcessIntegratedHsp cost memory 0.05913543701171875
[2026-05-10T12:36:51.097] [DEBUG] debug-file - runTaskFromQueue task cost before running: 205 ms 
[2026-05-10T12:36:51.097] [INFO] debug-file - Finished :entry:default@ProcessIntegratedHsp... after 1 ms 
[2026-05-10T12:36:51.098] [DEBUG] debug-file - Executing task :entry:default@BuildNativeWithCmake
[2026-05-10T12:36:51.098] [DEBUG] debug-file - entry : default@BuildNativeWithCmake cost memory 0.0146484375
[2026-05-10T12:36:51.098] [DEBUG] debug-file - runTaskFromQueue task cost before running: 206 ms 
[2026-05-10T12:36:51.098] [INFO] debug-file - Finished :entry:default@BuildNativeWithCmake... after 1 ms 
[2026-05-10T12:36:51.099] [DEBUG] debug-file - Executing task :entry:default@MakePackInfo
[2026-05-10T12:36:51.100] [DEBUG] debug-file - Incremental task entry:default@MakePackInfo pre-execution cost: 1 ms .
[2026-05-10T12:36:51.100] [DEBUG] debug-file - entry : default@MakePackInfo cost memory 0.28379058837890625
[2026-05-10T12:36:51.100] [INFO] debug-file - UP-TO-DATE :entry:default@MakePackInfo...  
[2026-05-10T12:36:51.101] [DEBUG] debug-file - Executing task :entry:default@SyscapTransform
[2026-05-10T12:36:51.101] [DEBUG] debug-file - File: 'E:\project\My_project\OpenHarmony\frontend\entry\src\main\syscap.json' from 'sysCapJsonPath' is not exists, just ignore.
[2026-05-10T12:36:51.101] [DEBUG] debug-file - Task 'entry:default@SyscapTransform' cost while wrapping incremental declarations: 1 ms 
[2026-05-10T12:36:51.112] [DEBUG] debug-file - entry:default@SyscapTransform is not up-to-date, since the output file 'E:\project\My_project\OpenHarmony\frontend\entry\build\default\intermediates\syscap\default\rpcid.sc' does not exist.
[2026-05-10T12:36:51.112] [DEBUG] debug-file - Incremental task entry:default@SyscapTransform pre-execution cost: 11 ms .
[2026-05-10T12:36:51.112] [DEBUG] debug-file - entry : default@SyscapTransform cost memory 0.16478729248046875
[2026-05-10T12:36:51.112] [DEBUG] debug-file - runTaskFromQueue task cost before running: 220 ms 
[2026-05-10T12:36:51.112] [INFO] debug-file - Finished :entry:default@SyscapTransform... after 12 ms 
[2026-05-10T12:36:51.114] [DEBUG] debug-file - Executing task :entry:default@ProcessProfile
[2026-05-10T12:36:51.114] [DEBUG] debug-file - Task 'entry:default@ProcessProfile' cost while wrapping incremental declarations: 1 ms 
[2026-05-10T12:36:51.115] [DEBUG] debug-file - Incremental task entry:default@ProcessProfile pre-execution cost: 1 ms .
[2026-05-10T12:36:51.115] [DEBUG] debug-file - entry : default@ProcessProfile cost memory 0.1372222900390625
[2026-05-10T12:36:51.115] [INFO] debug-file - UP-TO-DATE :entry:default@ProcessProfile...  
[2026-05-10T12:36:51.116] [DEBUG] debug-file - Executing task :entry:default@ProcessRouterMap
[2026-05-10T12:36:51.117] [DEBUG] debug-file - Incremental task entry:default@ProcessRouterMap pre-execution cost: 1 ms .
[2026-05-10T12:36:51.117] [DEBUG] debug-file - entry : default@ProcessRouterMap cost memory 0.1425628662109375
[2026-05-10T12:36:51.117] [INFO] debug-file - UP-TO-DATE :entry:default@ProcessRouterMap...  
[2026-05-10T12:36:51.118] [DEBUG] debug-file - Executing task :entry:default@ProcessShareConfig
[2026-05-10T12:36:51.119] [DEBUG] debug-file - Incremental task entry:default@ProcessShareConfig pre-execution cost: 1 ms .
[2026-05-10T12:36:51.119] [DEBUG] debug-file - entry : default@ProcessShareConfig cost memory 0.11719512939453125
[2026-05-10T12:36:51.119] [INFO] debug-file - UP-TO-DATE :entry:default@ProcessShareConfig...  
[2026-05-10T12:36:51.120] [DEBUG] debug-file - Executing task :entry:default@ProcessStartupConfig
[2026-05-10T12:36:51.120] [DEBUG] debug-file - Task 'entry:default@ProcessStartupConfig' cost while wrapping incremental declarations: 1 ms 
[2026-05-10T12:36:51.121] [DEBUG] debug-file - entry:default@ProcessStartupConfig is not up-to-date, since the output file 'E:\project\My_project\OpenHarmony\frontend\entry\build\default\intermediates\startup\default\startup_config.json' does not exist.
[2026-05-10T12:36:51.121] [DEBUG] debug-file - Incremental task entry:default@ProcessStartupConfig pre-execution cost: 1 ms .
[2026-05-10T12:36:51.121] [DEBUG] debug-file - entry : default@ProcessStartupConfig cost memory 0.09827423095703125
[2026-05-10T12:36:51.121] [DEBUG] debug-file - runTaskFromQueue task cost before running: 229 ms 
[2026-05-10T12:36:51.121] [INFO] debug-file - Finished :entry:default@ProcessStartupConfig... after 1 ms 
[2026-05-10T12:36:51.122] [DEBUG] debug-file - Executing task :entry:default@BuildNativeWithNinja
[2026-05-10T12:36:51.122] [DEBUG] debug-file - entry : default@BuildNativeWithNinja cost memory 0.02184295654296875
[2026-05-10T12:36:51.122] [DEBUG] debug-file - runTaskFromQueue task cost before running: 230 ms 
[2026-05-10T12:36:51.122] [INFO] debug-file - Finished :entry:default@BuildNativeWithNinja... after 1 ms 
[2026-05-10T12:36:51.124] [DEBUG] debug-file - restool module names: entry; moduleName=entry, taskName=default@ProcessResource
[2026-05-10T12:36:51.126] [DEBUG] debug-file - Executing task :entry:default@ProcessResource
[2026-05-10T12:36:51.126] [DEBUG] debug-file - Task 'entry:default@ProcessResource' cost while wrapping incremental declarations: 1 ms 
[2026-05-10T12:36:51.127] [DEBUG] debug-file - Incremental task entry:default@ProcessResource pre-execution cost: 1 ms .
[2026-05-10T12:36:51.127] [DEBUG] debug-file - entry : default@ProcessResource cost memory 0.14876556396484375
[2026-05-10T12:36:51.127] [INFO] debug-file - UP-TO-DATE :entry:default@ProcessResource...  
[2026-05-10T12:36:51.129] [DEBUG] debug-file - Executing task :entry:default@GenerateLoaderJson
[2026-05-10T12:36:51.130] [DEBUG] debug-file - Task 'entry:default@GenerateLoaderJson' cost while wrapping incremental declarations: 1 ms 
[2026-05-10T12:36:51.134] [DEBUG] debug-file - entry:default@GenerateLoaderJson is not up-to-date, since the output file 'E:\project\My_project\OpenHarmony\frontend\entry\build\default\intermediates\loader\default\loader.json' has been changed.
[2026-05-10T12:36:51.134] [DEBUG] debug-file - Incremental task entry:default@GenerateLoaderJson pre-execution cost: 3 ms .
[2026-05-10T12:36:51.138] [DEBUG] debug-file - entry : default@GenerateLoaderJson cost memory 0.6980056762695312
[2026-05-10T12:36:51.138] [DEBUG] debug-file - runTaskFromQueue task cost before running: 246 ms 
[2026-05-10T12:36:51.140] [INFO] debug-file - Finished :entry:default@GenerateLoaderJson... after 10 ms 
[2026-05-10T12:36:51.141] [DEBUG] debug-file - Executing task :entry:default@ProcessLibs
[2026-05-10T12:36:51.142] [DEBUG] debug-file - Incremental task entry:default@ProcessLibs pre-execution cost: 1 ms .
[2026-05-10T12:36:51.143] [DEBUG] debug-file - entry : default@ProcessLibs cost memory 0.1158447265625
[2026-05-10T12:36:51.143] [INFO] debug-file - UP-TO-DATE :entry:default@ProcessLibs...  
[2026-05-10T12:36:51.144] [DEBUG] debug-file - restool module names: entry; moduleName=entry, taskName=default@CompileResource
[2026-05-10T12:36:51.144] [DEBUG] debug-file - Executing task :entry:default@CompileResource
[2026-05-10T12:36:51.150] [DEBUG] debug-file - Incremental task entry:default@CompileResource pre-execution cost: 5 ms .
[2026-05-10T12:36:51.150] [DEBUG] debug-file - entry : default@CompileResource cost memory 0.9704055786132812
[2026-05-10T12:36:51.150] [INFO] debug-file - UP-TO-DATE :entry:default@CompileResource...  
[2026-05-10T12:36:51.151] [DEBUG] debug-file - Executing task :entry:default@DoNativeStrip
[2026-05-10T12:36:51.151] [DEBUG] debug-file - File: 'E:\project\My_project\OpenHarmony\frontend\entry\build\default\intermediates\binxo\default' from 'doBinxoNativeLibs' is not exists, just ignore.
[2026-05-10T12:36:51.151] [DEBUG] debug-file - Task 'entry:default@DoNativeStrip' cost while wrapping incremental declarations: 1 ms 
[2026-05-10T12:36:51.151] [DEBUG] debug-file - Incremental task entry:default@DoNativeStrip pre-execution cost: 1 ms .
[2026-05-10T12:36:51.151] [DEBUG] debug-file - entry : default@DoNativeStrip cost memory 0.0990142822265625
[2026-05-10T12:36:51.151] [INFO] debug-file - UP-TO-DATE :entry:default@DoNativeStrip...  
[2026-05-10T12:36:51.152] [DEBUG] debug-file - Executing task :entry:buildHotReloadResource
[2026-05-10T12:36:51.152] [DEBUG] debug-file - Hot reload resources ready.
[2026-05-10T12:36:51.152] [DEBUG] debug-file - entry : buildHotReloadResource cost memory 0.021209716796875
[2026-05-10T12:36:51.152] [DEBUG] debug-file - runTaskFromQueue task cost before running: 260 ms 
[2026-05-10T12:36:51.152] [INFO] debug-file - Finished :entry:buildHotReloadResource... after 1 ms 
[2026-05-10T12:36:51.153] [DEBUG] debug-file - Executing task :entry:default@BuildJS
[2026-05-10T12:36:51.154] [DEBUG] debug-file - Task 'entry:default@BuildJS' cost while wrapping incremental declarations: 1 ms 
[2026-05-10T12:36:51.156] [DEBUG] debug-file - entry : default@BuildJS cost memory 0.16680908203125
[2026-05-10T12:36:51.156] [DEBUG] debug-file - runTaskFromQueue task cost before running: 264 ms 
[2026-05-10T12:36:51.156] [INFO] debug-file - Finished :entry:default@BuildJS... after 3 ms 
[2026-05-10T12:36:51.157] [DEBUG] debug-file - Executing task :entry:default@CacheNativeLibs
[2026-05-10T12:36:51.157] [DEBUG] debug-file - File: 'E:\project\My_project\OpenHarmony\frontend\entry\build\default\intermediates\binxo\default' from 'cacheBinxoNativeLibs' is not exists, just ignore.
[2026-05-10T12:36:51.158] [DEBUG] debug-file - Task 'entry:default@CacheNativeLibs' cost while wrapping incremental declarations: 1 ms 
[2026-05-10T12:36:51.158] [DEBUG] debug-file - entry:default@CacheNativeLibs is not up-to-date, since the output file 'E:\project\My_project\OpenHarmony\frontend\entry\build\default\intermediates\patch\default\base_native_libs.json' does not exist.
[2026-05-10T12:36:51.158] [DEBUG] debug-file - Incremental task entry:default@CacheNativeLibs pre-execution cost: 1 ms .
[2026-05-10T12:36:51.158] [DEBUG] debug-file - default@CacheNativeLibs work[0] is submitted.
[2026-05-10T12:36:51.159] [DEBUG] debug-file - default@CacheNativeLibs work[0] is pushed to ready queue.
[2026-05-10T12:36:51.159] [DEBUG] debug-file - A work dispatched to worker[15] failed because unable to get work from ready queue.
[2026-05-10T12:36:51.159] [DEBUG] debug-file - Create  resident worker with id: 14.
[2026-05-10T12:36:51.160] [DEBUG] debug-file - default@CacheNativeLibs work[0] has been dispatched to worker[14].
[2026-05-10T12:36:51.160] [DEBUG] debug-file - default@CacheNativeLibs work[0] is dispatched.
[2026-05-10T12:36:51.161] [DEBUG] debug-file - entry : default@CacheNativeLibs cost memory 0.2283935546875
[2026-05-10T12:36:51.162] [DEBUG] debug-file - Executing task :entry:default@HotReloadArkTS
[2026-05-10T12:36:51.162] [DEBUG] debug-file - obfuscationOptions: undefined
[2026-05-10T12:36:51.163] [DEBUG] debug-file - Task 'entry:default@HotReloadArkTS' cost while wrapping incremental declarations: 1 ms 
[2026-05-10T12:36:51.166] [DEBUG] debug-file - entry:default@HotReloadArkTS is not up-to-date, since the input file 'E:\project\My_project\OpenHarmony\frontend\entry\build\default\intermediates\loader\default' has been changed.
[2026-05-10T12:36:51.166] [DEBUG] debug-file - Incremental task entry:default@HotReloadArkTS pre-execution cost: 2 ms .
[2026-05-10T12:36:51.177] [DEBUG] debug-file - build config: [object Object]
[2026-05-10T12:36:51.179] [DEBUG] debug-file - session manager: binding session. socketId=ytsBiMFqDDYZLQesAAAD, threadId=1@1.
[2026-05-10T12:36:51.179] [DEBUG] debug-file - entry : default@HotReloadArkTS cost memory 2.0443572998046875
[2026-05-10T12:36:51.793] [DEBUG] debug-file - worker[14] has one work done.
[2026-05-10T12:36:51.793] [DEBUG] debug-file - default@CacheNativeLibs work[0] done.
[2026-05-10T12:36:51.793] [DEBUG] debug-file - A work dispatched to worker[14] failed because unable to get work from ready queue.
[2026-05-10T12:36:51.794] [INFO] debug-file - Finished :entry:default@CacheNativeLibs... after 10 ms 
[2026-05-10T12:36:52.853] [DEBUG] debug-file - watch worker: send response to session manager. Response type: WatchStart
[2026-05-10T12:36:52.854] [DEBUG] debug-file - session manager: watch message received from worker 1. Type: WatchStart
[2026-05-10T12:36:54.919] [DEBUG] debug-file - watch worker: send response to session manager. Response type: WatchLog
[2026-05-10T12:36:54.919] [DEBUG] debug-file - session manager: watch message received from worker 1. Type: WatchLog
[2026-05-10T12:36:54.919] [DEBUG] debug-file - watch worker: send response to session manager. Response type: WatchLog
[2026-05-10T12:36:54.920] [DEBUG] debug-file - session manager: watch message received from worker 1. Type: WatchLog
[2026-05-10T12:36:54.919] [DEBUG] debug-file - watch worker: send response to session manager. Response type: WatchLog
[2026-05-10T12:36:54.921] [DEBUG] debug-file - session manager: watch message received from worker 1. Type: WatchLog
[2026-05-10T12:36:54.919] [DEBUG] debug-file - watch worker: send response to session manager. Response type: WatchLog
[2026-05-10T12:36:54.921] [DEBUG] debug-file - session manager: watch message received from worker 1. Type: WatchLog
[2026-05-10T12:36:54.919] [DEBUG] debug-file - watch worker: send response to session manager. Response type: WatchLog
[2026-05-10T12:36:54.922] [DEBUG] debug-file - session manager: watch message received from worker 1. Type: WatchLog
[2026-05-10T12:36:54.919] [DEBUG] debug-file - watch worker: send response to session manager. Response type: WatchLog
[2026-05-10T12:36:54.923] [DEBUG] debug-file - session manager: watch message received from worker 1. Type: WatchLog
[2026-05-10T12:36:54.919] [DEBUG] debug-file - watch worker: send response to session manager. Response type: WatchLog
[2026-05-10T12:36:54.924] [DEBUG] debug-file - session manager: watch message received from worker 1. Type: WatchLog
[2026-05-10T12:36:54.920] [DEBUG] debug-file - watch worker: send response to session manager. Response type: WatchLog
[2026-05-10T12:36:54.924] [DEBUG] debug-file - session manager: watch message received from worker 1. Type: WatchLog
[2026-05-10T12:36:54.920] [DEBUG] debug-file - watch worker: send response to session manager. Response type: WatchLog
[2026-05-10T12:36:54.925] [DEBUG] debug-file - session manager: watch message received from worker 1. Type: WatchLog
[2026-05-10T12:36:54.920] [DEBUG] debug-file - watch worker: send response to session manager. Response type: WatchLog
[2026-05-10T12:36:54.926] [DEBUG] debug-file - session manager: watch message received from worker 1. Type: WatchLog
[2026-05-10T12:36:54.920] [DEBUG] debug-file - watch worker: send response to session manager. Response type: WatchLog
[2026-05-10T12:36:54.927] [DEBUG] debug-file - session manager: watch message received from worker 1. Type: WatchLog
[2026-05-10T12:36:54.920] [DEBUG] debug-file - watch worker: send response to session manager. Response type: WatchLog
[2026-05-10T12:36:54.927] [DEBUG] debug-file - session manager: watch message received from worker 1. Type: WatchLog
[2026-05-10T12:36:54.920] [DEBUG] debug-file - watch worker: send response to session manager. Response type: WatchLog
[2026-05-10T12:36:54.928] [DEBUG] debug-file - session manager: watch message received from worker 1. Type: WatchLog
[2026-05-10T12:36:54.920] [DEBUG] debug-file - watch worker: send response to session manager. Response type: WatchLog
[2026-05-10T12:36:54.929] [DEBUG] debug-file - session manager: watch message received from worker 1. Type: WatchLog
[2026-05-10T12:36:54.921] [DEBUG] debug-file - watch worker: send response to session manager. Response type: WatchLog
[2026-05-10T12:36:54.930] [DEBUG] debug-file - session manager: watch message received from worker 1. Type: WatchLog
[2026-05-10T12:36:54.921] [DEBUG] debug-file - watch worker: send response to session manager. Response type: WatchLog
[2026-05-10T12:36:54.931] [DEBUG] debug-file - session manager: watch message received from worker 1. Type: WatchLog
[2026-05-10T12:36:54.921] [DEBUG] debug-file - watch worker: send response to session manager. Response type: WatchLog
[2026-05-10T12:36:54.931] [DEBUG] debug-file - session manager: watch message received from worker 1. Type: WatchLog
[2026-05-10T12:36:54.921] [DEBUG] debug-file - watch worker: send response to session manager. Response type: WatchLog
[2026-05-10T12:36:54.932] [DEBUG] debug-file - session manager: watch message received from worker 1. Type: WatchLog
[2026-05-10T12:36:54.922] [DEBUG] debug-file - watch worker: send response to session manager. Response type: WatchLog
[2026-05-10T12:36:54.932] [DEBUG] debug-file - session manager: watch message received from worker 1. Type: WatchLog
[2026-05-10T12:36:54.922] [DEBUG] debug-file - watch worker: send response to session manager. Response type: WatchLog
[2026-05-10T12:36:54.933] [DEBUG] debug-file - session manager: watch message received from worker 1. Type: WatchLog
[2026-05-10T12:36:54.922] [DEBUG] debug-file - watch worker: send response to session manager. Response type: WatchLog
[2026-05-10T12:36:54.934] [DEBUG] debug-file - session manager: watch message received from worker 1. Type: WatchLog
[2026-05-10T12:36:54.922] [DEBUG] debug-file - watch worker: send response to session manager. Response type: WatchLog
[2026-05-10T12:36:54.935] [DEBUG] debug-file - session manager: watch message received from worker 1. Type: WatchLog
[2026-05-10T12:36:54.922] [DEBUG] debug-file - watch worker: send response to session manager. Response type: WatchLog
[2026-05-10T12:36:54.935] [DEBUG] debug-file - session manager: watch message received from worker 1. Type: WatchLog
[2026-05-10T12:36:54.922] [DEBUG] debug-file - watch worker: send response to session manager. Response type: WatchLog
[2026-05-10T12:36:54.936] [DEBUG] debug-file - session manager: watch message received from worker 1. Type: WatchLog
[2026-05-10T12:36:54.922] [DEBUG] debug-file - watch worker: send response to session manager. Response type: WatchLog
[2026-05-10T12:36:54.937] [DEBUG] debug-file - session manager: watch message received from worker 1. Type: WatchLog
[2026-05-10T12:36:54.922] [DEBUG] debug-file - watch worker: send response to session manager. Response type: WatchLog
[2026-05-10T12:36:54.938] [DEBUG] debug-file - session manager: watch message received from worker 1. Type: WatchLog
[2026-05-10T12:36:54.922] [DEBUG] debug-file - watch worker: send response to session manager. Response type: WatchLog
[2026-05-10T12:36:54.938] [DEBUG] debug-file - session manager: watch message received from worker 1. Type: WatchLog
[2026-05-10T12:36:54.922] [DEBUG] debug-file - watch worker: send response to session manager. Response type: WatchLog
[2026-05-10T12:36:54.939] [DEBUG] debug-file - session manager: watch message received from worker 1. Type: WatchLog
[2026-05-10T12:36:54.922] [DEBUG] debug-file - watch worker: send response to session manager. Response type: WatchLog
[2026-05-10T12:36:54.939] [DEBUG] debug-file - session manager: watch message received from worker 1. Type: WatchLog
[2026-05-10T12:36:54.922] [DEBUG] debug-file - watch worker: send response to session manager. Response type: WatchLog
[2026-05-10T12:36:54.940] [DEBUG] debug-file - session manager: watch message received from worker 1. Type: WatchLog
[2026-05-10T12:36:54.923] [DEBUG] debug-file - watch worker: send response to session manager. Response type: WatchLog
[2026-05-10T12:36:54.941] [DEBUG] debug-file - session manager: watch message received from worker 1. Type: WatchLog
[2026-05-10T12:36:54.923] [DEBUG] debug-file - watch worker: send response to session manager. Response type: WatchLog
[2026-05-10T12:36:54.942] [DEBUG] debug-file - session manager: watch message received from worker 1. Type: WatchLog
[2026-05-10T12:36:54.923] [DEBUG] debug-file - watch worker: send response to session manager. Response type: WatchLog
[2026-05-10T12:36:54.943] [DEBUG] debug-file - session manager: watch message received from worker 1. Type: WatchLog
[2026-05-10T12:36:54.923] [DEBUG] debug-file - watch worker: send response to session manager. Response type: WatchLog
[2026-05-10T12:36:54.943] [DEBUG] debug-file - session manager: watch message received from worker 1. Type: WatchLog
[2026-05-10T12:36:54.923] [DEBUG] debug-file - watch worker: send response to session manager. Response type: WatchLog
[2026-05-10T12:36:54.944] [DEBUG] debug-file - session manager: watch message received from worker 1. Type: WatchLog
[2026-05-10T12:36:54.923] [DEBUG] debug-file - watch worker: send response to session manager. Response type: WatchLog
[2026-05-10T12:36:54.945] [DEBUG] debug-file - session manager: watch message received from worker 1. Type: WatchLog
[2026-05-10T12:36:54.923] [DEBUG] debug-file - watch worker: send response to session manager. Response type: WatchLog
[2026-05-10T12:36:54.945] [DEBUG] debug-file - session manager: watch message received from worker 1. Type: WatchLog
[2026-05-10T12:36:54.923] [DEBUG] debug-file - watch worker: send response to session manager. Response type: WatchLog
[2026-05-10T12:36:54.946] [DEBUG] debug-file - session manager: watch message received from worker 1. Type: WatchLog
[2026-05-10T12:36:54.923] [DEBUG] debug-file - watch worker: send response to session manager. Response type: WatchLog
[2026-05-10T12:36:54.946] [DEBUG] debug-file - session manager: watch message received from worker 1. Type: WatchLog
[2026-05-10T12:36:54.923] [DEBUG] debug-file - watch worker: send response to session manager. Response type: WatchLog
[2026-05-10T12:36:54.947] [DEBUG] debug-file - session manager: watch message received from worker 1. Type: WatchLog
[2026-05-10T12:36:54.924] [DEBUG] debug-file - watch worker: send response to session manager. Response type: WatchLog
[2026-05-10T12:36:54.947] [DEBUG] debug-file - session manager: watch message received from worker 1. Type: WatchLog
[2026-05-10T12:36:54.924] [DEBUG] debug-file - watch worker: send response to session manager. Response type: WatchLog
[2026-05-10T12:36:54.948] [DEBUG] debug-file - session manager: watch message received from worker 1. Type: WatchLog
[2026-05-10T12:36:54.924] [DEBUG] debug-file - watch worker: send response to session manager. Response type: WatchLog
[2026-05-10T12:36:54.948] [DEBUG] debug-file - session manager: watch message received from worker 1. Type: WatchLog
[2026-05-10T12:36:54.924] [DEBUG] debug-file - watch worker: send response to session manager. Response type: WatchLog
[2026-05-10T12:36:54.949] [DEBUG] debug-file - session manager: watch message received from worker 1. Type: WatchLog
[2026-05-10T12:36:54.924] [DEBUG] debug-file - watch worker: send response to session manager. Response type: WatchLog
[2026-05-10T12:36:54.950] [DEBUG] debug-file - session manager: watch message received from worker 1. Type: WatchLog
[2026-05-10T12:36:54.924] [DEBUG] debug-file - watch worker: send response to session manager. Response type: WatchLog
[2026-05-10T12:36:54.951] [DEBUG] debug-file - session manager: watch message received from worker 1. Type: WatchLog
[2026-05-10T12:36:54.924] [DEBUG] debug-file - watch worker: send response to session manager. Response type: WatchLog
[2026-05-10T12:36:54.951] [DEBUG] debug-file - session manager: watch message received from worker 1. Type: WatchLog
[2026-05-10T12:36:54.924] [DEBUG] debug-file - watch worker: send response to session manager. Response type: WatchLog
[2026-05-10T12:36:54.952] [DEBUG] debug-file - session manager: watch message received from worker 1. Type: WatchLog
[2026-05-10T12:36:54.924] [DEBUG] debug-file - watch worker: send response to session manager. Response type: WatchLog
[2026-05-10T12:36:54.953] [DEBUG] debug-file - session manager: watch message received from worker 1. Type: WatchLog
[2026-05-10T12:36:54.924] [DEBUG] debug-file - watch worker: send response to session manager. Response type: WatchLog
[2026-05-10T12:36:54.954] [DEBUG] debug-file - session manager: watch message received from worker 1. Type: WatchLog
[2026-05-10T12:36:54.924] [DEBUG] debug-file - watch worker: send response to session manager. Response type: WatchLog
[2026-05-10T12:36:54.954] [DEBUG] debug-file - session manager: watch message received from worker 1. Type: WatchLog
[2026-05-10T12:36:54.924] [DEBUG] debug-file - watch worker: send response to session manager. Response type: WatchLog
[2026-05-10T12:36:54.955] [DEBUG] debug-file - session manager: watch message received from worker 1. Type: WatchLog
[2026-05-10T12:36:54.924] [DEBUG] debug-file - watch worker: send response to session manager. Response type: WatchLog
[2026-05-10T12:36:54.956] [DEBUG] debug-file - session manager: watch message received from worker 1. Type: WatchLog
[2026-05-10T12:36:54.924] [DEBUG] debug-file - watch worker: send response to session manager. Response type: WatchLog
[2026-05-10T12:36:54.957] [DEBUG] debug-file - session manager: watch message received from worker 1. Type: WatchLog
[2026-05-10T12:36:54.924] [DEBUG] debug-file - watch worker: send response to session manager. Response type: WatchLog
[2026-05-10T12:36:54.957] [DEBUG] debug-file - session manager: watch message received from worker 1. Type: WatchLog
[2026-05-10T12:36:54.925] [DEBUG] debug-file - watch worker: send response to session manager. Response type: WatchLog
[2026-05-10T12:36:54.958] [DEBUG] debug-file - session manager: watch message received from worker 1. Type: WatchLog
[2026-05-10T12:36:55.507] [DEBUG] debug-file - watch worker: send response to session manager. Response type: WatchResult
[2026-05-10T12:36:55.508] [DEBUG] debug-file - Ark compile finished.
[2026-05-10T12:36:55.508] [DEBUG] debug-file - session manager: watch message received from worker 1. Type: WatchResult
[2026-05-10T12:36:55.507] [DEBUG] debug-file - watch worker: send response to session manager. Response type: WatchResult
[2026-05-10T12:36:55.509] [DEBUG] debug-file - session manager: watch message received from worker 1. Type: WatchResult
[2026-05-10T12:36:55.509] [INFO] debug-file - Finished :entry:default@HotReloadArkTS... after 4 s 347 ms 
[2026-05-10T12:36:55.510] [DEBUG] debug-file - Executing task :entry:default@GeneratePkgModuleJson
[2026-05-10T12:36:55.510] [DEBUG] debug-file - File: 'E:\project\My_project\OpenHarmony\frontend\entry\build\default\intermediates\preload\default\preload.json' from 'preloadSoJsonPath' is not exists, just ignore.
[2026-05-10T12:36:55.510] [DEBUG] debug-file - Error occurs while handling @Input 'shouldDeduplicateHar': The "data" argument must be of type string or an instance of Buffer, TypedArray, or DataView. Received undefined
[2026-05-10T12:36:55.510] [DEBUG] debug-file - Task 'entry:default@GeneratePkgModuleJson' cost while wrapping incremental declarations: 1 ms 
[2026-05-10T12:36:55.511] [DEBUG] debug-file - Incremental task entry:default@GeneratePkgModuleJson pre-execution cost: 1 ms .
[2026-05-10T12:36:55.511] [DEBUG] debug-file - entry : default@GeneratePkgModuleJson cost memory 0.1068267822265625
[2026-05-10T12:36:55.511] [INFO] debug-file - UP-TO-DATE :entry:default@GeneratePkgModuleJson...  
[2026-05-10T12:36:55.511] [DEBUG] debug-file - Executing task :entry:default@ProcessCompiledResources
[2026-05-10T12:36:55.511] [DEBUG] debug-file - File: 'E:\project\My_project\OpenHarmony\frontend\entry\build\default\intermediates\preload\default\preload.json' from 'preloadSoJsonPath' is not exists, just ignore.
[2026-05-10T12:36:55.511] [DEBUG] debug-file - Task 'entry:default@ProcessCompiledResources' cost while wrapping incremental declarations: 1 ms 
[2026-05-10T12:36:55.512] [DEBUG] debug-file - entry : default@ProcessCompiledResources cost memory 0.06037139892578125
[2026-05-10T12:36:55.512] [DEBUG] debug-file - runTaskFromQueue task cost before running: 4 s 620 ms 
[2026-05-10T12:36:55.512] [INFO] debug-file - Finished :entry:default@ProcessCompiledResources... after 1 ms 
[2026-05-10T12:36:55.513] [DEBUG] debug-file - Executing task :entry:default@PackageHap
[2026-05-10T12:36:55.516] [DEBUG] debug-file - entry:default@PackageHap is not up-to-date, since the input file 'E:\project\My_project\OpenHarmony\frontend\entry\build\default\intermediates\loader_out\default\ets' has been changed.
[2026-05-10T12:36:55.516] [DEBUG] debug-file - Incremental task entry:default@PackageHap pre-execution cost: 3 ms .
[2026-05-10T12:36:55.517] [DEBUG] debug-file - Use tool [E:\Program Files\Huawei\DevEco Studio\sdk\default\openharmony\toolchains\lib\app_packing_tool.jar]
 [
  'java',
  '-Dfile.encoding=GBK',
  '-jar',
  'E:\\Program Files\\Huawei\\DevEco Studio\\sdk\\default\\openharmony\\toolchains\\lib\\app_packing_tool.jar',
  '--mode',
  'hap',
  '--force',
  'true',
  '--lib-path',
  'E:\\project\\My_project\\OpenHarmony\\frontend\\entry\\build\\default\\intermediates\\stripped_native_libs\\default',
  '--json-path',
  'E:\\project\\My_project\\OpenHarmony\\frontend\\entry\\build\\default\\intermediates\\package\\default\\module.json',
  '--resources-path',
  'E:\\project\\My_project\\OpenHarmony\\frontend\\entry\\build\\default\\intermediates\\res\\default\\resources',
  '--index-path',
  'E:\\project\\My_project\\OpenHarmony\\frontend\\entry\\build\\default\\intermediates\\res\\default\\resources.index',
  '--pack-info-path',
  'E:\\project\\My_project\\OpenHarmony\\frontend\\entry\\build\\default\\outputs\\default\\pack.info',
  '--out-path',
  'E:\\project\\My_project\\OpenHarmony\\frontend\\entry\\build\\default\\outputs\\default\\entry-default-unsigned.hap',
  '--ets-path',
  'E:\\project\\My_project\\OpenHarmony\\frontend\\entry\\build\\default\\intermediates\\loader_out\\default\\ets',
  '--pkg-sdk-info-path',
  'E:\\project\\My_project\\OpenHarmony\\frontend\\entry\\build\\default\\intermediates\\loader\\default\\pkgSdkInfo.json'
]
[2026-05-10T12:36:55.517] [DEBUG] debug-file - default@PackageHap work[1] is submitted.
[2026-05-10T12:36:55.518] [DEBUG] debug-file - default@PackageHap work[1] is pushed to ready queue.
[2026-05-10T12:36:55.518] [DEBUG] debug-file - A work dispatched to worker[15] failed because unable to get work from ready queue.
[2026-05-10T12:36:55.518] [DEBUG] debug-file - default@PackageHap work[1] has been dispatched to worker[14].
[2026-05-10T12:36:55.518] [DEBUG] debug-file - default@PackageHap work[1] is dispatched.
[2026-05-10T12:36:55.519] [DEBUG] debug-file - entry : default@PackageHap cost memory 0.7837600708007812
[2026-05-10T12:36:55.576] [DEBUG] debug-file - current process  memoryUsage: {
  rss: 683626496,
  heapTotal: 81559552,
  heapUsed: 57951456,
  external: 2581003,
  arrayBuffers: 339326
} os memoryUsage :19.937232971191406
[2026-05-10T12:36:55.869] [DEBUG] debug-file - worker[14] has one work done.
[2026-05-10T12:36:55.869] [DEBUG] debug-file - default@PackageHap work[1] done.
[2026-05-10T12:36:55.869] [DEBUG] debug-file - A work dispatched to worker[14] failed because unable to get work from ready queue.
[2026-05-10T12:36:55.869] [INFO] debug-file - Finished :entry:default@PackageHap... after 301 ms 
[2026-05-10T12:36:55.870] [DEBUG] debug-file - Executing task :entry:default@PackingCheck
[2026-05-10T12:36:55.876] [DEBUG] debug-file - entry : default@PackingCheck cost memory 0.8498611450195312
[2026-05-10T12:36:55.876] [DEBUG] debug-file - runTaskFromQueue task cost before running: 4 s 984 ms 
[2026-05-10T12:36:55.876] [INFO] debug-file - Finished :entry:default@PackingCheck... after 7 ms 
[2026-05-10T12:36:55.877] [DEBUG] debug-file - Executing task :entry:default@SignHap
[2026-05-10T12:36:55.878] [WARN] debug-file - Will skip sign 'hos_hap'. No signingConfigs profile is configured in current project.
             If needed, configure the signingConfigs in E:\project\My_project\OpenHarmony\frontend\build-profile.json5.
[2026-05-10T12:36:55.878] [DEBUG] debug-file - entry:default@SignHap is not up-to-date, since the input file 'E:\project\My_project\OpenHarmony\frontend\entry\build\default\outputs\default\entry-default-unsigned.hap' has been changed.
[2026-05-10T12:36:55.878] [DEBUG] debug-file - Incremental task entry:default@SignHap pre-execution cost: 1 ms .
[2026-05-10T12:36:55.879] [DEBUG] debug-file - entry : default@SignHap cost memory 0.09243011474609375
[2026-05-10T12:36:55.879] [DEBUG] debug-file - runTaskFromQueue task cost before running: 4 s 986 ms 
[2026-05-10T12:36:55.879] [INFO] debug-file - Finished :entry:default@SignHap... after 2 ms 
[2026-05-10T12:36:55.880] [DEBUG] debug-file - Executing task :entry:default@CollectDebugSymbol
[2026-05-10T12:36:55.880] [DEBUG] debug-file - entry : default@CollectDebugSymbol cost memory 0.09801483154296875
[2026-05-10T12:36:55.880] [DEBUG] debug-file - runTaskFromQueue task cost before running: 4 s 988 ms 
[2026-05-10T12:36:55.881] [INFO] debug-file - Finished :entry:default@CollectDebugSymbol... after 1 ms 
[2026-05-10T12:36:55.881] [DEBUG] debug-file - Executing task :entry:assembleHap
[2026-05-10T12:36:55.881] [DEBUG] debug-file - entry : assembleHap cost memory 0.0126800537109375
[2026-05-10T12:36:55.881] [DEBUG] debug-file - runTaskFromQueue task cost before running: 4 s 989 ms 
[2026-05-10T12:36:55.881] [INFO] debug-file - Finished :entry:assembleHap... after 1 ms 
[2026-05-10T12:36:55.889] [INFO] debug-file - BUILD SUCCESSFUL in 4 s 997 ms 
[2026-05-10T12:36:55.890] [DEBUG] debug-file - Update task entry:default@PreBuild input file:E:\project\My_project\OpenHarmony\frontend\AppScope\app.json5 cache by regenerate.
[2026-05-10T12:36:55.890] [DEBUG] debug-file - Update task entry:default@PreBuild input file:E:\project\My_project\OpenHarmony\frontend\entry\src\main\module.json5 cache by regenerate.
[2026-05-10T12:36:55.890] [DEBUG] debug-file - Update task entry:default@PreBuild input file:E:\project\My_project\OpenHarmony\frontend\build-profile.json5 cache by regenerate.
[2026-05-10T12:36:55.890] [DEBUG] debug-file - Update task entry:default@PreBuild input file:E:\project\My_project\OpenHarmony\frontend\entry\build-profile.json5 cache by regenerate.
[2026-05-10T12:36:55.891] [DEBUG] debug-file - Update task entry:default@PreBuild input file:E:\project\My_project\OpenHarmony\frontend\entry\src\main\resources\base\profile\main_pages.json cache by regenerate.
[2026-05-10T12:36:55.891] [DEBUG] debug-file - Update task entry:default@PreBuild input file:E:\project\My_project\OpenHarmony\frontend\hvigor\hvigor-config.json5 cache by regenerate.
[2026-05-10T12:36:55.891] [DEBUG] debug-file - Update task entry:default@PreBuild input file:E:\project\My_project\OpenHarmony\frontend\entry\oh-package.json5 cache by regenerate.
[2026-05-10T12:36:55.891] [DEBUG] debug-file - Update task entry:default@PreBuild input file:E:\project\My_project\OpenHarmony\frontend\oh-package.json5 cache by regenerate.
[2026-05-10T12:36:55.891] [DEBUG] debug-file - Incremental task entry:default@PreBuild post-execution cost:2 ms .
[2026-05-10T12:36:55.891] [DEBUG] debug-file - Update task entry:default@CreateModuleInfo output file:E:\project\My_project\OpenHarmony\frontend\entry\build\default\generated\profile\default\ModuleInfo.ts cache.
[2026-05-10T12:36:55.891] [DEBUG] debug-file - Incremental task entry:default@CreateModuleInfo post-execution cost:1 ms .
[2026-05-10T12:36:55.891] [DEBUG] debug-file - There is no need to refresh cache, since the incremental task entry:default@GenerateMetadata is up-to-date.
[2026-05-10T12:36:55.891] [DEBUG] debug-file - There is no need to refresh cache, since the incremental task entry:default@MergeProfile is up-to-date.
[2026-05-10T12:36:55.891] [DEBUG] debug-file - There is no need to refresh cache, since the incremental task entry:default@CreateBuildProfile is up-to-date.
[2026-05-10T12:36:55.891] [DEBUG] debug-file - Update task entry:default@GeneratePkgContextInfo output file:E:\project\My_project\OpenHarmony\frontend\entry\build\default\intermediates\loader\default\pkgContextInfo.json cache.
[2026-05-10T12:36:55.891] [DEBUG] debug-file - Incremental task entry:default@GeneratePkgContextInfo post-execution cost:1 ms .
[2026-05-10T12:36:55.891] [DEBUG] debug-file - There is no need to refresh cache, since the incremental task entry:default@GeneratePkgSdkInfo is up-to-date.
[2026-05-10T12:36:55.891] [DEBUG] debug-file - Update task entry:default@ProcessIntegratedHsp output file:E:\project\My_project\OpenHarmony\frontend\build\cache\default\integrated_hsp\integratedHspCache.json cache.
[2026-05-10T12:36:55.891] [DEBUG] debug-file - Incremental task entry:default@ProcessIntegratedHsp post-execution cost:1 ms .
[2026-05-10T12:36:55.891] [DEBUG] debug-file - There is no need to refresh cache, since the incremental task entry:default@MakePackInfo is up-to-date.
[2026-05-10T12:36:55.891] [DEBUG] debug-file - Update task entry:default@SyscapTransform input file:E:\Program Files\Huawei\DevEco Studio\sdk\default\openharmony\toolchains\syscap_tool.exe cache by regenerate.
[2026-05-10T12:36:55.892] [DEBUG] debug-file - Update task entry:default@SyscapTransform input file:E:\Program Files\Huawei\DevEco Studio\sdk\default\openharmony\ets\api\device-define cache by regenerate.
[2026-05-10T12:36:55.892] [DEBUG] debug-file - Update task entry:default@SyscapTransform output file:E:\project\My_project\OpenHarmony\frontend\entry\build\default\intermediates\syscap\default\rpcid.sc cache.
[2026-05-10T12:36:55.892] [DEBUG] debug-file - Incremental task entry:default@SyscapTransform post-execution cost:1 ms .
[2026-05-10T12:36:55.893] [DEBUG] debug-file - There is no need to refresh cache, since the incremental task entry:default@ProcessProfile is up-to-date.
[2026-05-10T12:36:55.893] [DEBUG] debug-file - There is no need to refresh cache, since the incremental task entry:default@ProcessRouterMap is up-to-date.
[2026-05-10T12:36:55.893] [DEBUG] debug-file - There is no need to refresh cache, since the incremental task entry:default@ProcessShareConfig is up-to-date.
[2026-05-10T12:36:55.893] [DEBUG] debug-file - Update task entry:default@ProcessStartupConfig output file:E:\project\My_project\OpenHarmony\frontend\entry\build\default\intermediates\startup\default\startup_config.json cache.
[2026-05-10T12:36:55.893] [DEBUG] debug-file - Incremental task entry:default@ProcessStartupConfig post-execution cost:1 ms .
[2026-05-10T12:36:55.893] [DEBUG] debug-file - There is no need to refresh cache, since the incremental task entry:default@ProcessResource is up-to-date.
[2026-05-10T12:36:55.893] [DEBUG] debug-file - Update task entry:default@GenerateLoaderJson input file:E:\project\My_project\OpenHarmony\frontend\entry\build\default\intermediates\router_map\default\temp-router-map.json cache by regenerate.
[2026-05-10T12:36:55.893] [DEBUG] debug-file - Update task entry:default@GenerateLoaderJson output file:E:\project\My_project\OpenHarmony\frontend\entry\build\default\intermediates\loader\default\loader.json cache.
[2026-05-10T12:36:55.893] [DEBUG] debug-file - Incremental task entry:default@GenerateLoaderJson post-execution cost:1 ms .
[2026-05-10T12:36:55.893] [DEBUG] debug-file - There is no need to refresh cache, since the incremental task entry:default@ProcessLibs is up-to-date.
[2026-05-10T12:36:55.894] [DEBUG] debug-file - There is no need to refresh cache, since the incremental task entry:default@CompileResource is up-to-date.
[2026-05-10T12:36:55.894] [DEBUG] debug-file - There is no need to refresh cache, since the incremental task entry:default@DoNativeStrip is up-to-date.
[2026-05-10T12:36:55.894] [DEBUG] debug-file - Update task entry:default@BuildJS input file:E:\project\My_project\OpenHarmony\frontend\entry\build\default\intermediates\loader\default cache by regenerate.
[2026-05-10T12:36:55.894] [DEBUG] debug-file - Update task entry:default@BuildJS input file:E:\project\My_project\OpenHarmony\frontend\entry\build\default\intermediates\res\default\resources\rawfile cache by regenerate.
[2026-05-10T12:36:55.894] [DEBUG] debug-file - Update task entry:default@BuildJS input file:E:\project\My_project\OpenHarmony\frontend\entry\build\default\intermediates\res\default\ResourceTable.txt cache by regenerate.
[2026-05-10T12:36:55.894] [DEBUG] debug-file - Update task entry:default@BuildJS input file:E:\project\My_project\OpenHarmony\frontend\entry\build\default\intermediates\res\default\ark_module.json cache by regenerate.
[2026-05-10T12:36:55.894] [DEBUG] debug-file - Update task entry:default@BuildJS input file:E:\project\My_project\OpenHarmony\frontend\entry\build\default\intermediates\res\default\resources\base\profile cache by regenerate.
[2026-05-10T12:36:55.894] [DEBUG] debug-file - Update task entry:default@BuildJS output file:E:\project\My_project\OpenHarmony\frontend\entry\build\default\intermediates\loader_out\default\js cache.
[2026-05-10T12:36:55.895] [DEBUG] debug-file - Incremental task entry:default@BuildJS post-execution cost:1 ms .
[2026-05-10T12:36:55.895] [DEBUG] debug-file - Update task entry:default@CacheNativeLibs input file:E:\project\My_project\OpenHarmony\frontend\entry\build\default\intermediates\stripped_native_libs\default cache by regenerate.
[2026-05-10T12:36:55.895] [DEBUG] debug-file - Update task entry:default@CacheNativeLibs input file:E:\project\My_project\OpenHarmony\frontend\entry\build\default\intermediates\libs\default cache by regenerate.
[2026-05-10T12:36:55.895] [DEBUG] debug-file - Update task entry:default@CacheNativeLibs output file:E:\project\My_project\OpenHarmony\frontend\entry\build\default\intermediates\patch\default\base_native_libs.json cache.
[2026-05-10T12:36:55.895] [DEBUG] debug-file - Update task entry:default@CacheNativeLibs output file:E:\project\My_project\OpenHarmony\frontend\entry\build\default\intermediates\patch\default\binxo_native_libs.json cache.
[2026-05-10T12:36:55.895] [DEBUG] debug-file - Incremental task entry:default@CacheNativeLibs post-execution cost:1 ms .
[2026-05-10T12:36:55.895] [DEBUG] debug-file - Update task entry:default@HotReloadArkTS input file:E:\project\My_project\OpenHarmony\frontend\entry\build\default\intermediates\loader\default cache from map.
[2026-05-10T12:36:55.895] [DEBUG] debug-file - Update task entry:default@HotReloadArkTS input file:E:\project\My_project\OpenHarmony\frontend\entry\build\default\intermediates\res\default\resources\rawfile cache by regenerate.
[2026-05-10T12:36:55.896] [DEBUG] debug-file - Update task entry:default@HotReloadArkTS input file:E:\project\My_project\OpenHarmony\frontend\entry\build\default\intermediates\res\default\ResourceTable.txt cache by regenerate.
[2026-05-10T12:36:55.896] [DEBUG] debug-file - Update task entry:default@HotReloadArkTS input file:E:\project\My_project\OpenHarmony\frontend\entry\build\default\intermediates\res\default\ark_module.json cache by regenerate.
[2026-05-10T12:36:55.896] [DEBUG] debug-file - Update task entry:default@HotReloadArkTS input file:E:\project\My_project\OpenHarmony\frontend\entry\build\default\intermediates\res\default\resources\base\profile cache by regenerate.
[2026-05-10T12:36:55.896] [DEBUG] debug-file - Update task entry:default@HotReloadArkTS input file:E:\project\My_project\OpenHarmony\frontend\entry\src\main\ets cache by regenerate.
[2026-05-10T12:36:55.898] [DEBUG] debug-file - Update task entry:default@HotReloadArkTS input file:E:\project\My_project\OpenHarmony\frontend\entry\build\default\generated\profile\default\BuildProfile.ets cache by regenerate.
[2026-05-10T12:36:55.898] [DEBUG] debug-file - Update task entry:default@HotReloadArkTS output file:E:\project\My_project\OpenHarmony\frontend\entry\build\default\intermediates\loader_out\default\ets cache.
[2026-05-10T12:36:55.898] [DEBUG] debug-file - Incremental task entry:default@HotReloadArkTS post-execution cost:4 ms .
[2026-05-10T12:36:55.898] [DEBUG] debug-file - There is no need to refresh cache, since the incremental task entry:default@GeneratePkgModuleJson is up-to-date.
[2026-05-10T12:36:55.898] [DEBUG] debug-file - Incremental task entry:default@ProcessCompiledResources post-execution cost:1 ms .
[2026-05-10T12:36:55.898] [DEBUG] debug-file - Update task entry:default@PackageHap input file:E:\project\My_project\OpenHarmony\frontend\entry\build\default\intermediates\stripped_native_libs\default cache by regenerate.
[2026-05-10T12:36:55.898] [DEBUG] debug-file - Update task entry:default@PackageHap input file:E:\project\My_project\OpenHarmony\frontend\entry\build\default\intermediates\res\default\module.json cache by regenerate.
[2026-05-10T12:36:55.899] [DEBUG] debug-file - Update task entry:default@PackageHap input file:E:\project\My_project\OpenHarmony\frontend\entry\build\default\intermediates\res\default\resources cache by regenerate.
[2026-05-10T12:36:55.899] [DEBUG] debug-file - Update task entry:default@PackageHap input file:E:\project\My_project\OpenHarmony\frontend\entry\build\default\intermediates\res\default\resources.index cache by regenerate.
[2026-05-10T12:36:55.899] [DEBUG] debug-file - Update task entry:default@PackageHap input file:E:\project\My_project\OpenHarmony\frontend\entry\build\default\outputs\default\pack.info cache by regenerate.
[2026-05-10T12:36:55.899] [DEBUG] debug-file - Update task entry:default@PackageHap input file:E:\project\My_project\OpenHarmony\frontend\entry\build\default\intermediates\loader_out\default\ets cache from map.
[2026-05-10T12:36:55.899] [DEBUG] debug-file - Update task entry:default@PackageHap input file:E:\project\My_project\OpenHarmony\frontend\entry\build\default\intermediates\loader\default\pkgSdkInfo.json cache by regenerate.
[2026-05-10T12:36:55.900] [DEBUG] debug-file - Update task entry:default@PackageHap input file:E:\project\My_project\OpenHarmony\frontend\entry\build\default\intermediates\loader_out\default\ets\sourceMaps.map cache by regenerate.
[2026-05-10T12:36:55.900] [DEBUG] debug-file - Update task entry:default@PackageHap input file:E:\project\My_project\OpenHarmony\frontend\entry\build\default\generated\profile\default\BuildProfile.ets cache by regenerate.
[2026-05-10T12:36:55.900] [DEBUG] debug-file - Update task entry:default@PackageHap output file:E:\project\My_project\OpenHarmony\frontend\entry\build\default\outputs\default\entry-default-unsigned.hap cache.
[2026-05-10T12:36:55.900] [DEBUG] debug-file - Update task entry:default@PackageHap output file:E:\project\My_project\OpenHarmony\frontend\entry\build\default\intermediates\source_map\default\sourceMaps.map cache.
[2026-05-10T12:36:55.900] [DEBUG] debug-file - Update task entry:default@PackageHap output file:E:\project\My_project\OpenHarmony\frontend\entry\build\default\outputs\default\mapping\sourceMaps.map cache.
[2026-05-10T12:36:55.900] [DEBUG] debug-file - Incremental task entry:default@PackageHap post-execution cost:2 ms .
[2026-05-10T12:36:55.900] [DEBUG] debug-file - Update task entry:default@SignHap input file:E:\project\My_project\OpenHarmony\frontend\entry\build\default\outputs\default\entry-default-unsigned.hap cache from map.
[2026-05-10T12:36:55.900] [DEBUG] debug-file - Update task entry:default@SignHap output file:E:\project\My_project\OpenHarmony\frontend\entry\build\default\outputs\default\entry-default-signed.hap cache.
[2026-05-10T12:36:55.900] [DEBUG] debug-file - Incremental task entry:default@SignHap post-execution cost:1 ms .
[2026-05-10T12:36:55.900] [DEBUG] debug-file - Update task entry:default@CollectDebugSymbol input file:E:\project\My_project\OpenHarmony\frontend\entry\build\default\intermediates\loader_out\default\ets\sourceMaps.map cache by regenerate.
[2026-05-10T12:36:55.900] [DEBUG] debug-file - Update task entry:default@CollectDebugSymbol input file:E:\project\My_project\OpenHarmony\frontend\entry\build\default\intermediates\libs\default cache by regenerate.
[2026-05-10T12:36:55.900] [DEBUG] debug-file - Update task entry:default@CollectDebugSymbol output file:E:\project\My_project\OpenHarmony\frontend\entry\build\default\outputs\default\symbol cache.
[2026-05-10T12:36:55.900] [DEBUG] debug-file - Incremental task entry:default@CollectDebugSymbol post-execution cost:1 ms .
[2026-05-10T12:36:55.914] [DEBUG] debug-file - Cleanup worker 14.
[2026-05-10T12:36:55.914] [DEBUG] debug-file - Worker 14 has been cleaned up.
[2026-05-10T12:36:55.915] [DEBUG] debug-file - Current idle worker size: 0.
[2026-05-10T12:36:55.915] [DEBUG] debug-file - Current resident worker size: 1.
[2026-05-10T12:36:55.915] [DEBUG] debug-file - hvigor build process will be closed.
[2026-05-10T12:36:55.921] [DEBUG] debug-file - worker[14] exits with exit code 1.
[2026-05-10T12:37:05.046] [DEBUG] debug-file - session manager: send message to worker process.
[2026-05-10T12:37:05.046] [DEBUG] debug-file - session manager: send message to worker process.
[2026-05-10T12:37:05.105] [DEBUG] debug-file - watch worker: worker is ready to be terminated.
[2026-05-10T12:37:05.105] [DEBUG] debug-file - Server currently has 0 watch-worker
[2026-05-10T12:37:06.449] [DEBUG] debug-file - session manager: set active socket. socketId=PhEqiLhowy4-9GtBAAAF
[2026-05-10T12:37:06.454] [DEBUG] debug-file - watch worker: worker id should be larger than 0. Nothing will be sent to any worker thread.
[2026-05-10T12:37:06.455] [DEBUG] debug-file - Workers' log level updated to INFO
[2026-05-10T12:37:06.457] [DEBUG] debug-file - Hvigor init with startParameters:{
  hvigorfileTypeCheck: false,
  parallelExecution: true,
  incrementalExecution: true,
  printStackTrace: false,
  daemon: true,
  analyze: 0,
  logLevel: Level { level: 20000, levelStr: 'INFO', colour: 'green' },
  optimizationStrategy: 'memory',
  hotCompile: undefined,
  hotReloadBuild: true,
  customizedParam: undefined
}
[2026-05-10T12:37:06.460] [DEBUG] debug-file - Cache service initialization finished in 4 ms 
[2026-05-10T12:37:06.461] [DEBUG] debug-file - hvigorfile, resolving E:\project\My_project\OpenHarmony\frontend\hvigorfile.ts
[2026-05-10T12:37:06.465] [DEBUG] debug-file - hvigorfile, require result:  { default: { plugins: [] } }
[2026-05-10T12:37:06.465] [DEBUG] debug-file - hvigorfile, binding system plugins null
[2026-05-10T12:37:06.466] [DEBUG] debug-file - Starting plugin build process
[2026-05-10T12:37:06.466] [DEBUG] debug-file - App plugin prepare start...
[2026-05-10T12:37:06.466] [DEBUG] debug-file - App plugin prepare end...
[2026-05-10T12:37:06.466] [DEBUG] debug-file - App plugin creating...
[2026-05-10T12:37:06.468] [DEBUG] debug-file - App plugin register hook start...
[2026-05-10T12:37:06.468] [DEBUG] debug-file - App plugin register hook end...
[2026-05-10T12:37:06.468] [DEBUG] debug-file - Plugin build process completed
[2026-05-10T12:37:06.469] [DEBUG] debug-file - Start initialize project's product build option map with build mode debug.
[2026-05-10T12:37:06.469] [DEBUG] debug-file - Picking option from product 'default' with build mode 'debug'.
[2026-05-10T12:37:06.469] [DEBUG] debug-file - Product 'default' build option initialized
[2026-05-10T12:37:06.469] [DEBUG] debug-file - End initialize project's product build option map with build mode 'debug'.
[2026-05-10T12:37:06.469] [DEBUG] debug-file - Obtain build option for product 'default'in this build.
[2026-05-10T12:37:06.470] [DEBUG] debug-file - No signingConfig found, initRemoteHspCache failed.
[2026-05-10T12:37:06.471] [DEBUG] debug-file - Start recording SDK configuration permission data.
[2026-05-10T12:37:06.488] [DEBUG] debug-file - Sdk init in 19 ms 
[2026-05-10T12:37:06.490] [DEBUG] debug-file - Project task initialization takes 2 ms 
[2026-05-10T12:37:06.490] [DEBUG] debug-file - hvigorfile, begin to bind custom plugins...
[2026-05-10T12:37:06.490] [DEBUG] debug-file - hvigorfile, no custom plugins were found in E:\project\My_project\OpenHarmony\frontend\hvigorfile.ts
[2026-05-10T12:37:06.490] [DEBUG] debug-file - hvigorfile, resolve finished E:\project\My_project\OpenHarmony\frontend\hvigorfile.ts
[2026-05-10T12:37:06.490] [DEBUG] debug-file - hvigorfile, resolving E:\project\My_project\OpenHarmony\frontend\entry\hvigorfile.ts
[2026-05-10T12:37:06.492] [DEBUG] debug-file - hvigorfile, require result:  { default: { plugins: [] } }
[2026-05-10T12:37:06.492] [DEBUG] debug-file - hvigorfile, binding system plugins null
[2026-05-10T12:37:06.492] [DEBUG] debug-file - Starting plugin build process
[2026-05-10T12:37:06.492] [DEBUG] debug-file - Hap plugin creating...
[2026-05-10T12:37:06.493] [DEBUG] debug-file - failed to load cangjie to dynamically generate schemas: Error: Cannot find module '@ohos/cangjie-build-support/index'
Require stack:
- E:\Program Files\Huawei\DevEco Studio\tools\hvigor\hvigor-ohos-plugin\src\plugin\hooks\cangjie-register.js
- E:\Program Files\Huawei\DevEco Studio\tools\hvigor\hvigor-ohos-plugin\src\plugin\strategy\stage-init-strategy.js
- E:\Program Files\Huawei\DevEco Studio\tools\hvigor\hvigor-ohos-plugin\src\plugin\builder\abstract-plugin-builder.js
- E:\Program Files\Huawei\DevEco Studio\tools\hvigor\hvigor-ohos-plugin\src\plugin\builder\app-plugin-builder.js
- E:\Program Files\Huawei\DevEco Studio\tools\hvigor\hvigor-ohos-plugin\src\plugin\factory\plugin-factory.js
- E:\Program Files\Huawei\DevEco Studio\tools\hvigor\hvigor-ohos-plugin\index.js
- E:\project\My_project\OpenHarmony\frontend\hvigorfile.ts
- E:\Program Files\Huawei\DevEco Studio\tools\hvigor\hvigor\src\base\internal\lifecycle\configuration.js
- E:\Program Files\Huawei\DevEco Studio\tools\hvigor\hvigor\src\base\boot\index.js
- E:\Program Files\Huawei\DevEco Studio\tools\hvigor\hvigor\src\base\daemon\cluster\worker-process-lifecycle.js
- E:\Program Files\Huawei\DevEco Studio\tools\hvigor\hvigor\src\base\daemon\process\daemon-process-boot-script.js
[2026-05-10T12:37:06.496] [DEBUG] debug-file - Start initialize module-target build option map, moduleName=entry, buildMode=debug
[2026-05-10T12:37:06.496] [DEBUG] debug-file - Target 'default' config initialized
[2026-05-10T12:37:06.496] [DEBUG] debug-file - Module 'entry' target 'default' build option initialized
[2026-05-10T12:37:06.496] [DEBUG] debug-file - End initialize module-target build option map, moduleName=entry
[2026-05-10T12:37:06.496] [DEBUG] debug-file - Start initialize module-target build option map, moduleName=entry, buildMode=release
[2026-05-10T12:37:06.497] [DEBUG] debug-file - Target 'default' config initialized
[2026-05-10T12:37:06.497] [DEBUG] debug-file - Module 'entry' target 'default' build option initialized
[2026-05-10T12:37:06.497] [DEBUG] debug-file - End initialize module-target build option map, moduleName=entry
[2026-05-10T12:37:06.497] [DEBUG] debug-file - Start initialize module-target build option map, moduleName=entry, buildMode=debug
[2026-05-10T12:37:06.497] [DEBUG] debug-file - Target 'default' config initialized
[2026-05-10T12:37:06.497] [DEBUG] debug-file - Module 'entry' target 'default' build option initialized
[2026-05-10T12:37:06.497] [DEBUG] debug-file - End initialize module-target build option map, moduleName=entry
[2026-05-10T12:37:06.497] [DEBUG] debug-file - Obtain build option for module 'entry' target 'default'in this build.
[2026-05-10T12:37:06.498] [DEBUG] debug-file - Module entry task initialization takes 1 ms 
[2026-05-10T12:37:06.498] [DEBUG] debug-file - Hap plugin register hook start...
[2026-05-10T12:37:06.498] [DEBUG] debug-file - Hap plugin register hook end...
[2026-05-10T12:37:06.498] [DEBUG] debug-file - Plugin build process completed
[2026-05-10T12:37:06.498] [DEBUG] debug-file - hvigorfile, begin to bind custom plugins...
[2026-05-10T12:37:06.498] [DEBUG] debug-file - hvigorfile, no custom plugins were found in E:\project\My_project\OpenHarmony\frontend\entry\hvigorfile.ts
[2026-05-10T12:37:06.498] [DEBUG] debug-file - hvigorfile, resolve finished E:\project\My_project\OpenHarmony\frontend\entry\hvigorfile.ts
[2026-05-10T12:37:06.510] [DEBUG] debug-file - hvigorfile, resolve hvigorfile dependencies in 12 ms 
[2026-05-10T12:37:06.510] [DEBUG] debug-file - project has submodules:entry
[2026-05-10T12:37:06.510] [DEBUG] debug-file - start to load updatedOhPackageInfo to the disk
[2026-05-10T12:37:06.511] [DEBUG] debug-file - load to the disk finished
[2026-05-10T12:37:06.511] [DEBUG] debug-file - Start to initialize dependency information.
[2026-05-10T12:37:06.511] [DEBUG] debug-file - Module frontend Collected Dependency: 
[2026-05-10T12:37:06.511] [DEBUG] debug-file - Module frontend's total dependency: 0
[2026-05-10T12:37:06.512] [DEBUG] debug-file - Start to initialize dependency information.
[2026-05-10T12:37:06.513] [DEBUG] debug-file - Module entry Collected Dependency: 
[2026-05-10T12:37:06.513] [DEBUG] debug-file - Module entry's total dependency: 0
[2026-05-10T12:37:06.513] [DEBUG] debug-file - Configuration phase cost:53 ms 
[2026-05-10T12:37:06.514] [DEBUG] debug-file - Configuration task cost before running: 59 ms 
[2026-05-10T12:37:06.516] [DEBUG] debug-file - Executing task :entry:default@PreBuild
[2026-05-10T12:37:06.517] [DEBUG] debug-file - Task 'entry:default@PreBuild' cost while wrapping incremental declarations: 1 ms 
[2026-05-10T12:37:06.519] [DEBUG] debug-file - Incremental task entry:default@PreBuild pre-execution cost: 2 ms .
[2026-05-10T12:37:06.519] [DEBUG] debug-file - entry : default@PreBuild cost memory 0.6034393310546875
[2026-05-10T12:37:06.520] [INFO] debug-file - UP-TO-DATE :entry:default@PreBuild...  
[2026-05-10T12:37:06.521] [DEBUG] debug-file - Executing task :entry:default@CreateModuleInfo
[2026-05-10T12:37:06.521] [DEBUG] debug-file - Task 'entry:default@CreateModuleInfo' cost while wrapping incremental declarations: 1 ms 
[2026-05-10T12:37:06.521] [DEBUG] debug-file - entry : default@CreateModuleInfo cost memory 0.042236328125
[2026-05-10T12:37:06.521] [DEBUG] debug-file - runTaskFromQueue task cost before running: 66 ms 
[2026-05-10T12:37:06.521] [INFO] debug-file - Finished :entry:default@CreateModuleInfo... after 1 ms 
[2026-05-10T12:37:06.522] [DEBUG] debug-file - Executing task :entry:default@GenerateMetadata
[2026-05-10T12:37:06.522] [DEBUG] debug-file - Task 'entry:default@GenerateMetadata' cost while wrapping incremental declarations: 1 ms 
[2026-05-10T12:37:06.523] [DEBUG] debug-file - Incremental task entry:default@GenerateMetadata pre-execution cost: 1 ms .
[2026-05-10T12:37:06.523] [DEBUG] debug-file - entry : default@GenerateMetadata cost memory 0.08684539794921875
[2026-05-10T12:37:06.523] [INFO] debug-file - UP-TO-DATE :entry:default@GenerateMetadata...  
[2026-05-10T12:37:06.523] [DEBUG] debug-file - Executing task :entry:default@ConfigureCmake
[2026-05-10T12:37:06.523] [DEBUG] debug-file - entry : default@ConfigureCmake cost memory 0.01454925537109375
[2026-05-10T12:37:06.523] [DEBUG] debug-file - runTaskFromQueue task cost before running: 68 ms 
[2026-05-10T12:37:06.523] [INFO] debug-file - Finished :entry:default@ConfigureCmake... after 1 ms 
[2026-05-10T12:37:06.524] [DEBUG] debug-file - Executing task :entry:default@MergeProfile
[2026-05-10T12:37:06.524] [DEBUG] debug-file - Task 'entry:default@MergeProfile' cost while wrapping incremental declarations: 1 ms 
[2026-05-10T12:37:06.525] [DEBUG] debug-file - Incremental task entry:default@MergeProfile pre-execution cost: 1 ms .
[2026-05-10T12:37:06.525] [DEBUG] debug-file - entry : default@MergeProfile cost memory 0.12888336181640625
[2026-05-10T12:37:06.525] [INFO] debug-file - UP-TO-DATE :entry:default@MergeProfile...  
[2026-05-10T12:37:06.525] [DEBUG] debug-file - Executing task :entry:default@CreateBuildProfile
[2026-05-10T12:37:06.525] [DEBUG] debug-file - Task 'entry:default@CreateBuildProfile' cost while wrapping incremental declarations: 1 ms 
[2026-05-10T12:37:06.526] [DEBUG] debug-file - Incremental task entry:default@CreateBuildProfile pre-execution cost: 1 ms .
[2026-05-10T12:37:06.526] [DEBUG] debug-file - entry : default@CreateBuildProfile cost memory 0.10898590087890625
[2026-05-10T12:37:06.526] [INFO] debug-file - UP-TO-DATE :entry:default@CreateBuildProfile...  
[2026-05-10T12:37:06.527] [DEBUG] debug-file - Executing task :entry:default@PreCheckSyscap
[2026-05-10T12:37:06.527] [DEBUG] debug-file - entry : default@PreCheckSyscap cost memory 0.01474761962890625
[2026-05-10T12:37:06.527] [DEBUG] debug-file - runTaskFromQueue task cost before running: 72 ms 
[2026-05-10T12:37:06.527] [INFO] debug-file - Finished :entry:default@PreCheckSyscap... after 1 ms 
[2026-05-10T12:37:06.527] [DEBUG] debug-file - Executing task :entry:default@GeneratePkgContextInfo
[2026-05-10T12:37:06.530] [DEBUG] debug-file - Task 'entry:default@GeneratePkgContextInfo' cost while wrapping incremental declarations: 1 ms 
[2026-05-10T12:37:06.530] [DEBUG] debug-file - entry : default@GeneratePkgContextInfo cost memory 0.47582244873046875
[2026-05-10T12:37:06.530] [DEBUG] debug-file - runTaskFromQueue task cost before running: 75 ms 
[2026-05-10T12:37:06.530] [INFO] debug-file - Finished :entry:default@GeneratePkgContextInfo... after 3 ms 
[2026-05-10T12:37:06.530] [DEBUG] debug-file - Executing task :entry:default@GeneratePkgSdkInfo
[2026-05-10T12:37:06.531] [DEBUG] debug-file - Task 'entry:default@GeneratePkgSdkInfo' cost while wrapping incremental declarations: 1 ms 
[2026-05-10T12:37:06.532] [DEBUG] debug-file - Incremental task entry:default@GeneratePkgSdkInfo pre-execution cost: 1 ms .
[2026-05-10T12:37:06.532] [DEBUG] debug-file - entry : default@GeneratePkgSdkInfo cost memory 0.13857269287109375
[2026-05-10T12:37:06.532] [INFO] debug-file - UP-TO-DATE :entry:default@GeneratePkgSdkInfo...  
[2026-05-10T12:37:06.533] [DEBUG] debug-file - Executing task :entry:default@ProcessIntegratedHsp
[2026-05-10T12:37:06.534] [DEBUG] debug-file - entry:default@ProcessIntegratedHsp is not up-to-date, since the output file 'E:\project\My_project\OpenHarmony\frontend\build\cache\default\integrated_hsp\integratedHspCache.json' does not exist.
[2026-05-10T12:37:06.534] [DEBUG] debug-file - Incremental task entry:default@ProcessIntegratedHsp pre-execution cost: 1 ms .
[2026-05-10T12:37:06.534] [DEBUG] debug-file - entry : default@ProcessIntegratedHsp cost memory 0.05869293212890625
[2026-05-10T12:37:06.534] [DEBUG] debug-file - runTaskFromQueue task cost before running: 79 ms 
[2026-05-10T12:37:06.534] [INFO] debug-file - Finished :entry:default@ProcessIntegratedHsp... after 1 ms 
[2026-05-10T12:37:06.535] [DEBUG] debug-file - Executing task :entry:default@BuildNativeWithCmake
[2026-05-10T12:37:06.536] [DEBUG] debug-file - entry : default@BuildNativeWithCmake cost memory 0.0146026611328125
[2026-05-10T12:37:06.536] [DEBUG] debug-file - runTaskFromQueue task cost before running: 81 ms 
[2026-05-10T12:37:06.536] [INFO] debug-file - Finished :entry:default@BuildNativeWithCmake... after 1 ms 
[2026-05-10T12:37:06.536] [DEBUG] debug-file - Executing task :entry:default@MakePackInfo
[2026-05-10T12:37:06.537] [DEBUG] debug-file - Incremental task entry:default@MakePackInfo pre-execution cost: 1 ms .
[2026-05-10T12:37:06.537] [DEBUG] debug-file - entry : default@MakePackInfo cost memory 0.1120147705078125
[2026-05-10T12:37:06.537] [INFO] debug-file - UP-TO-DATE :entry:default@MakePackInfo...  
[2026-05-10T12:37:06.538] [DEBUG] debug-file - Executing task :entry:default@SyscapTransform
[2026-05-10T12:37:06.538] [DEBUG] debug-file - File: 'E:\project\My_project\OpenHarmony\frontend\entry\src\main\syscap.json' from 'sysCapJsonPath' is not exists, just ignore.
[2026-05-10T12:37:06.538] [DEBUG] debug-file - Task 'entry:default@SyscapTransform' cost while wrapping incremental declarations: 1 ms 
[2026-05-10T12:37:06.539] [DEBUG] debug-file - entry:default@SyscapTransform is not up-to-date, since the output file 'E:\project\My_project\OpenHarmony\frontend\entry\build\default\intermediates\syscap\default\rpcid.sc' does not exist.
[2026-05-10T12:37:06.539] [DEBUG] debug-file - Incremental task entry:default@SyscapTransform pre-execution cost: 1 ms .
[2026-05-10T12:37:06.539] [DEBUG] debug-file - entry : default@SyscapTransform cost memory 0.1595611572265625
[2026-05-10T12:37:06.539] [DEBUG] debug-file - runTaskFromQueue task cost before running: 84 ms 
[2026-05-10T12:37:06.539] [INFO] debug-file - Finished :entry:default@SyscapTransform... after 1 ms 
[2026-05-10T12:37:06.539] [DEBUG] debug-file - Executing task :entry:default@ProcessProfile
[2026-05-10T12:37:06.540] [DEBUG] debug-file - Task 'entry:default@ProcessProfile' cost while wrapping incremental declarations: 1 ms 
[2026-05-10T12:37:06.540] [DEBUG] debug-file - Incremental task entry:default@ProcessProfile pre-execution cost: 1 ms .
[2026-05-10T12:37:06.540] [DEBUG] debug-file - entry : default@ProcessProfile cost memory 0.1320343017578125
[2026-05-10T12:37:06.540] [INFO] debug-file - UP-TO-DATE :entry:default@ProcessProfile...  
[2026-05-10T12:37:06.541] [DEBUG] debug-file - Executing task :entry:default@ProcessRouterMap
[2026-05-10T12:37:06.542] [DEBUG] debug-file - Incremental task entry:default@ProcessRouterMap pre-execution cost: 2 ms .
[2026-05-10T12:37:06.542] [DEBUG] debug-file - entry : default@ProcessRouterMap cost memory -3.2309722900390625
[2026-05-10T12:37:06.543] [INFO] debug-file - UP-TO-DATE :entry:default@ProcessRouterMap...  
[2026-05-10T12:37:06.543] [DEBUG] debug-file - Executing task :entry:default@ProcessShareConfig
[2026-05-10T12:37:06.544] [DEBUG] debug-file - Incremental task entry:default@ProcessShareConfig pre-execution cost: 1 ms .
[2026-05-10T12:37:06.544] [DEBUG] debug-file - entry : default@ProcessShareConfig cost memory 0.1159820556640625
[2026-05-10T12:37:06.544] [INFO] debug-file - UP-TO-DATE :entry:default@ProcessShareConfig...  
[2026-05-10T12:37:06.545] [DEBUG] debug-file - Executing task :entry:default@ProcessStartupConfig
[2026-05-10T12:37:06.545] [DEBUG] debug-file - Task 'entry:default@ProcessStartupConfig' cost while wrapping incremental declarations: 1 ms 
[2026-05-10T12:37:06.545] [DEBUG] debug-file - entry:default@ProcessStartupConfig is not up-to-date, since the output file 'E:\project\My_project\OpenHarmony\frontend\entry\build\default\intermediates\startup\default\startup_config.json' does not exist.
[2026-05-10T12:37:06.545] [DEBUG] debug-file - Incremental task entry:default@ProcessStartupConfig pre-execution cost: 1 ms .
[2026-05-10T12:37:06.545] [DEBUG] debug-file - entry : default@ProcessStartupConfig cost memory 0.09729766845703125
[2026-05-10T12:37:06.545] [DEBUG] debug-file - runTaskFromQueue task cost before running: 90 ms 
[2026-05-10T12:37:06.545] [INFO] debug-file - Finished :entry:default@ProcessStartupConfig... after 1 ms 
[2026-05-10T12:37:06.546] [DEBUG] debug-file - Executing task :entry:default@BuildNativeWithNinja
[2026-05-10T12:37:06.546] [DEBUG] debug-file - entry : default@BuildNativeWithNinja cost memory 0.02161407470703125
[2026-05-10T12:37:06.546] [DEBUG] debug-file - runTaskFromQueue task cost before running: 91 ms 
[2026-05-10T12:37:06.546] [INFO] debug-file - Finished :entry:default@BuildNativeWithNinja... after 1 ms 
[2026-05-10T12:37:06.546] [DEBUG] debug-file - restool module names: entry; moduleName=entry, taskName=default@ProcessResource
[2026-05-10T12:37:06.547] [DEBUG] debug-file - Executing task :entry:default@ProcessResource
[2026-05-10T12:37:06.547] [DEBUG] debug-file - Task 'entry:default@ProcessResource' cost while wrapping incremental declarations: 1 ms 
[2026-05-10T12:37:06.548] [DEBUG] debug-file - Incremental task entry:default@ProcessResource pre-execution cost: 1 ms .
[2026-05-10T12:37:06.548] [DEBUG] debug-file - entry : default@ProcessResource cost memory 0.1479949951171875
[2026-05-10T12:37:06.548] [INFO] debug-file - UP-TO-DATE :entry:default@ProcessResource...  
[2026-05-10T12:37:06.549] [DEBUG] debug-file - Executing task :entry:default@GenerateLoaderJson
[2026-05-10T12:37:06.549] [DEBUG] debug-file - Task 'entry:default@GenerateLoaderJson' cost while wrapping incremental declarations: 1 ms 
[2026-05-10T12:37:06.552] [DEBUG] debug-file - entry:default@GenerateLoaderJson is not up-to-date, since the output file 'E:\project\My_project\OpenHarmony\frontend\entry\build\default\intermediates\loader\default\loader.json' has been changed.
[2026-05-10T12:37:06.552] [DEBUG] debug-file - Incremental task entry:default@GenerateLoaderJson pre-execution cost: 2 ms .
[2026-05-10T12:37:06.553] [DEBUG] debug-file - entry : default@GenerateLoaderJson cost memory 0.667144775390625
[2026-05-10T12:37:06.553] [DEBUG] debug-file - runTaskFromQueue task cost before running: 98 ms 
[2026-05-10T12:37:06.555] [INFO] debug-file - Finished :entry:default@GenerateLoaderJson... after 5 ms 
[2026-05-10T12:37:06.556] [DEBUG] debug-file - Executing task :entry:default@ProcessLibs
[2026-05-10T12:37:06.557] [DEBUG] debug-file - Incremental task entry:default@ProcessLibs pre-execution cost: 1 ms .
[2026-05-10T12:37:06.557] [DEBUG] debug-file - entry : default@ProcessLibs cost memory 0.1082611083984375
[2026-05-10T12:37:06.557] [INFO] debug-file - UP-TO-DATE :entry:default@ProcessLibs...  
[2026-05-10T12:37:06.557] [DEBUG] debug-file - restool module names: entry; moduleName=entry, taskName=default@CompileResource
[2026-05-10T12:37:06.558] [DEBUG] debug-file - Executing task :entry:default@CompileResource
[2026-05-10T12:37:06.564] [DEBUG] debug-file - Incremental task entry:default@CompileResource pre-execution cost: 5 ms .
[2026-05-10T12:37:06.564] [DEBUG] debug-file - entry : default@CompileResource cost memory 0.94207763671875
[2026-05-10T12:37:06.564] [INFO] debug-file - UP-TO-DATE :entry:default@CompileResource...  
[2026-05-10T12:37:06.566] [DEBUG] debug-file - Executing task :entry:default@DoNativeStrip
[2026-05-10T12:37:06.566] [DEBUG] debug-file - File: 'E:\project\My_project\OpenHarmony\frontend\entry\build\default\intermediates\binxo\default' from 'doBinxoNativeLibs' is not exists, just ignore.
[2026-05-10T12:37:06.566] [DEBUG] debug-file - Task 'entry:default@DoNativeStrip' cost while wrapping incremental declarations: 1 ms 
[2026-05-10T12:37:06.566] [DEBUG] debug-file - Incremental task entry:default@DoNativeStrip pre-execution cost: 1 ms .
[2026-05-10T12:37:06.566] [DEBUG] debug-file - entry : default@DoNativeStrip cost memory 0.0970306396484375
[2026-05-10T12:37:06.567] [INFO] debug-file - UP-TO-DATE :entry:default@DoNativeStrip...  
[2026-05-10T12:37:06.567] [DEBUG] debug-file - Executing task :entry:buildHotReloadResource
[2026-05-10T12:37:06.567] [DEBUG] debug-file - Hot reload resources ready.
[2026-05-10T12:37:06.567] [DEBUG] debug-file - entry : buildHotReloadResource cost memory 0.02093505859375
[2026-05-10T12:37:06.567] [DEBUG] debug-file - runTaskFromQueue task cost before running: 112 ms 
[2026-05-10T12:37:06.567] [INFO] debug-file - Finished :entry:buildHotReloadResource... after 1 ms 
[2026-05-10T12:37:06.568] [DEBUG] debug-file - Executing task :entry:default@BuildJS
[2026-05-10T12:37:06.568] [DEBUG] debug-file - Task 'entry:default@BuildJS' cost while wrapping incremental declarations: 1 ms 
[2026-05-10T12:37:06.569] [DEBUG] debug-file - entry : default@BuildJS cost memory 0.15848541259765625
[2026-05-10T12:37:06.569] [DEBUG] debug-file - runTaskFromQueue task cost before running: 114 ms 
[2026-05-10T12:37:06.569] [INFO] debug-file - Finished :entry:default@BuildJS... after 2 ms 
[2026-05-10T12:37:06.570] [DEBUG] debug-file - Executing task :entry:default@CacheNativeLibs
[2026-05-10T12:37:06.570] [DEBUG] debug-file - File: 'E:\project\My_project\OpenHarmony\frontend\entry\build\default\intermediates\binxo\default' from 'cacheBinxoNativeLibs' is not exists, just ignore.
[2026-05-10T12:37:06.570] [DEBUG] debug-file - Task 'entry:default@CacheNativeLibs' cost while wrapping incremental declarations: 1 ms 
[2026-05-10T12:37:06.571] [DEBUG] debug-file - entry:default@CacheNativeLibs is not up-to-date, since the output file 'E:\project\My_project\OpenHarmony\frontend\entry\build\default\intermediates\patch\default\base_native_libs.json' does not exist.
[2026-05-10T12:37:06.571] [DEBUG] debug-file - Incremental task entry:default@CacheNativeLibs pre-execution cost: 1 ms .
[2026-05-10T12:37:06.571] [DEBUG] debug-file - default@CacheNativeLibs work[2] is submitted.
[2026-05-10T12:37:06.571] [DEBUG] debug-file - default@CacheNativeLibs work[2] is pushed to ready queue.
[2026-05-10T12:37:06.571] [DEBUG] debug-file - A work dispatched to worker[15] failed because unable to get work from ready queue.
[2026-05-10T12:37:06.571] [DEBUG] debug-file - Create  resident worker with id: 14.
[2026-05-10T12:37:06.573] [DEBUG] debug-file - default@CacheNativeLibs work[2] has been dispatched to worker[14].
[2026-05-10T12:37:06.573] [DEBUG] debug-file - default@CacheNativeLibs work[2] is dispatched.
[2026-05-10T12:37:06.574] [DEBUG] debug-file - entry : default@CacheNativeLibs cost memory 0.2208404541015625
[2026-05-10T12:37:06.574] [DEBUG] debug-file - Executing task :entry:default@HotReloadArkTS
[2026-05-10T12:37:06.575] [DEBUG] debug-file - obfuscationOptions: undefined
[2026-05-10T12:37:06.575] [DEBUG] debug-file - Task 'entry:default@HotReloadArkTS' cost while wrapping incremental declarations: 1 ms 
[2026-05-10T12:37:06.579] [DEBUG] debug-file - entry:default@HotReloadArkTS is not up-to-date, since the input file 'E:\project\My_project\OpenHarmony\frontend\entry\build\default\intermediates\loader\default' has been changed.
[2026-05-10T12:37:06.579] [DEBUG] debug-file - Incremental task entry:default@HotReloadArkTS pre-execution cost: 3 ms .
[2026-05-10T12:37:06.584] [DEBUG] debug-file - build config: [object Object]
[2026-05-10T12:37:06.586] [DEBUG] debug-file - session manager: binding session. socketId=PhEqiLhowy4-9GtBAAAF, threadId=1@2.
[2026-05-10T12:37:06.586] [DEBUG] debug-file - entry : default@HotReloadArkTS cost memory 1.0767974853515625
[2026-05-10T12:37:07.189] [DEBUG] debug-file - worker[14] has one work done.
[2026-05-10T12:37:07.190] [DEBUG] debug-file - default@CacheNativeLibs work[2] done.
[2026-05-10T12:37:07.190] [DEBUG] debug-file - A work dispatched to worker[14] failed because unable to get work from ready queue.
[2026-05-10T12:37:07.190] [INFO] debug-file - Finished :entry:default@CacheNativeLibs... after 11 ms 
[2026-05-10T12:37:08.270] [DEBUG] debug-file - watch worker: send response to session manager. Response type: WatchStart
[2026-05-10T12:37:08.271] [DEBUG] debug-file - session manager: watch message received from worker 1. Type: WatchStart
[2026-05-10T12:37:10.522] [DEBUG] debug-file - watch worker: send response to session manager. Response type: WatchLog
[2026-05-10T12:37:10.523] [DEBUG] debug-file - session manager: watch message received from worker 1. Type: WatchLog
[2026-05-10T12:37:10.524] [DEBUG] debug-file - watch worker: send response to session manager. Response type: WatchLog
[2026-05-10T12:37:10.525] [DEBUG] debug-file - session manager: watch message received from worker 1. Type: WatchLog
[2026-05-10T12:37:10.525] [DEBUG] debug-file - watch worker: send response to session manager. Response type: WatchLog
[2026-05-10T12:37:10.526] [DEBUG] debug-file - session manager: watch message received from worker 1. Type: WatchLog
[2026-05-10T12:37:10.525] [DEBUG] debug-file - watch worker: send response to session manager. Response type: WatchLog
[2026-05-10T12:37:10.527] [DEBUG] debug-file - session manager: watch message received from worker 1. Type: WatchLog
[2026-05-10T12:37:10.525] [DEBUG] debug-file - watch worker: send response to session manager. Response type: WatchLog
[2026-05-10T12:37:10.527] [DEBUG] debug-file - session manager: watch message received from worker 1. Type: WatchLog
[2026-05-10T12:37:10.525] [DEBUG] debug-file - watch worker: send response to session manager. Response type: WatchLog
[2026-05-10T12:37:10.528] [DEBUG] debug-file - session manager: watch message received from worker 1. Type: WatchLog
[2026-05-10T12:37:10.525] [DEBUG] debug-file - watch worker: send response to session manager. Response type: WatchLog
[2026-05-10T12:37:10.529] [DEBUG] debug-file - session manager: watch message received from worker 1. Type: WatchLog
[2026-05-10T12:37:10.525] [DEBUG] debug-file - watch worker: send response to session manager. Response type: WatchLog
[2026-05-10T12:37:10.530] [DEBUG] debug-file - session manager: watch message received from worker 1. Type: WatchLog
[2026-05-10T12:37:10.526] [DEBUG] debug-file - watch worker: send response to session manager. Response type: WatchLog
[2026-05-10T12:37:10.531] [DEBUG] debug-file - session manager: watch message received from worker 1. Type: WatchLog
[2026-05-10T12:37:10.527] [DEBUG] debug-file - watch worker: send response to session manager. Response type: WatchLog
[2026-05-10T12:37:10.531] [DEBUG] debug-file - session manager: watch message received from worker 1. Type: WatchLog
[2026-05-10T12:37:10.527] [DEBUG] debug-file - watch worker: send response to session manager. Response type: WatchLog
[2026-05-10T12:37:10.532] [DEBUG] debug-file - session manager: watch message received from worker 1. Type: WatchLog
[2026-05-10T12:37:10.527] [DEBUG] debug-file - watch worker: send response to session manager. Response type: WatchLog
[2026-05-10T12:37:10.533] [DEBUG] debug-file - session manager: watch message received from worker 1. Type: WatchLog
[2026-05-10T12:37:10.527] [DEBUG] debug-file - watch worker: send response to session manager. Response type: WatchLog
[2026-05-10T12:37:10.534] [DEBUG] debug-file - session manager: watch message received from worker 1. Type: WatchLog
[2026-05-10T12:37:10.527] [DEBUG] debug-file - watch worker: send response to session manager. Response type: WatchLog
[2026-05-10T12:37:10.535] [DEBUG] debug-file - session manager: watch message received from worker 1. Type: WatchLog
[2026-05-10T12:37:10.527] [DEBUG] debug-file - watch worker: send response to session manager. Response type: WatchLog
[2026-05-10T12:37:10.535] [DEBUG] debug-file - session manager: watch message received from worker 1. Type: WatchLog
[2026-05-10T12:37:10.527] [DEBUG] debug-file - watch worker: send response to session manager. Response type: WatchLog
[2026-05-10T12:37:10.536] [DEBUG] debug-file - session manager: watch message received from worker 1. Type: WatchLog
[2026-05-10T12:37:10.527] [DEBUG] debug-file - watch worker: send response to session manager. Response type: WatchLog
[2026-05-10T12:37:10.537] [DEBUG] debug-file - session manager: watch message received from worker 1. Type: WatchLog
[2026-05-10T12:37:10.528] [DEBUG] debug-file - watch worker: send response to session manager. Response type: WatchLog
[2026-05-10T12:37:10.538] [DEBUG] debug-file - session manager: watch message received from worker 1. Type: WatchLog
[2026-05-10T12:37:10.528] [DEBUG] debug-file - watch worker: send response to session manager. Response type: WatchLog
[2026-05-10T12:37:10.539] [DEBUG] debug-file - session manager: watch message received from worker 1. Type: WatchLog
[2026-05-10T12:37:10.528] [DEBUG] debug-file - watch worker: send response to session manager. Response type: WatchLog
[2026-05-10T12:37:10.539] [DEBUG] debug-file - session manager: watch message received from worker 1. Type: WatchLog
[2026-05-10T12:37:10.528] [DEBUG] debug-file - watch worker: send response to session manager. Response type: WatchLog
[2026-05-10T12:37:10.540] [DEBUG] debug-file - session manager: watch message received from worker 1. Type: WatchLog
[2026-05-10T12:37:10.528] [DEBUG] debug-file - watch worker: send response to session manager. Response type: WatchLog
[2026-05-10T12:37:10.541] [DEBUG] debug-file - session manager: watch message received from worker 1. Type: WatchLog
[2026-05-10T12:37:10.528] [DEBUG] debug-file - watch worker: send response to session manager. Response type: WatchLog
[2026-05-10T12:37:10.543] [DEBUG] debug-file - session manager: watch message received from worker 1. Type: WatchLog
[2026-05-10T12:37:10.528] [DEBUG] debug-file - watch worker: send response to session manager. Response type: WatchLog
[2026-05-10T12:37:10.543] [DEBUG] debug-file - session manager: watch message received from worker 1. Type: WatchLog
[2026-05-10T12:37:10.528] [DEBUG] debug-file - watch worker: send response to session manager. Response type: WatchLog
[2026-05-10T12:37:10.544] [DEBUG] debug-file - session manager: watch message received from worker 1. Type: WatchLog
[2026-05-10T12:37:10.528] [DEBUG] debug-file - watch worker: send response to session manager. Response type: WatchLog
[2026-05-10T12:37:10.545] [DEBUG] debug-file - session manager: watch message received from worker 1. Type: WatchLog
[2026-05-10T12:37:10.528] [DEBUG] debug-file - watch worker: send response to session manager. Response type: WatchLog
[2026-05-10T12:37:10.545] [DEBUG] debug-file - session manager: watch message received from worker 1. Type: WatchLog
[2026-05-10T12:37:10.528] [DEBUG] debug-file - watch worker: send response to session manager. Response type: WatchLog
[2026-05-10T12:37:10.546] [DEBUG] debug-file - session manager: watch message received from worker 1. Type: WatchLog
[2026-05-10T12:37:10.528] [DEBUG] debug-file - watch worker: send response to session manager. Response type: WatchLog
[2026-05-10T12:37:10.547] [DEBUG] debug-file - session manager: watch message received from worker 1. Type: WatchLog
[2026-05-10T12:37:10.528] [DEBUG] debug-file - watch worker: send response to session manager. Response type: WatchLog
[2026-05-10T12:37:10.547] [DEBUG] debug-file - session manager: watch message received from worker 1. Type: WatchLog
[2026-05-10T12:37:10.529] [DEBUG] debug-file - watch worker: send response to session manager. Response type: WatchLog
[2026-05-10T12:37:10.548] [DEBUG] debug-file - session manager: watch message received from worker 1. Type: WatchLog
[2026-05-10T12:37:10.529] [DEBUG] debug-file - watch worker: send response to session manager. Response type: WatchLog
[2026-05-10T12:37:10.548] [DEBUG] debug-file - session manager: watch message received from worker 1. Type: WatchLog
[2026-05-10T12:37:10.529] [DEBUG] debug-file - watch worker: send response to session manager. Response type: WatchLog
[2026-05-10T12:37:10.549] [DEBUG] debug-file - session manager: watch message received from worker 1. Type: WatchLog
[2026-05-10T12:37:10.529] [DEBUG] debug-file - watch worker: send response to session manager. Response type: WatchLog
[2026-05-10T12:37:10.550] [DEBUG] debug-file - session manager: watch message received from worker 1. Type: WatchLog
[2026-05-10T12:37:10.529] [DEBUG] debug-file - watch worker: send response to session manager. Response type: WatchLog
[2026-05-10T12:37:10.551] [DEBUG] debug-file - session manager: watch message received from worker 1. Type: WatchLog
[2026-05-10T12:37:10.529] [DEBUG] debug-file - watch worker: send response to session manager. Response type: WatchLog
[2026-05-10T12:37:10.551] [DEBUG] debug-file - session manager: watch message received from worker 1. Type: WatchLog
[2026-05-10T12:37:10.529] [DEBUG] debug-file - watch worker: send response to session manager. Response type: WatchLog
[2026-05-10T12:37:10.552] [DEBUG] debug-file - session manager: watch message received from worker 1. Type: WatchLog
[2026-05-10T12:37:10.529] [DEBUG] debug-file - watch worker: send response to session manager. Response type: WatchLog
[2026-05-10T12:37:10.553] [DEBUG] debug-file - session manager: watch message received from worker 1. Type: WatchLog
[2026-05-10T12:37:10.529] [DEBUG] debug-file - watch worker: send response to session manager. Response type: WatchLog
[2026-05-10T12:37:10.554] [DEBUG] debug-file - session manager: watch message received from worker 1. Type: WatchLog
[2026-05-10T12:37:10.529] [DEBUG] debug-file - watch worker: send response to session manager. Response type: WatchLog
[2026-05-10T12:37:10.554] [DEBUG] debug-file - session manager: watch message received from worker 1. Type: WatchLog
[2026-05-10T12:37:10.530] [DEBUG] debug-file - watch worker: send response to session manager. Response type: WatchLog
[2026-05-10T12:37:10.555] [DEBUG] debug-file - session manager: watch message received from worker 1. Type: WatchLog
[2026-05-10T12:37:10.530] [DEBUG] debug-file - watch worker: send response to session manager. Response type: WatchLog
[2026-05-10T12:37:10.556] [DEBUG] debug-file - session manager: watch message received from worker 1. Type: WatchLog
[2026-05-10T12:37:10.530] [DEBUG] debug-file - watch worker: send response to session manager. Response type: WatchLog
[2026-05-10T12:37:10.557] [DEBUG] debug-file - session manager: watch message received from worker 1. Type: WatchLog
[2026-05-10T12:37:10.530] [DEBUG] debug-file - watch worker: send response to session manager. Response type: WatchLog
[2026-05-10T12:37:10.558] [DEBUG] debug-file - session manager: watch message received from worker 1. Type: WatchLog
[2026-05-10T12:37:10.530] [DEBUG] debug-file - watch worker: send response to session manager. Response type: WatchLog
[2026-05-10T12:37:10.559] [DEBUG] debug-file - session manager: watch message received from worker 1. Type: WatchLog
[2026-05-10T12:37:10.530] [DEBUG] debug-file - watch worker: send response to session manager. Response type: WatchLog
[2026-05-10T12:37:10.560] [DEBUG] debug-file - session manager: watch message received from worker 1. Type: WatchLog
[2026-05-10T12:37:10.531] [DEBUG] debug-file - watch worker: send response to session manager. Response type: WatchLog
[2026-05-10T12:37:10.560] [DEBUG] debug-file - session manager: watch message received from worker 1. Type: WatchLog
[2026-05-10T12:37:10.531] [DEBUG] debug-file - watch worker: send response to session manager. Response type: WatchLog
[2026-05-10T12:37:10.562] [DEBUG] debug-file - session manager: watch message received from worker 1. Type: WatchLog
[2026-05-10T12:37:10.531] [DEBUG] debug-file - watch worker: send response to session manager. Response type: WatchLog
[2026-05-10T12:37:10.562] [DEBUG] debug-file - session manager: watch message received from worker 1. Type: WatchLog
[2026-05-10T12:37:10.531] [DEBUG] debug-file - watch worker: send response to session manager. Response type: WatchLog
[2026-05-10T12:37:10.563] [DEBUG] debug-file - session manager: watch message received from worker 1. Type: WatchLog
[2026-05-10T12:37:10.531] [DEBUG] debug-file - watch worker: send response to session manager. Response type: WatchLog
[2026-05-10T12:37:10.564] [DEBUG] debug-file - session manager: watch message received from worker 1. Type: WatchLog
[2026-05-10T12:37:10.531] [DEBUG] debug-file - watch worker: send response to session manager. Response type: WatchLog
[2026-05-10T12:37:10.564] [DEBUG] debug-file - session manager: watch message received from worker 1. Type: WatchLog
[2026-05-10T12:37:10.531] [DEBUG] debug-file - watch worker: send response to session manager. Response type: WatchLog
[2026-05-10T12:37:10.565] [DEBUG] debug-file - session manager: watch message received from worker 1. Type: WatchLog
[2026-05-10T12:37:10.531] [DEBUG] debug-file - watch worker: send response to session manager. Response type: WatchLog
[2026-05-10T12:37:10.566] [DEBUG] debug-file - session manager: watch message received from worker 1. Type: WatchLog
[2026-05-10T12:37:10.531] [DEBUG] debug-file - watch worker: send response to session manager. Response type: WatchLog
[2026-05-10T12:37:10.567] [DEBUG] debug-file - session manager: watch message received from worker 1. Type: WatchLog
[2026-05-10T12:37:10.531] [DEBUG] debug-file - watch worker: send response to session manager. Response type: WatchLog
[2026-05-10T12:37:10.568] [DEBUG] debug-file - session manager: watch message received from worker 1. Type: WatchLog
[2026-05-10T12:37:10.944] [DEBUG] debug-file - watch worker: send response to session manager. Response type: WatchResult
[2026-05-10T12:37:10.945] [DEBUG] debug-file - Ark compile finished.
[2026-05-10T12:37:10.945] [DEBUG] debug-file - session manager: watch message received from worker 1. Type: WatchResult
[2026-05-10T12:37:10.944] [DEBUG] debug-file - watch worker: send response to session manager. Response type: WatchResult
[2026-05-10T12:37:10.946] [DEBUG] debug-file - session manager: watch message received from worker 1. Type: WatchResult
[2026-05-10T12:37:10.946] [INFO] debug-file - Finished :entry:default@HotReloadArkTS... after 4 s 371 ms 
[2026-05-10T12:37:10.946] [DEBUG] debug-file - Executing task :entry:default@GeneratePkgModuleJson
[2026-05-10T12:37:10.947] [DEBUG] debug-file - File: 'E:\project\My_project\OpenHarmony\frontend\entry\build\default\intermediates\preload\default\preload.json' from 'preloadSoJsonPath' is not exists, just ignore.
[2026-05-10T12:37:10.947] [DEBUG] debug-file - Error occurs while handling @Input 'shouldDeduplicateHar': The "data" argument must be of type string or an instance of Buffer, TypedArray, or DataView. Received undefined
[2026-05-10T12:37:10.947] [DEBUG] debug-file - Task 'entry:default@GeneratePkgModuleJson' cost while wrapping incremental declarations: 1 ms 
[2026-05-10T12:37:10.947] [DEBUG] debug-file - Incremental task entry:default@GeneratePkgModuleJson pre-execution cost: 1 ms .
[2026-05-10T12:37:10.947] [DEBUG] debug-file - entry : default@GeneratePkgModuleJson cost memory 0.10973358154296875
[2026-05-10T12:37:10.947] [INFO] debug-file - UP-TO-DATE :entry:default@GeneratePkgModuleJson...  
[2026-05-10T12:37:10.948] [DEBUG] debug-file - Executing task :entry:default@ProcessCompiledResources
[2026-05-10T12:37:10.948] [DEBUG] debug-file - File: 'E:\project\My_project\OpenHarmony\frontend\entry\build\default\intermediates\preload\default\preload.json' from 'preloadSoJsonPath' is not exists, just ignore.
[2026-05-10T12:37:10.948] [DEBUG] debug-file - Task 'entry:default@ProcessCompiledResources' cost while wrapping incremental declarations: 1 ms 
[2026-05-10T12:37:10.948] [DEBUG] debug-file - entry : default@ProcessCompiledResources cost memory 0.06005096435546875
[2026-05-10T12:37:10.948] [DEBUG] debug-file - runTaskFromQueue task cost before running: 4 s 493 ms 
[2026-05-10T12:37:10.948] [INFO] debug-file - Finished :entry:default@ProcessCompiledResources... after 1 ms 
[2026-05-10T12:37:10.949] [DEBUG] debug-file - Executing task :entry:default@PackageHap
[2026-05-10T12:37:10.952] [DEBUG] debug-file - entry:default@PackageHap is not up-to-date, since the input file 'E:\project\My_project\OpenHarmony\frontend\entry\build\default\intermediates\loader_out\default\ets' has been changed.
[2026-05-10T12:37:10.952] [DEBUG] debug-file - Incremental task entry:default@PackageHap pre-execution cost: 4 ms .
[2026-05-10T12:37:10.953] [DEBUG] debug-file - Use tool [E:\Program Files\Huawei\DevEco Studio\sdk\default\openharmony\toolchains\lib\app_packing_tool.jar]
 [
  'java',
  '-Dfile.encoding=GBK',
  '-jar',
  'E:\\Program Files\\Huawei\\DevEco Studio\\sdk\\default\\openharmony\\toolchains\\lib\\app_packing_tool.jar',
  '--mode',
  'hap',
  '--force',
  'true',
  '--lib-path',
  'E:\\project\\My_project\\OpenHarmony\\frontend\\entry\\build\\default\\intermediates\\stripped_native_libs\\default',
  '--json-path',
  'E:\\project\\My_project\\OpenHarmony\\frontend\\entry\\build\\default\\intermediates\\package\\default\\module.json',
  '--resources-path',
  'E:\\project\\My_project\\OpenHarmony\\frontend\\entry\\build\\default\\intermediates\\res\\default\\resources',
  '--index-path',
  'E:\\project\\My_project\\OpenHarmony\\frontend\\entry\\build\\default\\intermediates\\res\\default\\resources.index',
  '--pack-info-path',
  'E:\\project\\My_project\\OpenHarmony\\frontend\\entry\\build\\default\\outputs\\default\\pack.info',
  '--out-path',
  'E:\\project\\My_project\\OpenHarmony\\frontend\\entry\\build\\default\\outputs\\default\\entry-default-unsigned.hap',
  '--ets-path',
  'E:\\project\\My_project\\OpenHarmony\\frontend\\entry\\build\\default\\intermediates\\loader_out\\default\\ets',
  '--pkg-sdk-info-path',
  'E:\\project\\My_project\\OpenHarmony\\frontend\\entry\\build\\default\\intermediates\\loader\\default\\pkgSdkInfo.json'
]
[2026-05-10T12:37:10.953] [DEBUG] debug-file - default@PackageHap work[3] is submitted.
[2026-05-10T12:37:10.953] [DEBUG] debug-file - default@PackageHap work[3] is pushed to ready queue.
[2026-05-10T12:37:10.953] [DEBUG] debug-file - A work dispatched to worker[15] failed because unable to get work from ready queue.
[2026-05-10T12:37:10.954] [DEBUG] debug-file - default@PackageHap work[3] has been dispatched to worker[14].
[2026-05-10T12:37:10.954] [DEBUG] debug-file - default@PackageHap work[3] is dispatched.
[2026-05-10T12:37:10.955] [DEBUG] debug-file - entry : default@PackageHap cost memory 0.7755813598632812
[2026-05-10T12:37:11.026] [DEBUG] debug-file - current process  memoryUsage: {
  rss: 635621376,
  heapTotal: 81297408,
  heapUsed: 58025816,
  external: 2581003,
  arrayBuffers: 339326
} os memoryUsage :17.69683837890625
[2026-05-10T12:37:11.337] [DEBUG] debug-file - worker[14] has one work done.
[2026-05-10T12:37:11.338] [DEBUG] debug-file - default@PackageHap work[3] done.
[2026-05-10T12:37:11.338] [DEBUG] debug-file - A work dispatched to worker[14] failed because unable to get work from ready queue.
[2026-05-10T12:37:11.338] [INFO] debug-file - Finished :entry:default@PackageHap... after 321 ms 
[2026-05-10T12:37:11.339] [DEBUG] debug-file - Executing task :entry:default@PackingCheck
[2026-05-10T12:37:11.341] [DEBUG] debug-file - entry : default@PackingCheck cost memory 0.3394927978515625
[2026-05-10T12:37:11.341] [DEBUG] debug-file - runTaskFromQueue task cost before running: 4 s 886 ms 
[2026-05-10T12:37:11.341] [INFO] debug-file - Finished :entry:default@PackingCheck... after 3 ms 
[2026-05-10T12:37:11.342] [DEBUG] debug-file - Executing task :entry:default@SignHap
[2026-05-10T12:37:11.342] [WARN] debug-file - Will skip sign 'hos_hap'. No signingConfigs profile is configured in current project.
             If needed, configure the signingConfigs in E:\project\My_project\OpenHarmony\frontend\build-profile.json5.
[2026-05-10T12:37:11.343] [DEBUG] debug-file - entry:default@SignHap is not up-to-date, since the input file 'E:\project\My_project\OpenHarmony\frontend\entry\build\default\outputs\default\entry-default-unsigned.hap' has been changed.
[2026-05-10T12:37:11.343] [DEBUG] debug-file - Incremental task entry:default@SignHap pre-execution cost: 1 ms .
[2026-05-10T12:37:11.344] [DEBUG] debug-file - entry : default@SignHap cost memory 0.09194183349609375
[2026-05-10T12:37:11.344] [DEBUG] debug-file - runTaskFromQueue task cost before running: 4 s 889 ms 
[2026-05-10T12:37:11.344] [INFO] debug-file - Finished :entry:default@SignHap... after 2 ms 
[2026-05-10T12:37:11.345] [DEBUG] debug-file - Executing task :entry:default@CollectDebugSymbol
[2026-05-10T12:37:11.345] [DEBUG] debug-file - entry : default@CollectDebugSymbol cost memory 0.09827423095703125
[2026-05-10T12:37:11.345] [DEBUG] debug-file - runTaskFromQueue task cost before running: 4 s 890 ms 
[2026-05-10T12:37:11.345] [INFO] debug-file - Finished :entry:default@CollectDebugSymbol... after 1 ms 
[2026-05-10T12:37:11.345] [DEBUG] debug-file - Executing task :entry:assembleHap
[2026-05-10T12:37:11.345] [DEBUG] debug-file - entry : assembleHap cost memory 0.0126800537109375
[2026-05-10T12:37:11.345] [DEBUG] debug-file - runTaskFromQueue task cost before running: 4 s 890 ms 
[2026-05-10T12:37:11.346] [INFO] debug-file - Finished :entry:assembleHap... after 1 ms 
[2026-05-10T12:37:11.351] [INFO] debug-file - BUILD SUCCESSFUL in 4 s 896 ms 
[2026-05-10T12:37:11.351] [DEBUG] debug-file - There is no need to refresh cache, since the incremental task entry:default@PreBuild is up-to-date.
[2026-05-10T12:37:11.351] [DEBUG] debug-file - Update task entry:default@CreateModuleInfo output file:E:\project\My_project\OpenHarmony\frontend\entry\build\default\generated\profile\default\ModuleInfo.ts cache.
[2026-05-10T12:37:11.352] [DEBUG] debug-file - Incremental task entry:default@CreateModuleInfo post-execution cost:1 ms .
[2026-05-10T12:37:11.352] [DEBUG] debug-file - There is no need to refresh cache, since the incremental task entry:default@GenerateMetadata is up-to-date.
[2026-05-10T12:37:11.352] [DEBUG] debug-file - There is no need to refresh cache, since the incremental task entry:default@MergeProfile is up-to-date.
[2026-05-10T12:37:11.352] [DEBUG] debug-file - There is no need to refresh cache, since the incremental task entry:default@CreateBuildProfile is up-to-date.
[2026-05-10T12:37:11.352] [DEBUG] debug-file - Update task entry:default@GeneratePkgContextInfo output file:E:\project\My_project\OpenHarmony\frontend\entry\build\default\intermediates\loader\default\pkgContextInfo.json cache.
[2026-05-10T12:37:11.352] [DEBUG] debug-file - Incremental task entry:default@GeneratePkgContextInfo post-execution cost:1 ms .
[2026-05-10T12:37:11.352] [DEBUG] debug-file - There is no need to refresh cache, since the incremental task entry:default@GeneratePkgSdkInfo is up-to-date.
[2026-05-10T12:37:11.352] [DEBUG] debug-file - Update task entry:default@ProcessIntegratedHsp output file:E:\project\My_project\OpenHarmony\frontend\build\cache\default\integrated_hsp\integratedHspCache.json cache.
[2026-05-10T12:37:11.352] [DEBUG] debug-file - Incremental task entry:default@ProcessIntegratedHsp post-execution cost:1 ms .
[2026-05-10T12:37:11.352] [DEBUG] debug-file - There is no need to refresh cache, since the incremental task entry:default@MakePackInfo is up-to-date.
[2026-05-10T12:37:11.352] [DEBUG] debug-file - Update task entry:default@SyscapTransform input file:E:\Program Files\Huawei\DevEco Studio\sdk\default\openharmony\toolchains\syscap_tool.exe cache by regenerate.
[2026-05-10T12:37:11.352] [DEBUG] debug-file - Update task entry:default@SyscapTransform input file:E:\Program Files\Huawei\DevEco Studio\sdk\default\openharmony\ets\api\device-define cache by regenerate.
[2026-05-10T12:37:11.353] [DEBUG] debug-file - Update task entry:default@SyscapTransform output file:E:\project\My_project\OpenHarmony\frontend\entry\build\default\intermediates\syscap\default\rpcid.sc cache.
[2026-05-10T12:37:11.353] [DEBUG] debug-file - Incremental task entry:default@SyscapTransform post-execution cost:1 ms .
[2026-05-10T12:37:11.353] [DEBUG] debug-file - There is no need to refresh cache, since the incremental task entry:default@ProcessProfile is up-to-date.
[2026-05-10T12:37:11.353] [DEBUG] debug-file - There is no need to refresh cache, since the incremental task entry:default@ProcessRouterMap is up-to-date.
[2026-05-10T12:37:11.353] [DEBUG] debug-file - There is no need to refresh cache, since the incremental task entry:default@ProcessShareConfig is up-to-date.
[2026-05-10T12:37:11.353] [DEBUG] debug-file - Update task entry:default@ProcessStartupConfig output file:E:\project\My_project\OpenHarmony\frontend\entry\build\default\intermediates\startup\default\startup_config.json cache.
[2026-05-10T12:37:11.353] [DEBUG] debug-file - Incremental task entry:default@ProcessStartupConfig post-execution cost:1 ms .
[2026-05-10T12:37:11.353] [DEBUG] debug-file - There is no need to refresh cache, since the incremental task entry:default@ProcessResource is up-to-date.
[2026-05-10T12:37:11.353] [DEBUG] debug-file - Update task entry:default@GenerateLoaderJson input file:E:\project\My_project\OpenHarmony\frontend\entry\build\default\intermediates\router_map\default\temp-router-map.json cache by regenerate.
[2026-05-10T12:37:11.353] [DEBUG] debug-file - Update task entry:default@GenerateLoaderJson output file:E:\project\My_project\OpenHarmony\frontend\entry\build\default\intermediates\loader\default\loader.json cache.
[2026-05-10T12:37:11.354] [DEBUG] debug-file - Incremental task entry:default@GenerateLoaderJson post-execution cost:1 ms .
[2026-05-10T12:37:11.354] [DEBUG] debug-file - There is no need to refresh cache, since the incremental task entry:default@ProcessLibs is up-to-date.
[2026-05-10T12:37:11.354] [DEBUG] debug-file - There is no need to refresh cache, since the incremental task entry:default@CompileResource is up-to-date.
[2026-05-10T12:37:11.354] [DEBUG] debug-file - There is no need to refresh cache, since the incremental task entry:default@DoNativeStrip is up-to-date.
[2026-05-10T12:37:11.354] [DEBUG] debug-file - Update task entry:default@BuildJS input file:E:\project\My_project\OpenHarmony\frontend\entry\build\default\intermediates\loader\default cache by regenerate.
[2026-05-10T12:37:11.354] [DEBUG] debug-file - Update task entry:default@BuildJS input file:E:\project\My_project\OpenHarmony\frontend\entry\build\default\intermediates\res\default\resources\rawfile cache by regenerate.
[2026-05-10T12:37:11.354] [DEBUG] debug-file - Update task entry:default@BuildJS input file:E:\project\My_project\OpenHarmony\frontend\entry\build\default\intermediates\res\default\ResourceTable.txt cache by regenerate.
[2026-05-10T12:37:11.355] [DEBUG] debug-file - Update task entry:default@BuildJS input file:E:\project\My_project\OpenHarmony\frontend\entry\build\default\intermediates\res\default\ark_module.json cache by regenerate.
[2026-05-10T12:37:11.355] [DEBUG] debug-file - Update task entry:default@BuildJS input file:E:\project\My_project\OpenHarmony\frontend\entry\build\default\intermediates\res\default\resources\base\profile cache by regenerate.
[2026-05-10T12:37:11.355] [DEBUG] debug-file - Update task entry:default@BuildJS output file:E:\project\My_project\OpenHarmony\frontend\entry\build\default\intermediates\loader_out\default\js cache.
[2026-05-10T12:37:11.355] [DEBUG] debug-file - Incremental task entry:default@BuildJS post-execution cost:2 ms .
[2026-05-10T12:37:11.355] [DEBUG] debug-file - Update task entry:default@CacheNativeLibs input file:E:\project\My_project\OpenHarmony\frontend\entry\build\default\intermediates\stripped_native_libs\default cache by regenerate.
[2026-05-10T12:37:11.355] [DEBUG] debug-file - Update task entry:default@CacheNativeLibs input file:E:\project\My_project\OpenHarmony\frontend\entry\build\default\intermediates\libs\default cache by regenerate.
[2026-05-10T12:37:11.355] [DEBUG] debug-file - Update task entry:default@CacheNativeLibs output file:E:\project\My_project\OpenHarmony\frontend\entry\build\default\intermediates\patch\default\base_native_libs.json cache.
[2026-05-10T12:37:11.355] [DEBUG] debug-file - Update task entry:default@CacheNativeLibs output file:E:\project\My_project\OpenHarmony\frontend\entry\build\default\intermediates\patch\default\binxo_native_libs.json cache.
[2026-05-10T12:37:11.355] [DEBUG] debug-file - Incremental task entry:default@CacheNativeLibs post-execution cost:1 ms .
[2026-05-10T12:37:11.356] [DEBUG] debug-file - Update task entry:default@HotReloadArkTS input file:E:\project\My_project\OpenHarmony\frontend\entry\build\default\intermediates\loader\default cache from map.
[2026-05-10T12:37:11.356] [DEBUG] debug-file - Update task entry:default@HotReloadArkTS input file:E:\project\My_project\OpenHarmony\frontend\entry\build\default\intermediates\res\default\resources\rawfile cache by regenerate.
[2026-05-10T12:37:11.356] [DEBUG] debug-file - Update task entry:default@HotReloadArkTS input file:E:\project\My_project\OpenHarmony\frontend\entry\build\default\intermediates\res\default\ResourceTable.txt cache by regenerate.
[2026-05-10T12:37:11.357] [DEBUG] debug-file - Update task entry:default@HotReloadArkTS input file:E:\project\My_project\OpenHarmony\frontend\entry\build\default\intermediates\res\default\ark_module.json cache by regenerate.
[2026-05-10T12:37:11.357] [DEBUG] debug-file - Update task entry:default@HotReloadArkTS input file:E:\project\My_project\OpenHarmony\frontend\entry\build\default\intermediates\res\default\resources\base\profile cache by regenerate.
[2026-05-10T12:37:11.357] [DEBUG] debug-file - Update task entry:default@HotReloadArkTS input file:E:\project\My_project\OpenHarmony\frontend\entry\src\main\ets cache by regenerate.
[2026-05-10T12:37:11.360] [DEBUG] debug-file - Update task entry:default@HotReloadArkTS input file:E:\project\My_project\OpenHarmony\frontend\entry\build\default\generated\profile\default\BuildProfile.ets cache by regenerate.
[2026-05-10T12:37:11.360] [DEBUG] debug-file - Update task entry:default@HotReloadArkTS output file:E:\project\My_project\OpenHarmony\frontend\entry\build\default\intermediates\loader_out\default\ets cache.
[2026-05-10T12:37:11.360] [DEBUG] debug-file - Incremental task entry:default@HotReloadArkTS post-execution cost:6 ms .
[2026-05-10T12:37:11.360] [DEBUG] debug-file - There is no need to refresh cache, since the incremental task entry:default@GeneratePkgModuleJson is up-to-date.
[2026-05-10T12:37:11.360] [DEBUG] debug-file - Incremental task entry:default@ProcessCompiledResources post-execution cost:1 ms .
[2026-05-10T12:37:11.361] [DEBUG] debug-file - Update task entry:default@PackageHap input file:E:\project\My_project\OpenHarmony\frontend\entry\build\default\intermediates\stripped_native_libs\default cache by regenerate.
[2026-05-10T12:37:11.361] [DEBUG] debug-file - Update task entry:default@PackageHap input file:E:\project\My_project\OpenHarmony\frontend\entry\build\default\intermediates\res\default\module.json cache by regenerate.
[2026-05-10T12:37:11.361] [DEBUG] debug-file - Update task entry:default@PackageHap input file:E:\project\My_project\OpenHarmony\frontend\entry\build\default\intermediates\res\default\resources cache by regenerate.
[2026-05-10T12:37:11.362] [DEBUG] debug-file - Update task entry:default@PackageHap input file:E:\project\My_project\OpenHarmony\frontend\entry\build\default\intermediates\res\default\resources.index cache by regenerate.
[2026-05-10T12:37:11.362] [DEBUG] debug-file - Update task entry:default@PackageHap input file:E:\project\My_project\OpenHarmony\frontend\entry\build\default\outputs\default\pack.info cache by regenerate.
[2026-05-10T12:37:11.363] [DEBUG] debug-file - Update task entry:default@PackageHap input file:E:\project\My_project\OpenHarmony\frontend\entry\build\default\intermediates\loader_out\default\ets cache from map.
[2026-05-10T12:37:11.363] [DEBUG] debug-file - Update task entry:default@PackageHap input file:E:\project\My_project\OpenHarmony\frontend\entry\build\default\intermediates\loader\default\pkgSdkInfo.json cache by regenerate.
[2026-05-10T12:37:11.363] [DEBUG] debug-file - Update task entry:default@PackageHap input file:E:\project\My_project\OpenHarmony\frontend\entry\build\default\intermediates\loader_out\default\ets\sourceMaps.map cache by regenerate.
[2026-05-10T12:37:11.363] [DEBUG] debug-file - Update task entry:default@PackageHap input file:E:\project\My_project\OpenHarmony\frontend\entry\build\default\generated\profile\default\BuildProfile.ets cache by regenerate.
[2026-05-10T12:37:11.363] [DEBUG] debug-file - Update task entry:default@PackageHap output file:E:\project\My_project\OpenHarmony\frontend\entry\build\default\outputs\default\entry-default-unsigned.hap cache.
[2026-05-10T12:37:11.363] [DEBUG] debug-file - Update task entry:default@PackageHap output file:E:\project\My_project\OpenHarmony\frontend\entry\build\default\intermediates\source_map\default\sourceMaps.map cache.
[2026-05-10T12:37:11.363] [DEBUG] debug-file - Update task entry:default@PackageHap output file:E:\project\My_project\OpenHarmony\frontend\entry\build\default\outputs\default\mapping\sourceMaps.map cache.
[2026-05-10T12:37:11.363] [DEBUG] debug-file - Incremental task entry:default@PackageHap post-execution cost:3 ms .
[2026-05-10T12:37:11.363] [DEBUG] debug-file - Update task entry:default@SignHap input file:E:\project\My_project\OpenHarmony\frontend\entry\build\default\outputs\default\entry-default-unsigned.hap cache from map.
[2026-05-10T12:37:11.363] [DEBUG] debug-file - Update task entry:default@SignHap output file:E:\project\My_project\OpenHarmony\frontend\entry\build\default\outputs\default\entry-default-signed.hap cache.
[2026-05-10T12:37:11.363] [DEBUG] debug-file - Incremental task entry:default@SignHap post-execution cost:1 ms .
[2026-05-10T12:37:11.364] [DEBUG] debug-file - Update task entry:default@CollectDebugSymbol input file:E:\project\My_project\OpenHarmony\frontend\entry\build\default\intermediates\loader_out\default\ets\sourceMaps.map cache by regenerate.
[2026-05-10T12:37:11.364] [DEBUG] debug-file - Update task entry:default@CollectDebugSymbol input file:E:\project\My_project\OpenHarmony\frontend\entry\build\default\intermediates\libs\default cache by regenerate.
[2026-05-10T12:37:11.364] [DEBUG] debug-file - Update task entry:default@CollectDebugSymbol output file:E:\project\My_project\OpenHarmony\frontend\entry\build\default\outputs\default\symbol cache.
[2026-05-10T12:37:11.364] [DEBUG] debug-file - Incremental task entry:default@CollectDebugSymbol post-execution cost:1 ms .
[2026-05-10T12:37:11.378] [DEBUG] debug-file - Cleanup worker 14.
[2026-05-10T12:37:11.378] [DEBUG] debug-file - Worker 14 has been cleaned up.
[2026-05-10T12:37:11.378] [DEBUG] debug-file - Current idle worker size: 0.
[2026-05-10T12:37:11.378] [DEBUG] debug-file - Current resident worker size: 1.
[2026-05-10T12:37:11.378] [DEBUG] debug-file - hvigor build process will be closed.
[2026-05-10T12:37:11.385] [DEBUG] debug-file - worker[14] exits with exit code 1.
[2026-05-10T12:38:32.273] [DEBUG] debug-file - watch worker: send response to session manager. Response type: WatchStart
[2026-05-10T12:38:32.276] [DEBUG] debug-file - session manager: watch message received from worker 1. Type: WatchStart
[2026-05-10T12:38:43.153] [DEBUG] debug-file - env: daemon=true
[2026-05-10T12:38:42.967] [DEBUG] debug-file - env: nodejsVersion=v24.15.0
[2026-05-10T12:38:42.968] [DEBUG] debug-file - env: hvigor-config.json5 content = { modelVersion: '5.0.0', dependencies: {} }
[2026-05-10T12:38:43.536] [DEBUG] debug-file - java daemon tryConnect failed Error: connect ECONNREFUSED 127.0.0.1:45050
[2026-05-10T12:38:43.545] [DEBUG] debug-file - java daemon started at port 45050 pid 31424
[2026-05-10T12:38:43.565] [DEBUG] debug-file - session manager: set active socket. socketId=73xy2olczCDdjdaZAAAB
[2026-05-10T12:38:43.637] [DEBUG] debug-file - javaProcess on stderr
[2026-05-10T12:38:43.657] [DEBUG] debug-file - java daemon exit code:1 signal:null
[2026-05-10T12:38:43.913] [DEBUG] debug-file - watch worker: worker id should be larger than 0. Nothing will be sent to any worker thread.
[2026-05-10T12:38:43.916] [DEBUG] debug-file - Since there is no instance or instance is terminated, create a new worker pool.
[2026-05-10T12:38:43.916] [DEBUG] debug-file - Worker pool is initialized with config:  {
  minPoolNum: 2,
  maxPoolNum: undefined,
  maxCoreSize: undefined,
  cacheCapacity: undefined,
  cacheTtl: undefined
}
[2026-05-10T12:38:43.917] [DEBUG] debug-file - Create  resident worker with id: 0.
[2026-05-10T12:38:43.919] [DEBUG] debug-file - Create  resident worker with id: 1.
[2026-05-10T12:38:43.921] [DEBUG] debug-file - Workers' log level updated to INFO
[2026-05-10T12:38:43.925] [DEBUG] debug-file - Hvigor init with startParameters:{
  hvigorfileTypeCheck: false,
  parallelExecution: true,
  incrementalExecution: true,
  printStackTrace: false,
  daemon: true,
  analyze: 0,
  logLevel: Level { level: 20000, levelStr: 'INFO', colour: 'green' },
  optimizationStrategy: 'memory',
  hotCompile: undefined,
  hotReloadBuild: undefined,
  customizedParam: undefined
}
[2026-05-10T12:38:43.929] [DEBUG] debug-file - Cache service initialization finished in 4 ms 
[2026-05-10T12:38:43.932] [DEBUG] debug-file - hvigorfile, resolving E:\project\My_project\OpenHarmony\frontend\hvigorfile.ts
[2026-05-10T12:38:45.046] [DEBUG] debug-file - hvigorfile, require result:  { default: { plugins: [] } }
[2026-05-10T12:38:45.046] [DEBUG] debug-file - hvigorfile, binding system plugins null
[2026-05-10T12:38:45.046] [DEBUG] debug-file - Starting plugin build process
[2026-05-10T12:38:45.046] [DEBUG] debug-file - App plugin prepare start...
[2026-05-10T12:38:45.047] [DEBUG] debug-file - App plugin prepare end...
[2026-05-10T12:38:45.047] [DEBUG] debug-file - App plugin creating...
[2026-05-10T12:38:45.174] [DEBUG] debug-file - App plugin register hook start...
[2026-05-10T12:38:45.174] [DEBUG] debug-file - App plugin register hook end...
[2026-05-10T12:38:45.174] [DEBUG] debug-file - Plugin build process completed
[2026-05-10T12:38:45.175] [DEBUG] debug-file - Start initialize project's product build option map with build mode debug.
[2026-05-10T12:38:45.175] [DEBUG] debug-file - Picking option from product 'default' with build mode 'debug'.
[2026-05-10T12:38:45.175] [DEBUG] debug-file - Product 'default' build option initialized
[2026-05-10T12:38:45.175] [DEBUG] debug-file - End initialize project's product build option map with build mode 'debug'.
[2026-05-10T12:38:45.177] [DEBUG] debug-file - Obtain build option for product 'default'in this build.
[2026-05-10T12:38:45.178] [DEBUG] debug-file - No signingConfig found, initRemoteHspCache failed.
[2026-05-10T12:38:45.180] [DEBUG] debug-file - Local scan or download HarmonyOS sdk components toolchains,ets,js,native,previewer
[2026-05-10T12:38:45.182] [DEBUG] debug-file - Local scan or download hmscore sdk components toolchains,ets,native
[2026-05-10T12:38:45.184] [DEBUG] debug-file - Start recording SDK configuration permission data.
[2026-05-10T12:38:45.212] [DEBUG] debug-file - Sdk init in 33 ms 
[2026-05-10T12:38:45.220] [DEBUG] debug-file - Project task initialization takes 7 ms 
[2026-05-10T12:38:45.220] [DEBUG] debug-file - hvigorfile, begin to bind custom plugins...
[2026-05-10T12:38:45.220] [DEBUG] debug-file - hvigorfile, no custom plugins were found in E:\project\My_project\OpenHarmony\frontend\hvigorfile.ts
[2026-05-10T12:38:45.220] [DEBUG] debug-file - hvigorfile, resolve finished E:\project\My_project\OpenHarmony\frontend\hvigorfile.ts
[2026-05-10T12:38:45.221] [DEBUG] debug-file - hvigorfile, resolving E:\project\My_project\OpenHarmony\frontend\entry\hvigorfile.ts
[2026-05-10T12:38:45.225] [DEBUG] debug-file - hvigorfile, require result:  { default: { plugins: [] } }
[2026-05-10T12:38:45.226] [DEBUG] debug-file - hvigorfile, binding system plugins null
[2026-05-10T12:38:45.226] [DEBUG] debug-file - Starting plugin build process
[2026-05-10T12:38:45.226] [DEBUG] debug-file - Hap plugin creating...
[2026-05-10T12:38:45.226] [DEBUG] debug-file - failed to load cangjie to dynamically generate schemas: Error: Cannot find module '@ohos/cangjie-build-support/index'
Require stack:
- E:\Program Files\Huawei\DevEco Studio\tools\hvigor\hvigor-ohos-plugin\src\plugin\hooks\cangjie-register.js
- E:\Program Files\Huawei\DevEco Studio\tools\hvigor\hvigor-ohos-plugin\src\plugin\strategy\stage-init-strategy.js
- E:\Program Files\Huawei\DevEco Studio\tools\hvigor\hvigor-ohos-plugin\src\plugin\builder\abstract-plugin-builder.js
- E:\Program Files\Huawei\DevEco Studio\tools\hvigor\hvigor-ohos-plugin\src\plugin\builder\app-plugin-builder.js
- E:\Program Files\Huawei\DevEco Studio\tools\hvigor\hvigor-ohos-plugin\src\plugin\factory\plugin-factory.js
- E:\Program Files\Huawei\DevEco Studio\tools\hvigor\hvigor-ohos-plugin\index.js
- E:\project\My_project\OpenHarmony\frontend\hvigorfile.ts
- E:\Program Files\Huawei\DevEco Studio\tools\hvigor\hvigor\src\base\internal\lifecycle\configuration.js
- E:\Program Files\Huawei\DevEco Studio\tools\hvigor\hvigor\src\base\boot\index.js
- E:\Program Files\Huawei\DevEco Studio\tools\hvigor\hvigor\src\base\daemon\cluster\worker-process-lifecycle.js
- E:\Program Files\Huawei\DevEco Studio\tools\hvigor\hvigor\src\base\daemon\process\daemon-process-boot-script.js
[2026-05-10T12:38:45.231] [DEBUG] debug-file - Start initialize module-target build option map, moduleName=entry, buildMode=debug
[2026-05-10T12:38:45.231] [DEBUG] debug-file - Target 'default' config initialized
[2026-05-10T12:38:45.231] [DEBUG] debug-file - Module 'entry' target 'default' build option initialized
[2026-05-10T12:38:45.231] [DEBUG] debug-file - End initialize module-target build option map, moduleName=entry
[2026-05-10T12:38:45.232] [DEBUG] debug-file - Start initialize module-target build option map, moduleName=entry, buildMode=release
[2026-05-10T12:38:45.232] [DEBUG] debug-file - Target 'default' config initialized
[2026-05-10T12:38:45.232] [DEBUG] debug-file - Module 'entry' target 'default' build option initialized
[2026-05-10T12:38:45.232] [DEBUG] debug-file - End initialize module-target build option map, moduleName=entry
[2026-05-10T12:38:45.232] [DEBUG] debug-file - Start initialize module-target build option map, moduleName=entry, buildMode=debug
[2026-05-10T12:38:45.232] [DEBUG] debug-file - Target 'default' config initialized
[2026-05-10T12:38:45.232] [DEBUG] debug-file - Module 'entry' target 'default' build option initialized
[2026-05-10T12:38:45.232] [DEBUG] debug-file - End initialize module-target build option map, moduleName=entry
[2026-05-10T12:38:45.232] [DEBUG] debug-file - Obtain build option for module 'entry' target 'default'in this build.
[2026-05-10T12:38:45.235] [DEBUG] debug-file - Module entry task initialization takes 3 ms 
[2026-05-10T12:38:45.236] [DEBUG] debug-file - Hap plugin register hook start...
[2026-05-10T12:38:45.236] [DEBUG] debug-file - Hap plugin register hook end...
[2026-05-10T12:38:45.236] [DEBUG] debug-file - Plugin build process completed
[2026-05-10T12:38:45.236] [DEBUG] debug-file - hvigorfile, begin to bind custom plugins...
[2026-05-10T12:38:45.236] [DEBUG] debug-file - hvigorfile, no custom plugins were found in E:\project\My_project\OpenHarmony\frontend\entry\hvigorfile.ts
[2026-05-10T12:38:45.236] [DEBUG] debug-file - hvigorfile, resolve finished E:\project\My_project\OpenHarmony\frontend\entry\hvigorfile.ts
[2026-05-10T12:38:45.251] [DEBUG] debug-file - hvigorfile, resolve hvigorfile dependencies in 16 ms 
[2026-05-10T12:38:45.251] [DEBUG] debug-file - project has submodules:entry
[2026-05-10T12:38:45.253] [DEBUG] debug-file - start to load updatedOhPackageInfo to the disk
[2026-05-10T12:38:45.254] [DEBUG] debug-file - load to the disk finished
[2026-05-10T12:38:45.254] [DEBUG] debug-file - Start to initialize dependency information.
[2026-05-10T12:38:45.256] [DEBUG] debug-file - Module frontend Collected Dependency: 
[2026-05-10T12:38:45.256] [DEBUG] debug-file - Module frontend's total dependency: 0
[2026-05-10T12:38:45.256] [DEBUG] debug-file - Start to initialize dependency information.
[2026-05-10T12:38:45.258] [DEBUG] debug-file - Module entry Collected Dependency: 
[2026-05-10T12:38:45.258] [DEBUG] debug-file - Module entry's total dependency: 0
[2026-05-10T12:38:45.260] [DEBUG] debug-file - Configuration phase cost:1 s 330 ms 
[2026-05-10T12:38:45.262] [DEBUG] debug-file - Configuration task cost before running: 1 s 342 ms 
[2026-05-10T12:38:45.266] [DEBUG] debug-file - Executing task :entry:default@PreBuild
[2026-05-10T12:38:45.268] [DEBUG] debug-file - Task 'entry:default@PreBuild' cost while wrapping incremental declarations: 1 ms 
[2026-05-10T12:38:45.273] [DEBUG] debug-file - entry:default@PreBuild is not up-to-date, since the task snapshots are different.
[2026-05-10T12:38:45.273] [DEBUG] debug-file - Incremental task entry:default@PreBuild pre-execution cost: 3 ms .
[2026-05-10T12:38:45.359] [DEBUG] debug-file - current product is not Atomic service.
[2026-05-10T12:38:45.359] [DEBUG] debug-file - Use tool [win32: JAVA_HOME, CLASSPATH]
 [
  { JAVA_HOME: 'C:\\Program Files\\Java\\jdk-17' },
  { CLASSPATH: undefined }
]
[2026-05-10T12:38:45.359] [DEBUG] debug-file - Use tool [win32: NODE_HOME]
 [ { NODE_HOME: undefined } ]
[2026-05-10T12:38:45.360] [DEBUG] debug-file - entry : default@PreBuild cost memory 4.1855010986328125
[2026-05-10T12:38:45.360] [DEBUG] debug-file - runTaskFromQueue task cost before running: 1 s 439 ms 
[2026-05-10T12:38:45.362] [INFO] debug-file - Finished :entry:default@PreBuild... after 95 ms 
[2026-05-10T12:38:45.363] [DEBUG] debug-file - Executing task :entry:default@CreateModuleInfo
[2026-05-10T12:38:45.363] [DEBUG] debug-file - Task 'entry:default@CreateModuleInfo' cost while wrapping incremental declarations: 1 ms 
[2026-05-10T12:38:45.363] [DEBUG] debug-file - entry : default@CreateModuleInfo cost memory 0.04601287841796875
[2026-05-10T12:38:45.363] [DEBUG] debug-file - runTaskFromQueue task cost before running: 1 s 443 ms 
[2026-05-10T12:38:45.363] [INFO] debug-file - Finished :entry:default@CreateModuleInfo... after 1 ms 
[2026-05-10T12:38:45.364] [DEBUG] debug-file - Executing task :entry:default@GenerateMetadata
[2026-05-10T12:38:45.365] [DEBUG] debug-file - Task 'entry:default@GenerateMetadata' cost while wrapping incremental declarations: 1 ms 
[2026-05-10T12:38:45.366] [DEBUG] debug-file - Incremental task entry:default@GenerateMetadata pre-execution cost: 1 ms .
[2026-05-10T12:38:45.366] [DEBUG] debug-file - entry : default@GenerateMetadata cost memory 0.13503265380859375
[2026-05-10T12:38:45.366] [INFO] debug-file - UP-TO-DATE :entry:default@GenerateMetadata...  
[2026-05-10T12:38:45.366] [DEBUG] debug-file - Executing task :entry:default@ConfigureCmake
[2026-05-10T12:38:45.367] [DEBUG] debug-file - entry : default@ConfigureCmake cost memory 0.01457977294921875
[2026-05-10T12:38:45.367] [DEBUG] debug-file - runTaskFromQueue task cost before running: 1 s 446 ms 
[2026-05-10T12:38:45.367] [INFO] debug-file - Finished :entry:default@ConfigureCmake... after 1 ms 
[2026-05-10T12:38:45.368] [DEBUG] debug-file - Executing task :entry:default@MergeProfile
[2026-05-10T12:38:45.368] [DEBUG] debug-file - Task 'entry:default@MergeProfile' cost while wrapping incremental declarations: 1 ms 
[2026-05-10T12:38:45.369] [DEBUG] debug-file - Incremental task entry:default@MergeProfile pre-execution cost: 1 ms .
[2026-05-10T12:38:45.369] [DEBUG] debug-file - entry : default@MergeProfile cost memory 0.1505889892578125
[2026-05-10T12:38:45.369] [INFO] debug-file - UP-TO-DATE :entry:default@MergeProfile...  
[2026-05-10T12:38:45.370] [DEBUG] debug-file - Executing task :entry:default@CreateBuildProfile
[2026-05-10T12:38:45.370] [DEBUG] debug-file - Task 'entry:default@CreateBuildProfile' cost while wrapping incremental declarations: 1 ms 
[2026-05-10T12:38:45.371] [DEBUG] debug-file - Incremental task entry:default@CreateBuildProfile pre-execution cost: 1 ms .
[2026-05-10T12:38:45.371] [DEBUG] debug-file - entry : default@CreateBuildProfile cost memory 0.1143341064453125
[2026-05-10T12:38:45.371] [INFO] debug-file - UP-TO-DATE :entry:default@CreateBuildProfile...  
[2026-05-10T12:38:45.372] [DEBUG] debug-file - Executing task :entry:default@PreCheckSyscap
[2026-05-10T12:38:45.372] [DEBUG] debug-file - entry : default@PreCheckSyscap cost memory 0.01708984375
[2026-05-10T12:38:45.372] [DEBUG] debug-file - runTaskFromQueue task cost before running: 1 s 452 ms 
[2026-05-10T12:38:45.372] [INFO] debug-file - Finished :entry:default@PreCheckSyscap... after 1 ms 
[2026-05-10T12:38:45.373] [DEBUG] debug-file - Executing task :entry:default@GeneratePkgContextInfo
[2026-05-10T12:38:45.380] [DEBUG] debug-file - Task 'entry:default@GeneratePkgContextInfo' cost while wrapping incremental declarations: 1 ms 
[2026-05-10T12:38:45.380] [DEBUG] debug-file - entry : default@GeneratePkgContextInfo cost memory 0.33283233642578125
[2026-05-10T12:38:45.380] [DEBUG] debug-file - runTaskFromQueue task cost before running: 1 s 460 ms 
[2026-05-10T12:38:45.380] [INFO] debug-file - Finished :entry:default@GeneratePkgContextInfo... after 8 ms 
[2026-05-10T12:38:45.381] [DEBUG] debug-file - Executing task :entry:default@GeneratePkgSdkInfo
[2026-05-10T12:38:45.382] [DEBUG] debug-file - Task 'entry:default@GeneratePkgSdkInfo' cost while wrapping incremental declarations: 1 ms 
[2026-05-10T12:38:45.383] [DEBUG] debug-file - Incremental task entry:default@GeneratePkgSdkInfo pre-execution cost: 1 ms .
[2026-05-10T12:38:45.383] [DEBUG] debug-file - entry : default@GeneratePkgSdkInfo cost memory 0.13067626953125
[2026-05-10T12:38:45.383] [INFO] debug-file - UP-TO-DATE :entry:default@GeneratePkgSdkInfo...  
[2026-05-10T12:38:45.385] [DEBUG] debug-file - Executing task :entry:default@ProcessIntegratedHsp
[2026-05-10T12:38:45.385] [DEBUG] debug-file - entry:default@ProcessIntegratedHsp is not up-to-date, since the output file 'E:\project\My_project\OpenHarmony\frontend\build\cache\default\integrated_hsp\integratedHspCache.json' does not exist.
[2026-05-10T12:38:45.386] [DEBUG] debug-file - Incremental task entry:default@ProcessIntegratedHsp pre-execution cost: 1 ms .
[2026-05-10T12:38:45.386] [DEBUG] debug-file - entry : default@ProcessIntegratedHsp cost memory 0.054718017578125
[2026-05-10T12:38:45.386] [DEBUG] debug-file - runTaskFromQueue task cost before running: 1 s 465 ms 
[2026-05-10T12:38:45.386] [INFO] debug-file - Finished :entry:default@ProcessIntegratedHsp... after 1 ms 
[2026-05-10T12:38:45.387] [DEBUG] debug-file - Executing task :entry:default@BuildNativeWithCmake
[2026-05-10T12:38:45.387] [DEBUG] debug-file - entry : default@BuildNativeWithCmake cost memory 0.01495361328125
[2026-05-10T12:38:45.387] [DEBUG] debug-file - runTaskFromQueue task cost before running: 1 s 467 ms 
[2026-05-10T12:38:45.387] [INFO] debug-file - Finished :entry:default@BuildNativeWithCmake... after 1 ms 
[2026-05-10T12:38:45.388] [DEBUG] debug-file - Executing task :entry:default@MakePackInfo
[2026-05-10T12:38:45.389] [DEBUG] debug-file - Incremental task entry:default@MakePackInfo pre-execution cost: 1 ms .
[2026-05-10T12:38:45.389] [DEBUG] debug-file - entry : default@MakePackInfo cost memory 0.138275146484375
[2026-05-10T12:38:45.389] [INFO] debug-file - UP-TO-DATE :entry:default@MakePackInfo...  
[2026-05-10T12:38:45.390] [DEBUG] debug-file - Executing task :entry:default@SyscapTransform
[2026-05-10T12:38:45.390] [DEBUG] debug-file - File: 'E:\project\My_project\OpenHarmony\frontend\entry\src\main\syscap.json' from 'sysCapJsonPath' is not exists, just ignore.
[2026-05-10T12:38:45.391] [DEBUG] debug-file - Task 'entry:default@SyscapTransform' cost while wrapping incremental declarations: 1 ms 
[2026-05-10T12:38:45.402] [DEBUG] debug-file - entry:default@SyscapTransform is not up-to-date, since the output file 'E:\project\My_project\OpenHarmony\frontend\entry\build\default\intermediates\syscap\default\rpcid.sc' does not exist.
[2026-05-10T12:38:45.402] [DEBUG] debug-file - Incremental task entry:default@SyscapTransform pre-execution cost: 12 ms .
[2026-05-10T12:38:45.403] [DEBUG] debug-file - entry : default@SyscapTransform cost memory 0.15940093994140625
[2026-05-10T12:38:45.403] [DEBUG] debug-file - runTaskFromQueue task cost before running: 1 s 482 ms 
[2026-05-10T12:38:45.403] [INFO] debug-file - Finished :entry:default@SyscapTransform... after 13 ms 
[2026-05-10T12:38:45.404] [DEBUG] debug-file - Executing task :entry:default@ProcessProfile
[2026-05-10T12:38:45.406] [DEBUG] debug-file - Task 'entry:default@ProcessProfile' cost while wrapping incremental declarations: 1 ms 
[2026-05-10T12:38:45.407] [DEBUG] debug-file - Incremental task entry:default@ProcessProfile pre-execution cost: 1 ms .
[2026-05-10T12:38:45.407] [DEBUG] debug-file - entry : default@ProcessProfile cost memory 0.1428985595703125
[2026-05-10T12:38:45.407] [INFO] debug-file - UP-TO-DATE :entry:default@ProcessProfile...  
[2026-05-10T12:38:45.408] [DEBUG] debug-file - Executing task :entry:default@ProcessRouterMap
[2026-05-10T12:38:45.410] [DEBUG] debug-file - Incremental task entry:default@ProcessRouterMap pre-execution cost: 2 ms .
[2026-05-10T12:38:45.410] [DEBUG] debug-file - entry : default@ProcessRouterMap cost memory 0.1273040771484375
[2026-05-10T12:38:45.410] [INFO] debug-file - UP-TO-DATE :entry:default@ProcessRouterMap...  
[2026-05-10T12:38:45.411] [DEBUG] debug-file - Executing task :entry:default@ProcessShareConfig
[2026-05-10T12:38:45.411] [DEBUG] debug-file - Incremental task entry:default@ProcessShareConfig pre-execution cost: 1 ms .
[2026-05-10T12:38:45.411] [DEBUG] debug-file - entry : default@ProcessShareConfig cost memory 0.33837890625
[2026-05-10T12:38:45.412] [INFO] debug-file - UP-TO-DATE :entry:default@ProcessShareConfig...  
[2026-05-10T12:38:45.412] [DEBUG] debug-file - Executing task :entry:default@ProcessStartupConfig
[2026-05-10T12:38:45.412] [DEBUG] debug-file - Task 'entry:default@ProcessStartupConfig' cost while wrapping incremental declarations: 1 ms 
[2026-05-10T12:38:45.413] [DEBUG] debug-file - entry:default@ProcessStartupConfig is not up-to-date, since the output file 'E:\project\My_project\OpenHarmony\frontend\entry\build\default\intermediates\startup\default\startup_config.json' does not exist.
[2026-05-10T12:38:45.413] [DEBUG] debug-file - Incremental task entry:default@ProcessStartupConfig pre-execution cost: 1 ms .
[2026-05-10T12:38:45.413] [DEBUG] debug-file - entry : default@ProcessStartupConfig cost memory 0.0891265869140625
[2026-05-10T12:38:45.413] [DEBUG] debug-file - runTaskFromQueue task cost before running: 1 s 493 ms 
[2026-05-10T12:38:45.413] [INFO] debug-file - Finished :entry:default@ProcessStartupConfig... after 1 ms 
[2026-05-10T12:38:45.414] [DEBUG] debug-file - Executing task :entry:default@BuildNativeWithNinja
[2026-05-10T12:38:45.414] [DEBUG] debug-file - entry : default@BuildNativeWithNinja cost memory 0.0213165283203125
[2026-05-10T12:38:45.414] [DEBUG] debug-file - runTaskFromQueue task cost before running: 1 s 494 ms 
[2026-05-10T12:38:45.414] [INFO] debug-file - Finished :entry:default@BuildNativeWithNinja... after 1 ms 
[2026-05-10T12:38:45.415] [DEBUG] debug-file - restool module names: entry; moduleName=entry, taskName=default@ProcessResource
[2026-05-10T12:38:45.417] [DEBUG] debug-file - Executing task :entry:default@ProcessResource
[2026-05-10T12:38:45.418] [DEBUG] debug-file - Task 'entry:default@ProcessResource' cost while wrapping incremental declarations: 1 ms 
[2026-05-10T12:38:45.419] [DEBUG] debug-file - Incremental task entry:default@ProcessResource pre-execution cost: 1 ms .
[2026-05-10T12:38:45.419] [DEBUG] debug-file - entry : default@ProcessResource cost memory 0.1532135009765625
[2026-05-10T12:38:45.420] [INFO] debug-file - UP-TO-DATE :entry:default@ProcessResource...  
[2026-05-10T12:38:45.421] [DEBUG] debug-file - Executing task :entry:default@GenerateLoaderJson
[2026-05-10T12:38:45.421] [DEBUG] debug-file - Task 'entry:default@GenerateLoaderJson' cost while wrapping incremental declarations: 1 ms 
[2026-05-10T12:38:45.427] [DEBUG] debug-file - Incremental task entry:default@GenerateLoaderJson pre-execution cost: 3 ms .
[2026-05-10T12:38:45.427] [DEBUG] debug-file - entry : default@GenerateLoaderJson cost memory 0.49485015869140625
[2026-05-10T12:38:45.429] [INFO] debug-file - UP-TO-DATE :entry:default@GenerateLoaderJson...  
[2026-05-10T12:38:45.429] [DEBUG] debug-file - Executing task :entry:default@ProcessLibs
[2026-05-10T12:38:45.431] [DEBUG] debug-file - Incremental task entry:default@ProcessLibs pre-execution cost: 1 ms .
[2026-05-10T12:38:45.431] [DEBUG] debug-file - entry : default@ProcessLibs cost memory 0.10684967041015625
[2026-05-10T12:38:45.431] [INFO] debug-file - UP-TO-DATE :entry:default@ProcessLibs...  
[2026-05-10T12:38:45.432] [DEBUG] debug-file - restool module names: entry; moduleName=entry, taskName=default@CompileResource
[2026-05-10T12:38:45.432] [DEBUG] debug-file - Executing task :entry:default@CompileResource
[2026-05-10T12:38:45.439] [DEBUG] debug-file - Incremental task entry:default@CompileResource pre-execution cost: 6 ms .
[2026-05-10T12:38:45.439] [DEBUG] debug-file - entry : default@CompileResource cost memory 0.7161941528320312
[2026-05-10T12:38:45.440] [INFO] debug-file - UP-TO-DATE :entry:default@CompileResource...  
[2026-05-10T12:38:45.441] [DEBUG] debug-file - Executing task :entry:default@DoNativeStrip
[2026-05-10T12:38:45.441] [DEBUG] debug-file - File: 'E:\project\My_project\OpenHarmony\frontend\entry\build\default\intermediates\binxo\default' from 'doBinxoNativeLibs' is not exists, just ignore.
[2026-05-10T12:38:45.441] [DEBUG] debug-file - Task 'entry:default@DoNativeStrip' cost while wrapping incremental declarations: 1 ms 
[2026-05-10T12:38:45.441] [DEBUG] debug-file - Incremental task entry:default@DoNativeStrip pre-execution cost: 1 ms .
[2026-05-10T12:38:45.441] [DEBUG] debug-file - entry : default@DoNativeStrip cost memory 0.21353912353515625
[2026-05-10T12:38:45.441] [INFO] debug-file - UP-TO-DATE :entry:default@DoNativeStrip...  
[2026-05-10T12:38:45.443] [DEBUG] debug-file - Executing task :entry:default@CompileArkTS
[2026-05-10T12:38:45.443] [DEBUG] debug-file - obfuscationOptions: undefined
[2026-05-10T12:38:45.444] [DEBUG] debug-file - Task 'entry:default@CompileArkTS' cost while wrapping incremental declarations: 1 ms 
[2026-05-10T12:38:45.447] [DEBUG] debug-file - entry:default@CompileArkTS is not up-to-date, since the input file 'E:\project\My_project\OpenHarmony\frontend\entry\build\default\intermediates\loader\default' has been changed.
[2026-05-10T12:38:45.447] [DEBUG] debug-file - Incremental task entry:default@CompileArkTS pre-execution cost: 2 ms .
[2026-05-10T12:38:45.459] [DEBUG] debug-file - build config:
[2026-05-10T12:38:45.459] [DEBUG] debug-file - {
  moduleType: 'entry',
  perf: 0,
  targetName: '.default',
  packageManagerType: 'ohpm',
  localPropertiesPath: 'E:\\project\\My_project\\OpenHarmony\\frontend\\local.properties',
  isPreview: false,
  isOhosTest: false,
  isLocalTest: false,
  buildMode: 'Debug',
  hotReloadBuild: undefined,
  watchMode: 'false',
  aceProfilePath: 'E:\\project\\My_project\\OpenHarmony\\frontend\\entry\\build\\default\\intermediates\\res\\default\\resources\\base\\profile',
  etsLoaderPath: 'E:\\Program Files\\Huawei\\DevEco Studio\\sdk\\default\\openharmony\\ets\\build-tools\\ets-loader',
  modulePath: 'E:\\project\\My_project\\OpenHarmony\\frontend\\entry',
  testFrameworkPar: {
    testMode: undefined,
    coveragePathFilter: undefined,
    coverageMode: undefined
  },
  needCoverageInsert: false,
  debugLine: false,
  projectTopDir: 'E:\\project\\My_project\\OpenHarmony\\frontend',
  compileSdkVersion: 24,
  compatibleSdkVersion: 24,
  originCompatibleSdkVersion: '6.1.1(24)',
  compatibleSdkVersionStage: undefined,
  bundleName: 'c***h',
  etsLoaderVersion: '6.1.1.115',
  etsLoaderReleaseType: 'Beta1',
  aotCompileMode: 'type',
  apPath: 'E:\\project\\My_project\\OpenHarmony\\frontend\\entry\\modules.ap',
  entryModuleName: 'entry',
  entryModuleVersion: '1.0.0',
  entryPackageName: 'entry',
  allModuleNameHash: 'ce07020a89efc81a7e6eef6687a77f9b00a5d846c6bb29ca823e57a40b03e7bb',
  externalApiPaths: [
    'E:\\Program Files\\Huawei\\DevEco Studio\\sdk\\default\\hms\\ets'
  ],
  compilerTypes: [],
  isCrossplatform: false,
  hvigorPluginFile: undefined,
  compilePluginPath: undefined,
  buildGeneratedProfilePath: 'E:\\project\\My_project\\OpenHarmony\\frontend\\entry\\build\\default\\generated\\profile\\default',
  bundleType: 'app',
  arkTSVersion: undefined,
  apiVersion: 24,
  needCompleteSourcesMap: false,
  isFaMode: false,
  buildDir: 'E:\\project\\My_project\\OpenHarmony\\frontend\\entry\\build',
  deviceTypes: [ 'default', 'tablet' ],
  pkgContextInfo: undefined,
  ohPackagePathMap: {},
  dependencyAliasMap: {},
  permission: { requestPermissions: [ [Object] ], definePermissions: undefined },
  useGetCurrentBundleName: false,
  projectArkOption: undefined,
  sourceMapDir: undefined,
  branchElimination: false,
  transformLib: undefined,
  tsImportSendable: false,
  resolveConflictMode: true,
  depName2RootPath: {},
  depName2DepInfo: {},
  depName2OhExports: {},
  rootPathSet: [ 'E:\\project\\My_project\\OpenHarmony\\frontend' ],
  useNativeResolver: true,
  shouldEmitJs: true,
  useTscResolve: false,
  singleFileEmit: false,
  userProjectConfig: {
    autoLazyImport: false,
    allowEmptyBundleName: false,
    reExportCheckMode: 'noCheck',
    executionMode: 'memory',
    usePathPlaceholder: false,
    writeRollupCache: true,
    isExpandImportEnabled: false,
    expandImportExclude: '',
    lazyImportExclude: '',
    lazyImportInclude: '',
    ignoreCrossplatformCheck: false,
    isHarDeduplicateEnabled: false,
    skipOhModulesLint: false,
    enableStrictCheckOHModule: false,
    disableSendableCheckRules: [],
    useDeclarationFileSignature: false,
    customizedOptions: undefined,
    integratedHsp: false,
    isPreloadSoEnabled: false
  },
  executionMode: 'memory',
  arkCompileCachePath: 'E:\\project\\My_project\\OpenHarmony\\frontend\\entry\\build\\default\\cache\\default\\default@CompileArkTS\\esmodule',
  autoLazyFilter: undefined,
  isHarDeduplicateEnabled: false,
  intermediateHarDuplicateDirPath: 'E:\\project\\My_project\\OpenHarmony\\frontend\\entry\\build\\default\\intermediates\\har_duplicate\\default',
  autoLazyImport: false,
  allowEmptyBundleName: false,
  reExportCheckMode: 'noCheck',
  usePathPlaceholder: false,
  writeRollupCache: true,
  isExpandImportEnabled: false,
  expandImportExclude: '',
  lazyImportExclude: '',
  lazyImportInclude: '',
  ignoreCrossplatformCheck: false,
  skipOhModulesLint: false,
  enableStrictCheckOHModule: false,
  disableSendableCheckRules: [],
  useDeclarationFileSignature: false,
  customizedOptions: undefined,
  integratedHsp: false,
  isPreloadSoEnabled: false,
  strictMode: undefined,
  useNormalizedOHMUrl: false,
  caseSensitiveCheck: false,
  aceModuleJsonPath: 'E:\\project\\My_project\\OpenHarmony\\frontend\\entry\\build\\default\\intermediates\\res\\default\\ark_module.json',
  appResource: 'E:\\project\\My_project\\OpenHarmony\\frontend\\entry\\build\\default\\intermediates\\res\\default\\ResourceTable.txt',
  rawFileResource: 'E:\\project\\My_project\\OpenHarmony\\frontend\\entry\\build\\default\\intermediates\\res\\default\\resources\\rawfile',
  resourceTableHash: '65f34a2e4b63780d1d6c0614d8f19de78ca4a0f4f9875431e701e0d59ea2a136',
  runtimeOS: 'HarmonyOS',
  sdkInfo: 'false:24:6.1.1.115:Beta1',
  aceModuleRoot: 'E:\\project\\My_project\\OpenHarmony\\frontend\\entry\\src\\main\\ets',
  compileMode: 'esmodule',
  aceSuperVisualPath: 'E:\\project\\My_project\\OpenHarmony\\frontend\\entry\\src\\main\\supervisual',
  aceBuildJson: 'E:\\project\\My_project\\OpenHarmony\\frontend\\entry\\build\\default\\intermediates\\loader\\default\\loader.json',
  cachePath: 'E:\\project\\My_project\\OpenHarmony\\frontend\\entry\\build\\default\\cache\\default\\default@CompileArkTS\\esmodule\\debug',
  aceModuleBuild: 'E:\\project\\My_project\\OpenHarmony\\frontend\\entry\\build\\default\\intermediates\\loader_out\\default\\ets',
  supportChunks: true,
  declaredFilesPath: undefined,
  shouldCollectDirectImportees: false,
  isByteCodeHarOptimize: false,
  expandImportPath: undefined,
  resourceTableTs: 'E:\\project\\My_project\\OpenHarmony\\frontend\\entry\\build\\default\\generated\\r\\default\\ResourceTable.ts',
  moduleMetaInfoFiles: [
    {
      filePath: 'E:\\project\\My_project\\OpenHarmony\\frontend\\entry\\build\\default\\generated\\r\\default\\ResourceTable.ts',
      ohmurl: 'com.example.campusauth/entry/build/generated/r/ResourceTable'
    }
  ],
  pkgNameToPkgBriefInfo: {
    entry: {
      pkgRoot: 'E:\\project\\My_project\\OpenHarmony\\frontend\\entry',
      originalSourceRoots: undefined,
      sourceRoots: [Array],
      pkgName: 'entry'
    }
  },
  projectModel: {
    'E:\\project\\My_project\\OpenHarmony\\frontend\\entry\\src\\main': {
      moduleName: 'entry',
      modulePkgPath: 'E:\\project\\My_project\\OpenHarmony\\frontend\\entry',
      belongProjectPath: 'E:\\project\\My_project\\OpenHarmony\\frontend'
    },
    'E:\\project\\My_project\\OpenHarmony\\frontend\\entry': {
      moduleName: 'entry',
      modulePkgPath: 'E:\\project\\My_project\\OpenHarmony\\frontend\\entry',
      belongProjectPath: 'E:\\project\\My_project\\OpenHarmony\\frontend'
    },
    'E:\\project\\My_project\\OpenHarmony\\frontend': {
      moduleName: 'frontend',
      modulePkgPath: 'E:\\project\\My_project\\OpenHarmony\\frontend',
      belongProjectPath: 'E:\\project\\My_project\\OpenHarmony\\frontend'
    }
  },
  pkgJsonFileHash: '73bedc6cd266758e220700fffe08c7455ae29fd8b5c2b7b7a62c3d32d45eb2ec',
  allModulePaths: [ 'E:\\project\\My_project\\OpenHarmony\\frontend\\entry' ],
  routerMap: {},
  obfuscationOptions: undefined,
  byteCodeHarToDependencyKeys: undefined,
  compileBlockPkg: [],
  mockParams: {
    decorator: '@MockSetup',
    packageName: '@ohos/hamock',
    etsSourceRootPath: 'src/main/ets',
    mockConfigPath: undefined,
    mockConfigKey2ModuleInfo: {},
    source2ModuleIdMap: {}
  },
  copyCodeResourceEnable: true,
  copyCodeResourceExcludes: [],
  copyCodeResourceIncludes: undefined,
  uiTransformOptimization: false,
  sdkPath: 'E:/Program Files/Huawei/DevEco Studio/sdk',
  needPreloadSoFileSet: {},
  preloadSoFilePath: 'E:\\project\\My_project\\OpenHarmony\\frontend\\entry\\build\\default\\intermediates\\preload\\default\\preload.json',
  useSourceHash: false,
  localModuleParamMap: {},
  otherPaths: {
    'entry/*': [
      '..\\*',
      '..\\..\\..\\build\\default\\generated\\profile\\default\\*'
    ]
  },
  collectImportersConfig: {
    relativeDir: 'E:\\project\\My_project\\OpenHarmony\\frontend\\entry\\src\\main\\ets',
    buildConfigJsonPath: 'E:\\project\\My_project\\OpenHarmony\\frontend\\entry\\build\\config\\buildConfig.json',
    isReload: false,
    patchPath: 'E:\\project\\My_project\\OpenHarmony\\frontend\\entry\\build\\default\\intermediates\\patch\\default'
  }
}
[2026-05-10T12:38:45.459] [DEBUG] debug-file - Compile arkts with external api path: E:\Program Files\Huawei\DevEco Studio\sdk\default\hms\ets
[2026-05-10T12:38:45.461] [DEBUG] debug-file - default@CompileArkTS work[0] is submitted.
[2026-05-10T12:38:45.461] [DEBUG] debug-file - default@CompileArkTS work[0] is pushed to ready queue.
[2026-05-10T12:38:45.461] [DEBUG] debug-file - A work dispatched to worker[15] failed because unable to get work from ready queue.
[2026-05-10T12:38:45.461] [DEBUG] debug-file - A work dispatched to worker[14] failed because unable to get work from ready queue.
[2026-05-10T12:38:45.461] [DEBUG] debug-file - A work dispatched to worker[13] failed because unable to get work from ready queue.
[2026-05-10T12:38:45.461] [DEBUG] debug-file - A work dispatched to worker[12] failed because unable to get work from ready queue.
[2026-05-10T12:38:45.461] [DEBUG] debug-file - A work dispatched to worker[11] failed because unable to get work from ready queue.
[2026-05-10T12:38:45.461] [DEBUG] debug-file - A work dispatched to worker[10] failed because unable to get work from ready queue.
[2026-05-10T12:38:45.461] [DEBUG] debug-file - A work dispatched to worker[9] failed because unable to get work from ready queue.
[2026-05-10T12:38:45.461] [DEBUG] debug-file - A work dispatched to worker[8] failed because unable to get work from ready queue.
[2026-05-10T12:38:45.461] [DEBUG] debug-file - A work dispatched to worker[7] failed because unable to get work from ready queue.
[2026-05-10T12:38:45.462] [DEBUG] debug-file - A work dispatched to worker[6] failed because unable to get work from ready queue.
[2026-05-10T12:38:45.462] [DEBUG] debug-file - A work dispatched to worker[5] failed because unable to get work from ready queue.
[2026-05-10T12:38:45.462] [DEBUG] debug-file - Create  resident worker with id: 4.
[2026-05-10T12:38:45.463] [DEBUG] debug-file - default@CompileArkTS work[0] has been dispatched to worker[4].
[2026-05-10T12:38:45.463] [DEBUG] debug-file - default@CompileArkTS work[0] is dispatched.
[2026-05-10T12:38:45.463] [DEBUG] debug-file - CopyResources startTime: 5866144986000
[2026-05-10T12:38:45.463] [DEBUG] debug-file - default@CompileArkTS work[1] is submitted.
[2026-05-10T12:38:45.463] [DEBUG] debug-file - default@CompileArkTS work[1] is pushed to ready queue.
[2026-05-10T12:38:45.463] [DEBUG] debug-file - A work dispatched to worker[15] failed because unable to get work from ready queue.
[2026-05-10T12:38:45.463] [DEBUG] debug-file - Create  resident worker with id: 14.
[2026-05-10T12:38:45.463] [DEBUG] debug-file - default@CompileArkTS work[1] has been dispatched to worker[14].
[2026-05-10T12:38:45.464] [DEBUG] debug-file - default@CompileArkTS work[1] is dispatched.
[2026-05-10T12:38:45.464] [DEBUG] debug-file - entry : default@CompileArkTS cost memory 1.4725799560546875
[2026-05-10T12:38:45.465] [DEBUG] debug-file - Executing task :entry:default@BuildJS
[2026-05-10T12:38:45.465] [DEBUG] debug-file - Task 'entry:default@BuildJS' cost while wrapping incremental declarations: 1 ms 
[2026-05-10T12:38:45.466] [DEBUG] debug-file - entry : default@BuildJS cost memory 0.159881591796875
[2026-05-10T12:38:45.466] [DEBUG] debug-file - runTaskFromQueue task cost before running: 1 s 546 ms 
[2026-05-10T12:38:45.466] [INFO] debug-file - Finished :entry:default@BuildJS... after 2 ms 
[2026-05-10T12:38:45.467] [DEBUG] debug-file - Executing task :entry:default@CacheNativeLibs
[2026-05-10T12:38:45.467] [DEBUG] debug-file - File: 'E:\project\My_project\OpenHarmony\frontend\entry\build\default\intermediates\binxo\default' from 'cacheBinxoNativeLibs' is not exists, just ignore.
[2026-05-10T12:38:45.467] [DEBUG] debug-file - Task 'entry:default@CacheNativeLibs' cost while wrapping incremental declarations: 1 ms 
[2026-05-10T12:38:45.468] [DEBUG] debug-file - Incremental task entry:default@CacheNativeLibs pre-execution cost: 1 ms .
[2026-05-10T12:38:45.468] [DEBUG] debug-file - entry : default@CacheNativeLibs cost memory 0.09398651123046875
[2026-05-10T12:38:45.468] [INFO] debug-file - UP-TO-DATE :entry:default@CacheNativeLibs...  
[2026-05-10T12:38:45.927] [DEBUG] debug-file - worker[14] has one work done.
[2026-05-10T12:38:45.927] [DEBUG] debug-file - CopyResources is end, endTime: 5866609697300
[2026-05-10T12:38:45.928] [DEBUG] debug-file - default@CompileArkTS work[1] done.
[2026-05-10T12:38:45.928] [DEBUG] debug-file - A work dispatched to worker[14] failed because unable to get work from ready queue.
[2026-05-10T12:38:49.124] [WARN] debug-file - [33mWARN: [33m[33mArkTS:WARN File: E:/project/My_project/OpenHarmony/frontend/entry/src/main/ets/entryability/EntryAbility.ets:6:5
 Function may throw exceptions. Special handling is required.
[39m[39m
[33mWARN: [33m[33mArkTS:WARN File: E:/project/My_project/OpenHarmony/frontend/entry/src/main/ets/pages/LoginPage.ets:28:7
 Function may throw exceptions. Special handling is required.
[39m[39m
[33mWARN: [33m[33mArkTS:WARN File: E:/project/My_project/OpenHarmony/frontend/entry/src/main/ets/pages/LoginPage.ets:28:14
 'replaceUrl' has been deprecated.
[39m[39m
[33mWARN: [33m[33mArkTS:WARN File: E:/project/My_project/OpenHarmony/frontend/entry/src/main/ets/pages/LoginPage.ets:46:22
 'showToast' has been deprecated.
[39m[39m
[33mWARN: [33m[33mArkTS:WARN File: E:/project/My_project/OpenHarmony/frontend/entry/src/main/ets/pages/LoginPage.ets:51:20
 'showToast' has been deprecated.
[39m[39m
[33mWARN: [33m[33mArkTS:WARN File: E:/project/My_project/OpenHarmony/frontend/entry/src/main/ets/pages/LoginPage.ets:52:14
 'replaceUrl' has been deprecated.
[39m[39m
[33mWARN: [33m[33mArkTS:WARN File: E:/project/My_project/OpenHarmony/frontend/entry/src/main/ets/pages/LoginPage.ets:68:5
 Function may throw exceptions. Special handling is required.
[39m[39m
[33mWARN: [33m[33mArkTS:WARN File: E:/project/My_project/OpenHarmony/frontend/entry/src/main/ets/pages/LoginPage.ets:68:12
 'pushUrl' has been deprecated.
[39m[39m
[33mWARN: [33m[33mArkTS:WARN File: E:/project/My_project/OpenHarmony/frontend/entry/src/main/ets/components/PageTitleBar.ets:19:33
 'back' has been deprecated.
[39m[39m
[33mWARN: [33m[33mArkTS:WARN File: E:/project/My_project/OpenHarmony/frontend/entry/src/main/ets/pages/RegisterPage.ets:28:5
 Function may throw exceptions. Special handling is required.
[39m[39m
[33mWARN: [33m[33mArkTS:WARN File: E:/project/My_project/OpenHarmony/frontend/entry/src/main/ets/pages/RegisterPage.ets:28:12
 'replaceUrl' has been deprecated.
[39m[39m
[33mWARN: [33m[33mArkTS:WARN File: E:/project/My_project/OpenHarmony/frontend/entry/src/main/ets/pages/RegisterPage.ets:78:7
 Function may throw exceptions. Special handling is required.
[39m[39m
[33mWARN: [33m[33mArkTS:WARN File: E:/project/My_project/OpenHarmony/frontend/entry/src/main/ets/pages/RegisterPage.ets:78:20
 'showToast' has been deprecated.
[39m[39m
[33mWARN: [33m[33mArkTS:WARN File: E:/project/My_project/OpenHarmony/frontend/entry/src/main/ets/pages/RegisterPage.ets:100:24
 'showToast' has been deprecated.
[39m[39m
[33mWARN: [33m[33mArkTS:WARN File: E:/project/My_project/OpenHarmony/frontend/entry/src/main/ets/pages/RegisterPage.ets:103:22
 'showToast' has been deprecated.
[39m[39m
[33mWARN: [33m[33mArkTS:WARN File: E:/project/My_project/OpenHarmony/frontend/entry/src/main/ets/pages/RegisterPage.ets:104:16
 'replaceUrl' has been deprecated.
[39m[39m
[33mWARN: [33m[33mArkTS:WARN File: E:/project/My_project/OpenHarmony/frontend/entry/src/main/ets/pages/RegisterPage.ets:109:22
 'showToast' has been deprecated.
[39m[39m
[33mWARN: [33m[33mArkTS:WARN File: E:/project/My_project/OpenHarmony/frontend/entry/src/main/ets/utils/PermissionUtil.ets:37:7
 Function may throw exceptions. Special handling is required.
[39m[39m
[33mWARN: [33m[33mArkTS:WARN File: E:/project/My_project/OpenHarmony/frontend/entry/src/main/ets/utils/PermissionUtil.ets:37:14
 'replaceUrl' has been deprecated.
[39m[39m
[33mWARN: [33m[33mArkTS:WARN File: E:/project/My_project/OpenHarmony/frontend/entry/src/main/ets/utils/PermissionUtil.ets:41:7
 Function may throw exceptions. Special handling is required.
[39m[39m
[33mWARN: [33m[33mArkTS:WARN File: E:/project/My_project/OpenHarmony/frontend/entry/src/main/ets/utils/PermissionUtil.ets:41:20
 'showToast' has been deprecated.
[39m[39m
[33mWARN: [33m[33mArkTS:WARN File: E:/project/My_project/OpenHarmony/frontend/entry/src/main/ets/utils/PermissionUtil.ets:42:7
 Function may throw exceptions. Special handling is required.
[39m[39m
[33mWARN: [33m[33mArkTS:WARN File: E:/project/My_project/OpenHarmony/frontend/entry/src/main/ets/utils/PermissionUtil.ets:42:14
 'replaceUrl' has been deprecated.
[39m[39m
[33mWARN: [33m[33mArkTS:WARN File: E:/project/My_project/OpenHarmony/frontend/entry/src/main/ets/pages/OverviewPage.ets:41:7
 Function may throw exceptions. Special handling is required.
[39m[39m
[33mWARN: [33m[33mArkTS:WARN File: E:/project/My_project/OpenHarmony/frontend/entry/src/main/ets/pages/OverviewPage.ets:41:14
 'replaceUrl' has been deprecated.
[39m[39m
[33mWARN: [33m[33mArkTS:WARN File: E:/project/My_project/OpenHarmony/frontend/entry/src/main/ets/pages/OverviewPage.ets:128:7
 Function may throw exceptions. Special handling is required.
[39m[39m
[33mWARN: [33m[33mArkTS:WARN File: E:/project/My_project/OpenHarmony/frontend/entry/src/main/ets/pages/OverviewPage.ets:128:20
 'showToast' has been deprecated.
[39m[39m
[33mWARN: [33m[33mArkTS:WARN File: E:/project/My_project/OpenHarmony/frontend/entry/src/main/ets/pages/OverviewPage.ets:132:14
 'pushUrl' has been deprecated.
[39m[39m
[33mWARN: [33m[33mArkTS:WARN File: E:/project/My_project/OpenHarmony/frontend/entry/src/main/ets/pages/OverviewPage.ets:137:17
 'show' has been deprecated.
[39m[39m
[33mWARN: [33m[33mArkTS:WARN File: E:/project/My_project/OpenHarmony/frontend/entry/src/main/ets/pages/OverviewPage.ets:146:24
 'showToast' has been deprecated.
[39m[39m
[33mWARN: [33m[33mArkTS:WARN File: E:/project/My_project/OpenHarmony/frontend/entry/src/main/ets/pages/OverviewPage.ets:147:18
 'replaceUrl' has been deprecated.
[39m[39m
[33mWARN: [33m[33mArkTS:WARN File: E:/project/My_project/OpenHarmony/frontend/entry/src/main/ets/pages/DefenseDemoPage.ets:39:7
 Function may throw exceptions. Special handling is required.
[39m[39m
[33mWARN: [33m[33mArkTS:WARN File: E:/project/My_project/OpenHarmony/frontend/entry/src/main/ets/pages/DefenseDemoPage.ets:39:20
 'showToast' has been deprecated.
[39m[39m
[33mWARN: [33m[33mArkTS:WARN File: E:/project/My_project/OpenHarmony/frontend/entry/src/main/ets/pages/DefenseDemoPage.ets:66:20
 'showToast' has been deprecated.
[39m[39m
[33mWARN: [33m[33mArkTS:WARN File: E:/project/My_project/OpenHarmony/frontend/entry/src/main/ets/pages/DashboardPage.ets:37:7
 Function may throw exceptions. Special handling is required.
[39m[39m
[33mWARN: [33m[33mArkTS:WARN File: E:/project/My_project/OpenHarmony/frontend/entry/src/main/ets/pages/DashboardPage.ets:37:14
 'replaceUrl' has been deprecated.
[39m[39m
[33mWARN: [33m[33mArkTS:WARN File: E:/project/My_project/OpenHarmony/frontend/entry/src/main/ets/pages/DashboardPage.ets:61:7
 Function may throw exceptions. Special handling is required.
[39m[39m
[33mWARN: [33m[33mArkTS:WARN File: E:/project/My_project/OpenHarmony/frontend/entry/src/main/ets/pages/DashboardPage.ets:61:20
 'showToast' has been deprecated.
[39m[39m
[33mWARN: [33m[33mArkTS:WARN File: E:/project/My_project/OpenHarmony/frontend/entry/src/main/ets/pages/DashboardPage.ets:64:5
 Function may throw exceptions. Special handling is required.
[39m[39m
[33mWARN: [33m[33mArkTS:WARN File: E:/project/My_project/OpenHarmony/frontend/entry/src/main/ets/pages/DashboardPage.ets:64:12
 'pushUrl' has been deprecated.
[39m[39m
[33mWARN: [33m[33mArkTS:WARN File: E:/project/My_project/OpenHarmony/frontend/entry/src/main/ets/pages/DashboardPage.ets:78:17
 'show' has been deprecated.
[39m[39m
[33mWARN: [33m[33mArkTS:WARN File: E:/project/My_project/OpenHarmony/frontend/entry/src/main/ets/pages/DashboardPage.ets:91:24
 'showToast' has been deprecated.
[39m[39m
[33mWARN: [33m[33mArkTS:WARN File: E:/project/My_project/OpenHarmony/frontend/entry/src/main/ets/pages/DashboardPage.ets:92:18
 'replaceUrl' has been deprecated.
[39m[39m
[33mWARN: [33m[33mArkTS:WARN File: E:/project/My_project/OpenHarmony/frontend/entry/src/main/ets/pages/AuthPage.ets:320:33
 'pushUrl' has been deprecated.
[39m[39m
[33mWARN: [33m[33mArkTS:WARN File: E:/project/My_project/OpenHarmony/frontend/entry/src/main/ets/pages/DeviceBindPage.ets:27:17
 'show' has been deprecated.
[39m[39m
[33mWARN: [33m[33mArkTS:WARN File: E:/project/My_project/OpenHarmony/frontend/entry/src/main/ets/pages/DeviceBindPage.ets:37:24
 'showToast' has been deprecated.
[39m[39m
[33mWARN: [33m[33mArkTS:WARN File: E:/project/My_project/OpenHarmony/frontend/entry/src/main/ets/pages/AuthPermissionPage.ets:46:5
 Function may throw exceptions. Special handling is required.
[39m[39m
[33mWARN: [33m[33mArkTS:WARN File: E:/project/My_project/OpenHarmony/frontend/entry/src/main/ets/pages/AuthPermissionPage.ets:46:18
 'showToast' has been deprecated.
[39m[39m
[33mWARN: [33m[33mArkTS:WARN File: E:/project/My_project/OpenHarmony/frontend/entry/src/main/ets/pages/TerminalFilingPage.ets:24:17
 'show' has been deprecated.
[39m[39m
[33mWARN: [33m[33mArkTS:WARN File: E:/project/My_project/OpenHarmony/frontend/entry/src/main/ets/pages/TerminalFilingPage.ets:34:24
 'showToast' has been deprecated.
[39m[39m
[33mWARN: [33m[33mArkTS:WARN File: E:/project/My_project/OpenHarmony/frontend/entry/src/main/ets/pages/AdminPermissionPage.ets:24:17
 'show' has been deprecated.
[39m[39m
[33mWARN: [33m[33mArkTS:WARN File: E:/project/My_project/OpenHarmony/frontend/entry/src/main/ets/pages/AdminPermissionPage.ets:34:24
 'showToast' has been deprecated.
[39m[39m
[33mWARN: [33m[33mArkTS:WARN File: E:/project/My_project/OpenHarmony/frontend/entry/src/main/ets/pages/AccessRuleConfigPage.ets:24:17
 'show' has been deprecated.
[39m[39m
[33mWARN: [33m[33mArkTS:WARN File: E:/project/My_project/OpenHarmony/frontend/entry/src/main/ets/pages/AccessRuleConfigPage.ets:34:24
 'showToast' has been deprecated.
[39m[39m
[33mWARN: [33m[33mArkTS:WARN File: E:/project/My_project/OpenHarmony/frontend/entry/src/main/ets/pages/BlacklistPage.ets:26:17
 'show' has been deprecated.
[39m[39m
[33mWARN: [33m[33mArkTS:WARN File: E:/project/My_project/OpenHarmony/frontend/entry/src/main/ets/pages/BlacklistPage.ets:36:24
 'showToast' has been deprecated.
[39m[39m

[2026-05-10T12:38:49.125] [DEBUG] debug-file - Ark compile task finished.finished time is 5869807007000
[2026-05-10T12:38:49.125] [DEBUG] debug-file - worker[4] has one work done.
[2026-05-10T12:38:49.126] [DEBUG] debug-file - default@CompileArkTS work[0] done.
[2026-05-10T12:38:49.126] [DEBUG] debug-file - A work dispatched to worker[4] failed because unable to get work from ready queue.
[2026-05-10T12:38:49.127] [INFO] debug-file - Finished :entry:default@CompileArkTS... after 2 s 494 ms 
[2026-05-10T12:38:49.128] [DEBUG] debug-file - Executing task :entry:default@GeneratePkgModuleJson
[2026-05-10T12:38:49.128] [DEBUG] debug-file - File: 'E:\project\My_project\OpenHarmony\frontend\entry\build\default\intermediates\preload\default\preload.json' from 'preloadSoJsonPath' is not exists, just ignore.
[2026-05-10T12:38:49.128] [DEBUG] debug-file - Error occurs while handling @Input 'shouldDeduplicateHar': The "data" argument must be of type string or an instance of Buffer, TypedArray, or DataView. Received undefined
[2026-05-10T12:38:49.128] [DEBUG] debug-file - Task 'entry:default@GeneratePkgModuleJson' cost while wrapping incremental declarations: 1 ms 
[2026-05-10T12:38:49.129] [DEBUG] debug-file - Incremental task entry:default@GeneratePkgModuleJson pre-execution cost: 1 ms .
[2026-05-10T12:38:49.129] [DEBUG] debug-file - entry : default@GeneratePkgModuleJson cost memory 0.09310150146484375
[2026-05-10T12:38:49.129] [INFO] debug-file - UP-TO-DATE :entry:default@GeneratePkgModuleJson...  
[2026-05-10T12:38:49.129] [DEBUG] debug-file - Executing task :entry:default@ProcessCompiledResources
[2026-05-10T12:38:49.129] [DEBUG] debug-file - File: 'E:\project\My_project\OpenHarmony\frontend\entry\build\default\intermediates\preload\default\preload.json' from 'preloadSoJsonPath' is not exists, just ignore.
[2026-05-10T12:38:49.129] [DEBUG] debug-file - Task 'entry:default@ProcessCompiledResources' cost while wrapping incremental declarations: 1 ms 
[2026-05-10T12:38:49.130] [DEBUG] debug-file - entry : default@ProcessCompiledResources cost memory 0.0618743896484375
[2026-05-10T12:38:49.130] [DEBUG] debug-file - runTaskFromQueue task cost before running: 5 s 209 ms 
[2026-05-10T12:38:49.130] [INFO] debug-file - Finished :entry:default@ProcessCompiledResources... after 1 ms 
[2026-05-10T12:38:49.131] [DEBUG] debug-file - Executing task :entry:default@PackageHap
[2026-05-10T12:38:49.134] [DEBUG] debug-file - entry:default@PackageHap is not up-to-date, since the input file 'E:\project\My_project\OpenHarmony\frontend\entry\build\default\intermediates\loader_out\default\ets' has been changed.
[2026-05-10T12:38:49.134] [DEBUG] debug-file - Incremental task entry:default@PackageHap pre-execution cost: 3 ms .
[2026-05-10T12:38:49.135] [DEBUG] debug-file - Use tool [E:\Program Files\Huawei\DevEco Studio\sdk\default\openharmony\toolchains\lib\app_packing_tool.jar]
 [
  'java',
  '-Dfile.encoding=GBK',
  '-jar',
  'E:\\Program Files\\Huawei\\DevEco Studio\\sdk\\default\\openharmony\\toolchains\\lib\\app_packing_tool.jar',
  '--mode',
  'hap',
  '--force',
  'true',
  '--lib-path',
  'E:\\project\\My_project\\OpenHarmony\\frontend\\entry\\build\\default\\intermediates\\stripped_native_libs\\default',
  '--json-path',
  'E:\\project\\My_project\\OpenHarmony\\frontend\\entry\\build\\default\\intermediates\\package\\default\\module.json',
  '--resources-path',
  'E:\\project\\My_project\\OpenHarmony\\frontend\\entry\\build\\default\\intermediates\\res\\default\\resources',
  '--index-path',
  'E:\\project\\My_project\\OpenHarmony\\frontend\\entry\\build\\default\\intermediates\\res\\default\\resources.index',
  '--pack-info-path',
  'E:\\project\\My_project\\OpenHarmony\\frontend\\entry\\build\\default\\outputs\\default\\pack.info',
  '--out-path',
  'E:\\project\\My_project\\OpenHarmony\\frontend\\entry\\build\\default\\outputs\\default\\entry-default-unsigned.hap',
  '--ets-path',
  'E:\\project\\My_project\\OpenHarmony\\frontend\\entry\\build\\default\\intermediates\\loader_out\\default\\ets',
  '--pkg-sdk-info-path',
  'E:\\project\\My_project\\OpenHarmony\\frontend\\entry\\build\\default\\intermediates\\loader\\default\\pkgSdkInfo.json'
]
[2026-05-10T12:38:49.136] [DEBUG] debug-file - default@PackageHap work[2] is submitted.
[2026-05-10T12:38:49.136] [DEBUG] debug-file - default@PackageHap work[2] is pushed to ready queue.
[2026-05-10T12:38:49.136] [DEBUG] debug-file - A work dispatched to worker[15] failed because unable to get work from ready queue.
[2026-05-10T12:38:49.136] [DEBUG] debug-file - default@PackageHap work[2] has been dispatched to worker[14].
[2026-05-10T12:38:49.136] [DEBUG] debug-file - default@PackageHap work[2] is dispatched.
[2026-05-10T12:38:49.137] [DEBUG] debug-file - entry : default@PackageHap cost memory 0.6097793579101562
[2026-05-10T12:38:49.235] [DEBUG] debug-file - current process  memoryUsage: {
  rss: 767217664,
  heapTotal: 79499264,
  heapUsed: 54093752,
  external: 4151812,
  arrayBuffers: 22767
} os memoryUsage :20.368576049804688
[2026-05-10T12:38:49.561] [DEBUG] debug-file - worker[14] has one work done.
[2026-05-10T12:38:49.561] [DEBUG] debug-file - default@PackageHap work[2] done.
[2026-05-10T12:38:49.561] [DEBUG] debug-file - A work dispatched to worker[14] failed because unable to get work from ready queue.
[2026-05-10T12:38:49.562] [INFO] debug-file - Finished :entry:default@PackageHap... after 334 ms 
[2026-05-10T12:38:49.563] [DEBUG] debug-file - Executing task :entry:default@PackingCheck
[2026-05-10T12:38:49.568] [DEBUG] debug-file - entry : default@PackingCheck cost memory 0.515533447265625
[2026-05-10T12:38:49.568] [DEBUG] debug-file - runTaskFromQueue task cost before running: 5 s 647 ms 
[2026-05-10T12:38:49.568] [INFO] debug-file - Finished :entry:default@PackingCheck... after 5 ms 
[2026-05-10T12:38:49.569] [DEBUG] debug-file - Executing task :entry:default@SignHap
[2026-05-10T12:38:49.569] [WARN] debug-file - Will skip sign 'hos_hap'. No signingConfigs profile is configured in current project.
             If needed, configure the signingConfigs in E:\project\My_project\OpenHarmony\frontend\build-profile.json5.
[2026-05-10T12:38:49.570] [DEBUG] debug-file - entry:default@SignHap is not up-to-date, since the input file 'E:\project\My_project\OpenHarmony\frontend\entry\build\default\outputs\default\entry-default-unsigned.hap' has been changed.
[2026-05-10T12:38:49.570] [DEBUG] debug-file - Incremental task entry:default@SignHap pre-execution cost: 1 ms .
[2026-05-10T12:38:49.570] [DEBUG] debug-file - entry : default@SignHap cost memory 0.08441162109375
[2026-05-10T12:38:49.570] [DEBUG] debug-file - runTaskFromQueue task cost before running: 5 s 650 ms 
[2026-05-10T12:38:49.571] [INFO] debug-file - Finished :entry:default@SignHap... after 2 ms 
[2026-05-10T12:38:49.571] [DEBUG] debug-file - Executing task :entry:default@CollectDebugSymbol
[2026-05-10T12:38:49.572] [DEBUG] debug-file - entry : default@CollectDebugSymbol cost memory 0.0875091552734375
[2026-05-10T12:38:49.572] [DEBUG] debug-file - runTaskFromQueue task cost before running: 5 s 652 ms 
[2026-05-10T12:38:49.572] [INFO] debug-file - Finished :entry:default@CollectDebugSymbol... after 1 ms 
[2026-05-10T12:38:49.572] [DEBUG] debug-file - Executing task :entry:assembleHap
[2026-05-10T12:38:49.572] [DEBUG] debug-file - entry : assembleHap cost memory 0.014678955078125
[2026-05-10T12:38:49.573] [DEBUG] debug-file - runTaskFromQueue task cost before running: 5 s 652 ms 
[2026-05-10T12:38:49.573] [INFO] debug-file - Finished :entry:assembleHap... after 1 ms 
[2026-05-10T12:38:49.574] [INFO] debug-file - BUILD SUCCESSFUL in 5 s 653 ms 
[2026-05-10T12:38:49.576] [DEBUG] debug-file - Update task entry:default@PreBuild input file:E:\project\My_project\OpenHarmony\frontend\AppScope\app.json5 cache by regenerate.
[2026-05-10T12:38:49.576] [DEBUG] debug-file - Update task entry:default@PreBuild input file:E:\project\My_project\OpenHarmony\frontend\entry\src\main\module.json5 cache by regenerate.
[2026-05-10T12:38:49.576] [DEBUG] debug-file - Update task entry:default@PreBuild input file:E:\project\My_project\OpenHarmony\frontend\build-profile.json5 cache by regenerate.
[2026-05-10T12:38:49.576] [DEBUG] debug-file - Update task entry:default@PreBuild input file:E:\project\My_project\OpenHarmony\frontend\entry\build-profile.json5 cache by regenerate.
[2026-05-10T12:38:49.576] [DEBUG] debug-file - Update task entry:default@PreBuild input file:E:\project\My_project\OpenHarmony\frontend\entry\src\main\resources\base\profile\main_pages.json cache by regenerate.
[2026-05-10T12:38:49.577] [DEBUG] debug-file - Update task entry:default@PreBuild input file:E:\project\My_project\OpenHarmony\frontend\hvigor\hvigor-config.json5 cache by regenerate.
[2026-05-10T12:38:49.577] [DEBUG] debug-file - Update task entry:default@PreBuild input file:E:\project\My_project\OpenHarmony\frontend\entry\oh-package.json5 cache by regenerate.
[2026-05-10T12:38:49.577] [DEBUG] debug-file - Update task entry:default@PreBuild input file:E:\project\My_project\OpenHarmony\frontend\oh-package.json5 cache by regenerate.
[2026-05-10T12:38:49.577] [DEBUG] debug-file - Incremental task entry:default@PreBuild post-execution cost:3 ms .
[2026-05-10T12:38:49.577] [DEBUG] debug-file - Update task entry:default@CreateModuleInfo output file:E:\project\My_project\OpenHarmony\frontend\entry\build\default\generated\profile\default\ModuleInfo.ts cache.
[2026-05-10T12:38:49.579] [DEBUG] debug-file - Incremental task entry:default@CreateModuleInfo post-execution cost:2 ms .
[2026-05-10T12:38:49.579] [DEBUG] debug-file - There is no need to refresh cache, since the incremental task entry:default@GenerateMetadata is up-to-date.
[2026-05-10T12:38:49.579] [DEBUG] debug-file - There is no need to refresh cache, since the incremental task entry:default@MergeProfile is up-to-date.
[2026-05-10T12:38:49.579] [DEBUG] debug-file - There is no need to refresh cache, since the incremental task entry:default@CreateBuildProfile is up-to-date.
[2026-05-10T12:38:49.579] [DEBUG] debug-file - Update task entry:default@GeneratePkgContextInfo output file:E:\project\My_project\OpenHarmony\frontend\entry\build\default\intermediates\loader\default\pkgContextInfo.json cache.
[2026-05-10T12:38:49.579] [DEBUG] debug-file - Incremental task entry:default@GeneratePkgContextInfo post-execution cost:1 ms .
[2026-05-10T12:38:49.579] [DEBUG] debug-file - There is no need to refresh cache, since the incremental task entry:default@GeneratePkgSdkInfo is up-to-date.
[2026-05-10T12:38:49.579] [DEBUG] debug-file - Update task entry:default@ProcessIntegratedHsp output file:E:\project\My_project\OpenHarmony\frontend\build\cache\default\integrated_hsp\integratedHspCache.json cache.
[2026-05-10T12:38:49.579] [DEBUG] debug-file - Incremental task entry:default@ProcessIntegratedHsp post-execution cost:1 ms .
[2026-05-10T12:38:49.579] [DEBUG] debug-file - There is no need to refresh cache, since the incremental task entry:default@MakePackInfo is up-to-date.
[2026-05-10T12:38:49.579] [DEBUG] debug-file - Update task entry:default@SyscapTransform input file:E:\Program Files\Huawei\DevEco Studio\sdk\default\openharmony\toolchains\syscap_tool.exe cache by regenerate.
[2026-05-10T12:38:49.579] [DEBUG] debug-file - Update task entry:default@SyscapTransform input file:E:\Program Files\Huawei\DevEco Studio\sdk\default\openharmony\ets\api\device-define cache by regenerate.
[2026-05-10T12:38:49.580] [DEBUG] debug-file - Update task entry:default@SyscapTransform output file:E:\project\My_project\OpenHarmony\frontend\entry\build\default\intermediates\syscap\default\rpcid.sc cache.
[2026-05-10T12:38:49.580] [DEBUG] debug-file - Incremental task entry:default@SyscapTransform post-execution cost:1 ms .
[2026-05-10T12:38:49.580] [DEBUG] debug-file - There is no need to refresh cache, since the incremental task entry:default@ProcessProfile is up-to-date.
[2026-05-10T12:38:49.580] [DEBUG] debug-file - There is no need to refresh cache, since the incremental task entry:default@ProcessRouterMap is up-to-date.
[2026-05-10T12:38:49.580] [DEBUG] debug-file - There is no need to refresh cache, since the incremental task entry:default@ProcessShareConfig is up-to-date.
[2026-05-10T12:38:49.581] [DEBUG] debug-file - Update task entry:default@ProcessStartupConfig output file:E:\project\My_project\OpenHarmony\frontend\entry\build\default\intermediates\startup\default\startup_config.json cache.
[2026-05-10T12:38:49.581] [DEBUG] debug-file - Incremental task entry:default@ProcessStartupConfig post-execution cost:1 ms .
[2026-05-10T12:38:49.581] [DEBUG] debug-file - There is no need to refresh cache, since the incremental task entry:default@ProcessResource is up-to-date.
[2026-05-10T12:38:49.581] [DEBUG] debug-file - There is no need to refresh cache, since the incremental task entry:default@GenerateLoaderJson is up-to-date.
[2026-05-10T12:38:49.581] [DEBUG] debug-file - There is no need to refresh cache, since the incremental task entry:default@ProcessLibs is up-to-date.
[2026-05-10T12:38:49.581] [DEBUG] debug-file - There is no need to refresh cache, since the incremental task entry:default@CompileResource is up-to-date.
[2026-05-10T12:38:49.581] [DEBUG] debug-file - There is no need to refresh cache, since the incremental task entry:default@DoNativeStrip is up-to-date.
[2026-05-10T12:38:49.583] [DEBUG] debug-file - Update task entry:default@CompileArkTS input file:E:\project\My_project\OpenHarmony\frontend\entry\build\default\intermediates\loader\default cache from map.
[2026-05-10T12:38:49.583] [DEBUG] debug-file - Update task entry:default@CompileArkTS input file:E:\project\My_project\OpenHarmony\frontend\entry\build\default\intermediates\res\default\resources\rawfile cache by regenerate.
[2026-05-10T12:38:49.583] [DEBUG] debug-file - Update task entry:default@CompileArkTS input file:E:\project\My_project\OpenHarmony\frontend\entry\build\default\intermediates\res\default\ResourceTable.txt cache by regenerate.
[2026-05-10T12:38:49.583] [DEBUG] debug-file - Update task entry:default@CompileArkTS input file:E:\project\My_project\OpenHarmony\frontend\entry\build\default\intermediates\res\default\ark_module.json cache by regenerate.
[2026-05-10T12:38:49.583] [DEBUG] debug-file - Update task entry:default@CompileArkTS input file:E:\project\My_project\OpenHarmony\frontend\entry\build\default\intermediates\res\default\resources\base\profile cache by regenerate.
[2026-05-10T12:38:49.583] [DEBUG] debug-file - Update task entry:default@CompileArkTS input file:E:\project\My_project\OpenHarmony\frontend\entry\src\main\ets cache by regenerate.
[2026-05-10T12:38:49.587] [DEBUG] debug-file - Update task entry:default@CompileArkTS input file:E:\project\My_project\OpenHarmony\frontend\entry\build\default\generated\profile\default\BuildProfile.ets cache by regenerate.
[2026-05-10T12:38:49.587] [DEBUG] debug-file - Update task entry:default@CompileArkTS output file:E:\project\My_project\OpenHarmony\frontend\entry\build\default\intermediates\loader_out\default\ets cache.
[2026-05-10T12:38:49.588] [DEBUG] debug-file - Incremental task entry:default@CompileArkTS post-execution cost:7 ms .
[2026-05-10T12:38:49.588] [DEBUG] debug-file - Update task entry:default@BuildJS input file:E:\project\My_project\OpenHarmony\frontend\entry\build\default\intermediates\loader\default cache by regenerate.
[2026-05-10T12:38:49.588] [DEBUG] debug-file - Update task entry:default@BuildJS input file:E:\project\My_project\OpenHarmony\frontend\entry\build\default\intermediates\res\default\resources\rawfile cache by regenerate.
[2026-05-10T12:38:49.589] [DEBUG] debug-file - Update task entry:default@BuildJS input file:E:\project\My_project\OpenHarmony\frontend\entry\build\default\intermediates\res\default\ResourceTable.txt cache by regenerate.
[2026-05-10T12:38:49.589] [DEBUG] debug-file - Update task entry:default@BuildJS input file:E:\project\My_project\OpenHarmony\frontend\entry\build\default\intermediates\res\default\ark_module.json cache by regenerate.
[2026-05-10T12:38:49.589] [DEBUG] debug-file - Update task entry:default@BuildJS input file:E:\project\My_project\OpenHarmony\frontend\entry\build\default\intermediates\res\default\resources\base\profile cache by regenerate.
[2026-05-10T12:38:49.589] [DEBUG] debug-file - Update task entry:default@BuildJS output file:E:\project\My_project\OpenHarmony\frontend\entry\build\default\intermediates\loader_out\default\js cache.
[2026-05-10T12:38:49.589] [DEBUG] debug-file - Incremental task entry:default@BuildJS post-execution cost:2 ms .
[2026-05-10T12:38:49.589] [DEBUG] debug-file - There is no need to refresh cache, since the incremental task entry:default@CacheNativeLibs is up-to-date.
[2026-05-10T12:38:49.589] [DEBUG] debug-file - There is no need to refresh cache, since the incremental task entry:default@GeneratePkgModuleJson is up-to-date.
[2026-05-10T12:38:49.589] [DEBUG] debug-file - Incremental task entry:default@ProcessCompiledResources post-execution cost:1 ms .
[2026-05-10T12:38:49.590] [DEBUG] debug-file - Update task entry:default@PackageHap input file:E:\project\My_project\OpenHarmony\frontend\entry\build\default\intermediates\stripped_native_libs\default cache by regenerate.
[2026-05-10T12:38:49.590] [DEBUG] debug-file - Update task entry:default@PackageHap input file:E:\project\My_project\OpenHarmony\frontend\entry\build\default\intermediates\res\default\module.json cache by regenerate.
[2026-05-10T12:38:49.590] [DEBUG] debug-file - Update task entry:default@PackageHap input file:E:\project\My_project\OpenHarmony\frontend\entry\build\default\intermediates\res\default\resources cache by regenerate.
[2026-05-10T12:38:49.593] [DEBUG] debug-file - Update task entry:default@PackageHap input file:E:\project\My_project\OpenHarmony\frontend\entry\build\default\intermediates\res\default\resources.index cache by regenerate.
[2026-05-10T12:38:49.594] [DEBUG] debug-file - Update task entry:default@PackageHap input file:E:\project\My_project\OpenHarmony\frontend\entry\build\default\outputs\default\pack.info cache by regenerate.
[2026-05-10T12:38:49.594] [DEBUG] debug-file - Update task entry:default@PackageHap input file:E:\project\My_project\OpenHarmony\frontend\entry\build\default\intermediates\loader_out\default\ets cache from map.
[2026-05-10T12:38:49.594] [DEBUG] debug-file - Update task entry:default@PackageHap input file:E:\project\My_project\OpenHarmony\frontend\entry\build\default\intermediates\loader\default\pkgSdkInfo.json cache by regenerate.
[2026-05-10T12:38:49.594] [DEBUG] debug-file - Update task entry:default@PackageHap input file:E:\project\My_project\OpenHarmony\frontend\entry\build\default\intermediates\loader_out\default\ets\sourceMaps.map cache by regenerate.
[2026-05-10T12:38:49.594] [DEBUG] debug-file - Update task entry:default@PackageHap input file:E:\project\My_project\OpenHarmony\frontend\entry\build\default\generated\profile\default\BuildProfile.ets cache by regenerate.
[2026-05-10T12:38:49.595] [DEBUG] debug-file - Update task entry:default@PackageHap output file:E:\project\My_project\OpenHarmony\frontend\entry\build\default\outputs\default\entry-default-unsigned.hap cache.
[2026-05-10T12:38:49.595] [DEBUG] debug-file - Update task entry:default@PackageHap output file:E:\project\My_project\OpenHarmony\frontend\entry\build\default\intermediates\source_map\default\sourceMaps.map cache.
[2026-05-10T12:38:49.595] [DEBUG] debug-file - Update task entry:default@PackageHap output file:E:\project\My_project\OpenHarmony\frontend\entry\build\default\outputs\default\mapping\sourceMaps.map cache.
[2026-05-10T12:38:49.595] [DEBUG] debug-file - Incremental task entry:default@PackageHap post-execution cost:6 ms .
[2026-05-10T12:38:49.595] [DEBUG] debug-file - Update task entry:default@SignHap input file:E:\project\My_project\OpenHarmony\frontend\entry\build\default\outputs\default\entry-default-unsigned.hap cache from map.
[2026-05-10T12:38:49.595] [DEBUG] debug-file - Update task entry:default@SignHap output file:E:\project\My_project\OpenHarmony\frontend\entry\build\default\outputs\default\entry-default-signed.hap cache.
[2026-05-10T12:38:49.595] [DEBUG] debug-file - Incremental task entry:default@SignHap post-execution cost:1 ms .
[2026-05-10T12:38:49.595] [DEBUG] debug-file - Update task entry:default@CollectDebugSymbol input file:E:\project\My_project\OpenHarmony\frontend\entry\build\default\intermediates\loader_out\default\ets\sourceMaps.map cache by regenerate.
[2026-05-10T12:38:49.596] [DEBUG] debug-file - Update task entry:default@CollectDebugSymbol input file:E:\project\My_project\OpenHarmony\frontend\entry\build\default\intermediates\libs\default cache by regenerate.
[2026-05-10T12:38:49.596] [DEBUG] debug-file - Update task entry:default@CollectDebugSymbol output file:E:\project\My_project\OpenHarmony\frontend\entry\build\default\outputs\default\symbol cache.
[2026-05-10T12:38:49.596] [DEBUG] debug-file - Incremental task entry:default@CollectDebugSymbol post-execution cost:1 ms .
[2026-05-10T12:38:49.609] [DEBUG] debug-file - Cleanup worker 0.
[2026-05-10T12:38:49.610] [DEBUG] debug-file - Worker 0 has been cleaned up.
[2026-05-10T12:38:49.610] [DEBUG] debug-file - Current idle worker size: 3.
[2026-05-10T12:38:49.610] [DEBUG] debug-file - Current resident worker size: 4.
[2026-05-10T12:38:49.610] [DEBUG] debug-file - Cleanup worker 1.
[2026-05-10T12:38:49.610] [DEBUG] debug-file - Worker 1 has been cleaned up.
[2026-05-10T12:38:49.610] [DEBUG] debug-file - Current idle worker size: 2.
[2026-05-10T12:38:49.610] [DEBUG] debug-file - Current resident worker size: 4.
[2026-05-10T12:38:49.610] [DEBUG] debug-file - Cleanup worker 14.
[2026-05-10T12:38:49.611] [DEBUG] debug-file - session manager: send message to worker process.
[2026-05-10T12:38:49.612] [DEBUG] debug-file - session manager: send message to worker process.
[2026-05-10T12:38:49.610] [DEBUG] debug-file - Worker 14 has been cleaned up.
[2026-05-10T12:38:49.610] [DEBUG] debug-file - Current idle worker size: 1.
[2026-05-10T12:38:49.610] [DEBUG] debug-file - Current resident worker size: 4.
[2026-05-10T12:38:49.611] [DEBUG] debug-file - hvigor build process will be closed.
[2026-05-10T12:38:49.612] [DEBUG] debug-file - watch worker: worker id should be larger than 0. Nothing will be sent to any worker thread.
[2026-05-10T12:38:49.613] [DEBUG] debug-file - worker[1] exits with exit code 1.
[2026-05-10T12:38:49.613] [DEBUG] debug-file - watch worker: worker id should be larger than 0. Nothing will be sent to any worker thread.
[2026-05-10T12:38:49.613] [DEBUG] debug-file - worker[0] exits with exit code 1.
[2026-05-10T12:38:49.614] [DEBUG] debug-file - worker[14] exits with exit code 1.
[2026-05-10T12:39:05.895] [DEBUG] debug-file - env: nodejsVersion=v18.20.1
[2026-05-10T12:39:05.952] [DEBUG] debug-file - env: daemon=true
[2026-05-10T12:39:05.896] [DEBUG] debug-file - env: hvigor-config.json5 content = { modelVersion: '5.0.0', dependencies: {} }
[2026-05-10T12:39:06.497] [DEBUG] debug-file - java daemon tryConnect failed Error: connect ECONNREFUSED 127.0.0.1:45050
[2026-05-10T12:39:06.504] [DEBUG] debug-file - java daemon started at port 45050 pid 30428
[2026-05-10T12:39:06.529] [DEBUG] debug-file - session manager: set active socket. socketId=zkMQStqXxPFcQ4TNAAAB
[2026-05-10T12:39:07.047] [DEBUG] debug-file - watch worker: worker id should be larger than 0. Nothing will be sent to any worker thread.
[2026-05-10T12:39:07.050] [DEBUG] debug-file - Since there is no instance or instance is terminated, create a new worker pool.
[2026-05-10T12:39:07.050] [DEBUG] debug-file - Worker pool is initialized with config:  {
  minPoolNum: 2,
  maxPoolNum: undefined,
  maxCoreSize: undefined,
  cacheCapacity: undefined,
  cacheTtl: undefined
}
[2026-05-10T12:39:07.051] [DEBUG] debug-file - Create  resident worker with id: 0.
[2026-05-10T12:39:07.052] [DEBUG] debug-file - Create  resident worker with id: 1.
[2026-05-10T12:39:07.054] [DEBUG] debug-file - Workers' log level updated to INFO
[2026-05-10T12:39:07.058] [DEBUG] debug-file - Hvigor init with startParameters:{
  hvigorfileTypeCheck: false,
  parallelExecution: true,
  incrementalExecution: true,
  printStackTrace: false,
  daemon: true,
  analyze: 0,
  logLevel: Level { level: 20000, levelStr: 'INFO', colour: 'green' },
  optimizationStrategy: 'memory',
  hotCompile: undefined,
  hotReloadBuild: undefined,
  customizedParam: undefined
}
[2026-05-10T12:39:07.062] [DEBUG] debug-file - Cache service initialization finished in 4 ms 
[2026-05-10T12:39:07.064] [DEBUG] debug-file - hvigorfile, resolving E:\project\My_project\OpenHarmony\frontend\hvigorfile.ts
[2026-05-10T12:39:08.152] [DEBUG] debug-file - hvigorfile, require result:  { default: { plugins: [] } }
[2026-05-10T12:39:08.152] [DEBUG] debug-file - hvigorfile, binding system plugins null
[2026-05-10T12:39:08.153] [DEBUG] debug-file - Starting plugin build process
[2026-05-10T12:39:08.153] [DEBUG] debug-file - App plugin prepare start...
[2026-05-10T12:39:08.153] [DEBUG] debug-file - App plugin prepare end...
[2026-05-10T12:39:08.153] [DEBUG] debug-file - App plugin creating...
[2026-05-10T12:39:08.289] [DEBUG] debug-file - App plugin register hook start...
[2026-05-10T12:39:08.289] [DEBUG] debug-file - App plugin register hook end...
[2026-05-10T12:39:08.289] [DEBUG] debug-file - Plugin build process completed
[2026-05-10T12:39:08.290] [DEBUG] debug-file - Start initialize project's product build option map with build mode debug.
[2026-05-10T12:39:08.290] [DEBUG] debug-file - Picking option from product 'default' with build mode 'debug'.
[2026-05-10T12:39:08.290] [DEBUG] debug-file - Product 'default' build option initialized
[2026-05-10T12:39:08.290] [DEBUG] debug-file - End initialize project's product build option map with build mode 'debug'.
[2026-05-10T12:39:08.292] [DEBUG] debug-file - Obtain build option for product 'default'in this build.
[2026-05-10T12:39:08.293] [DEBUG] debug-file - No signingConfig found, initRemoteHspCache failed.
[2026-05-10T12:39:08.294] [DEBUG] debug-file - Local scan or download HarmonyOS sdk components toolchains,ets,js,native,previewer
[2026-05-10T12:39:08.296] [DEBUG] debug-file - Local scan or download hmscore sdk components toolchains,ets,native
[2026-05-10T12:39:08.297] [DEBUG] debug-file - Start recording SDK configuration permission data.
[2026-05-10T12:39:08.327] [DEBUG] debug-file - Sdk init in 34 ms 
[2026-05-10T12:39:08.333] [DEBUG] debug-file - Project task initialization takes 5 ms 
[2026-05-10T12:39:08.333] [DEBUG] debug-file - hvigorfile, begin to bind custom plugins...
[2026-05-10T12:39:08.333] [DEBUG] debug-file - hvigorfile, no custom plugins were found in E:\project\My_project\OpenHarmony\frontend\hvigorfile.ts
[2026-05-10T12:39:08.333] [DEBUG] debug-file - hvigorfile, resolve finished E:\project\My_project\OpenHarmony\frontend\hvigorfile.ts
[2026-05-10T12:39:08.334] [DEBUG] debug-file - hvigorfile, resolving E:\project\My_project\OpenHarmony\frontend\entry\hvigorfile.ts
[2026-05-10T12:39:08.338] [DEBUG] debug-file - hvigorfile, require result:  { default: { plugins: [] } }
[2026-05-10T12:39:08.338] [DEBUG] debug-file - hvigorfile, binding system plugins null
[2026-05-10T12:39:08.338] [DEBUG] debug-file - Starting plugin build process
[2026-05-10T12:39:08.338] [DEBUG] debug-file - Hap plugin creating...
[2026-05-10T12:39:08.339] [DEBUG] debug-file - failed to load cangjie to dynamically generate schemas: Error: Cannot find module '@ohos/cangjie-build-support/index'
Require stack:
- E:\Program Files\Huawei\DevEco Studio\tools\hvigor\hvigor-ohos-plugin\src\plugin\hooks\cangjie-register.js
- E:\Program Files\Huawei\DevEco Studio\tools\hvigor\hvigor-ohos-plugin\src\plugin\strategy\stage-init-strategy.js
- E:\Program Files\Huawei\DevEco Studio\tools\hvigor\hvigor-ohos-plugin\src\plugin\builder\abstract-plugin-builder.js
- E:\Program Files\Huawei\DevEco Studio\tools\hvigor\hvigor-ohos-plugin\src\plugin\builder\app-plugin-builder.js
- E:\Program Files\Huawei\DevEco Studio\tools\hvigor\hvigor-ohos-plugin\src\plugin\factory\plugin-factory.js
- E:\Program Files\Huawei\DevEco Studio\tools\hvigor\hvigor-ohos-plugin\index.js
- E:\project\My_project\OpenHarmony\frontend\hvigorfile.ts
- E:\Program Files\Huawei\DevEco Studio\tools\hvigor\hvigor\src\base\internal\lifecycle\configuration.js
- E:\Program Files\Huawei\DevEco Studio\tools\hvigor\hvigor\src\base\boot\index.js
- E:\Program Files\Huawei\DevEco Studio\tools\hvigor\hvigor\src\base\daemon\cluster\worker-process-lifecycle.js
- E:\Program Files\Huawei\DevEco Studio\tools\hvigor\hvigor\src\base\daemon\process\daemon-process-boot-script.js
[2026-05-10T12:39:08.347] [DEBUG] debug-file - Start initialize module-target build option map, moduleName=entry, buildMode=debug
[2026-05-10T12:39:08.347] [DEBUG] debug-file - Target 'default' config initialized
[2026-05-10T12:39:08.347] [DEBUG] debug-file - Module 'entry' target 'default' build option initialized
[2026-05-10T12:39:08.347] [DEBUG] debug-file - End initialize module-target build option map, moduleName=entry
[2026-05-10T12:39:08.347] [DEBUG] debug-file - Start initialize module-target build option map, moduleName=entry, buildMode=release
[2026-05-10T12:39:08.347] [DEBUG] debug-file - Target 'default' config initialized
[2026-05-10T12:39:08.348] [DEBUG] debug-file - Module 'entry' target 'default' build option initialized
[2026-05-10T12:39:08.348] [DEBUG] debug-file - End initialize module-target build option map, moduleName=entry
[2026-05-10T12:39:08.348] [DEBUG] debug-file - Start initialize module-target build option map, moduleName=entry, buildMode=debug
[2026-05-10T12:39:08.348] [DEBUG] debug-file - Target 'default' config initialized
[2026-05-10T12:39:08.348] [DEBUG] debug-file - Module 'entry' target 'default' build option initialized
[2026-05-10T12:39:08.348] [DEBUG] debug-file - End initialize module-target build option map, moduleName=entry
[2026-05-10T12:39:08.348] [DEBUG] debug-file - Obtain build option for module 'entry' target 'default'in this build.
[2026-05-10T12:39:08.352] [DEBUG] debug-file - Module entry task initialization takes 4 ms 
[2026-05-10T12:39:08.352] [DEBUG] debug-file - Hap plugin register hook start...
[2026-05-10T12:39:08.352] [DEBUG] debug-file - Hap plugin register hook end...
[2026-05-10T12:39:08.352] [DEBUG] debug-file - Plugin build process completed
[2026-05-10T12:39:08.353] [DEBUG] debug-file - hvigorfile, begin to bind custom plugins...
[2026-05-10T12:39:08.353] [DEBUG] debug-file - hvigorfile, no custom plugins were found in E:\project\My_project\OpenHarmony\frontend\entry\hvigorfile.ts
[2026-05-10T12:39:08.353] [DEBUG] debug-file - hvigorfile, resolve finished E:\project\My_project\OpenHarmony\frontend\entry\hvigorfile.ts
[2026-05-10T12:39:08.368] [DEBUG] debug-file - hvigorfile, resolve hvigorfile dependencies in 16 ms 
[2026-05-10T12:39:08.369] [DEBUG] debug-file - project has submodules:entry
[2026-05-10T12:39:08.370] [DEBUG] debug-file - start to load updatedOhPackageInfo to the disk
[2026-05-10T12:39:08.371] [DEBUG] debug-file - load to the disk finished
[2026-05-10T12:39:08.372] [DEBUG] debug-file - Start to initialize dependency information.
[2026-05-10T12:39:08.374] [DEBUG] debug-file - Module frontend Collected Dependency: 
[2026-05-10T12:39:08.374] [DEBUG] debug-file - Module frontend's total dependency: 0
[2026-05-10T12:39:08.376] [DEBUG] debug-file - Start to initialize dependency information.
[2026-05-10T12:39:08.378] [DEBUG] debug-file - Module entry Collected Dependency: 
[2026-05-10T12:39:08.378] [DEBUG] debug-file - Module entry's total dependency: 0
[2026-05-10T12:39:08.380] [DEBUG] debug-file - Configuration phase cost:1 s 318 ms 
[2026-05-10T12:39:08.382] [DEBUG] debug-file - Configuration task cost before running: 1 s 328 ms 
[2026-05-10T12:39:08.382] [DEBUG] debug-file - Executing task :entry:init
[2026-05-10T12:39:08.382] [DEBUG] debug-file - entry : init cost memory 0.0164642333984375
[2026-05-10T12:39:08.382] [DEBUG] debug-file - runTaskFromQueue task cost before running: 1 s 329 ms 
[2026-05-10T12:39:08.383] [INFO] debug-file - Finished :entry:init... after 1 ms 
[2026-05-10T12:39:08.383] [DEBUG] debug-file - Executing task ::init
[2026-05-10T12:39:08.383] [DEBUG] debug-file - frontend : init cost memory 0.014190673828125
[2026-05-10T12:39:08.383] [DEBUG] debug-file - runTaskFromQueue task cost before running: 1 s 330 ms 
[2026-05-10T12:39:08.383] [INFO] debug-file - Finished ::init... after 1 ms 
[2026-05-10T12:39:08.393] [DEBUG] debug-file - Obtain build option for module 'entry' target 'default'in this build.
[2026-05-10T12:39:08.399] [DEBUG] debug-file - session manager: send message to worker process.
[2026-05-10T12:39:08.400] [DEBUG] debug-file - session manager: send message to worker process.
[2026-05-10T12:39:08.400] [DEBUG] debug-file - Cleanup worker 0.
[2026-05-10T12:39:08.400] [DEBUG] debug-file - Worker 0 has been cleaned up.
[2026-05-10T12:39:08.400] [DEBUG] debug-file - Current idle worker size: 1.
[2026-05-10T12:39:08.400] [DEBUG] debug-file - Current resident worker size: 2.
[2026-05-10T12:39:08.400] [DEBUG] debug-file - Cleanup worker 1.
[2026-05-10T12:39:08.400] [DEBUG] debug-file - Worker 1 has been cleaned up.
[2026-05-10T12:39:08.400] [DEBUG] debug-file - Current idle worker size: 0.
[2026-05-10T12:39:08.400] [DEBUG] debug-file - Current resident worker size: 2.
[2026-05-10T12:39:08.401] [DEBUG] debug-file - hvigor build process will be closed.
[2026-05-10T12:39:08.403] [DEBUG] debug-file - watch worker: worker id should be larger than 0. Nothing will be sent to any worker thread.
[2026-05-10T12:39:08.404] [DEBUG] debug-file - watch worker: worker id should be larger than 0. Nothing will be sent to any worker thread.
[2026-05-10T12:39:08.405] [DEBUG] debug-file - worker[1] exits with exit code 1.
[2026-05-10T12:39:08.406] [DEBUG] debug-file - worker[0] exits with exit code 1.
[2026-05-10T12:39:08.567] [DEBUG] debug-file - session manager: set active socket. socketId=tKSzpyYB9NwNfWulAAAD
[2026-05-10T12:39:08.571] [DEBUG] debug-file - watch worker: worker id should be larger than 0. Nothing will be sent to any worker thread.
[2026-05-10T12:39:08.573] [DEBUG] debug-file - Workers' log level updated to INFO
[2026-05-10T12:39:08.576] [DEBUG] debug-file - Hvigor init with startParameters:{
  hvigorfileTypeCheck: false,
  parallelExecution: true,
  incrementalExecution: true,
  printStackTrace: false,
  daemon: true,
  analyze: 0,
  logLevel: Level { level: 20000, levelStr: 'INFO', colour: 'green' },
  optimizationStrategy: 'memory',
  hotCompile: undefined,
  hotReloadBuild: true,
  customizedParam: undefined
}
[2026-05-10T12:39:08.578] [DEBUG] debug-file - Cache service initialization finished in 3 ms 
[2026-05-10T12:39:08.579] [DEBUG] debug-file - hvigorfile, resolving E:\project\My_project\OpenHarmony\frontend\hvigorfile.ts
[2026-05-10T12:39:08.583] [DEBUG] debug-file - hvigorfile, require result:  { default: { plugins: [] } }
[2026-05-10T12:39:08.583] [DEBUG] debug-file - hvigorfile, binding system plugins null
[2026-05-10T12:39:08.583] [DEBUG] debug-file - Starting plugin build process
[2026-05-10T12:39:08.583] [DEBUG] debug-file - App plugin prepare start...
[2026-05-10T12:39:08.583] [DEBUG] debug-file - App plugin prepare end...
[2026-05-10T12:39:08.584] [DEBUG] debug-file - App plugin creating...
[2026-05-10T12:39:08.586] [DEBUG] debug-file - App plugin register hook start...
[2026-05-10T12:39:08.586] [DEBUG] debug-file - App plugin register hook end...
[2026-05-10T12:39:08.587] [DEBUG] debug-file - Plugin build process completed
[2026-05-10T12:39:08.587] [DEBUG] debug-file - Start initialize project's product build option map with build mode debug.
[2026-05-10T12:39:08.587] [DEBUG] debug-file - Picking option from product 'default' with build mode 'debug'.
[2026-05-10T12:39:08.587] [DEBUG] debug-file - Product 'default' build option initialized
[2026-05-10T12:39:08.587] [DEBUG] debug-file - End initialize project's product build option map with build mode 'debug'.
[2026-05-10T12:39:08.587] [DEBUG] debug-file - Obtain build option for product 'default'in this build.
[2026-05-10T12:39:08.588] [DEBUG] debug-file - No signingConfig found, initRemoteHspCache failed.
[2026-05-10T12:39:08.590] [DEBUG] debug-file - Start recording SDK configuration permission data.
[2026-05-10T12:39:08.617] [DEBUG] debug-file - Sdk init in 29 ms 
[2026-05-10T12:39:08.620] [DEBUG] debug-file - Project task initialization takes 3 ms 
[2026-05-10T12:39:08.620] [DEBUG] debug-file - hvigorfile, begin to bind custom plugins...
[2026-05-10T12:39:08.620] [DEBUG] debug-file - hvigorfile, no custom plugins were found in E:\project\My_project\OpenHarmony\frontend\hvigorfile.ts
[2026-05-10T12:39:08.620] [DEBUG] debug-file - hvigorfile, resolve finished E:\project\My_project\OpenHarmony\frontend\hvigorfile.ts
[2026-05-10T12:39:08.620] [DEBUG] debug-file - hvigorfile, resolving E:\project\My_project\OpenHarmony\frontend\entry\hvigorfile.ts
[2026-05-10T12:39:08.624] [DEBUG] debug-file - hvigorfile, require result:  { default: { plugins: [] } }
[2026-05-10T12:39:08.624] [DEBUG] debug-file - hvigorfile, binding system plugins null
[2026-05-10T12:39:08.624] [DEBUG] debug-file - Starting plugin build process
[2026-05-10T12:39:08.624] [DEBUG] debug-file - Hap plugin creating...
[2026-05-10T12:39:08.625] [DEBUG] debug-file - failed to load cangjie to dynamically generate schemas: Error: Cannot find module '@ohos/cangjie-build-support/index'
Require stack:
- E:\Program Files\Huawei\DevEco Studio\tools\hvigor\hvigor-ohos-plugin\src\plugin\hooks\cangjie-register.js
- E:\Program Files\Huawei\DevEco Studio\tools\hvigor\hvigor-ohos-plugin\src\plugin\strategy\stage-init-strategy.js
- E:\Program Files\Huawei\DevEco Studio\tools\hvigor\hvigor-ohos-plugin\src\plugin\builder\abstract-plugin-builder.js
- E:\Program Files\Huawei\DevEco Studio\tools\hvigor\hvigor-ohos-plugin\src\plugin\builder\app-plugin-builder.js
- E:\Program Files\Huawei\DevEco Studio\tools\hvigor\hvigor-ohos-plugin\src\plugin\factory\plugin-factory.js
- E:\Program Files\Huawei\DevEco Studio\tools\hvigor\hvigor-ohos-plugin\index.js
- E:\project\My_project\OpenHarmony\frontend\hvigorfile.ts
- E:\Program Files\Huawei\DevEco Studio\tools\hvigor\hvigor\src\base\internal\lifecycle\configuration.js
- E:\Program Files\Huawei\DevEco Studio\tools\hvigor\hvigor\src\base\boot\index.js
- E:\Program Files\Huawei\DevEco Studio\tools\hvigor\hvigor\src\base\daemon\cluster\worker-process-lifecycle.js
- E:\Program Files\Huawei\DevEco Studio\tools\hvigor\hvigor\src\base\daemon\process\daemon-process-boot-script.js
[2026-05-10T12:39:08.627] [DEBUG] debug-file - Start initialize module-target build option map, moduleName=entry, buildMode=debug
[2026-05-10T12:39:08.627] [DEBUG] debug-file - Target 'default' config initialized
[2026-05-10T12:39:08.627] [DEBUG] debug-file - Module 'entry' target 'default' build option initialized
[2026-05-10T12:39:08.627] [DEBUG] debug-file - End initialize module-target build option map, moduleName=entry
[2026-05-10T12:39:08.628] [DEBUG] debug-file - Start initialize module-target build option map, moduleName=entry, buildMode=release
[2026-05-10T12:39:08.628] [DEBUG] debug-file - Target 'default' config initialized
[2026-05-10T12:39:08.628] [DEBUG] debug-file - Module 'entry' target 'default' build option initialized
[2026-05-10T12:39:08.628] [DEBUG] debug-file - End initialize module-target build option map, moduleName=entry
[2026-05-10T12:39:08.628] [DEBUG] debug-file - Start initialize module-target build option map, moduleName=entry, buildMode=debug
[2026-05-10T12:39:08.628] [DEBUG] debug-file - Target 'default' config initialized
[2026-05-10T12:39:08.628] [DEBUG] debug-file - Module 'entry' target 'default' build option initialized
[2026-05-10T12:39:08.628] [DEBUG] debug-file - End initialize module-target build option map, moduleName=entry
[2026-05-10T12:39:08.628] [DEBUG] debug-file - Obtain build option for module 'entry' target 'default'in this build.
[2026-05-10T12:39:08.629] [DEBUG] debug-file - Module entry task initialization takes 1 ms 
[2026-05-10T12:39:08.629] [DEBUG] debug-file - Hap plugin register hook start...
[2026-05-10T12:39:08.629] [DEBUG] debug-file - Hap plugin register hook end...
[2026-05-10T12:39:08.629] [DEBUG] debug-file - Plugin build process completed
[2026-05-10T12:39:08.629] [DEBUG] debug-file - hvigorfile, begin to bind custom plugins...
[2026-05-10T12:39:08.629] [DEBUG] debug-file - hvigorfile, no custom plugins were found in E:\project\My_project\OpenHarmony\frontend\entry\hvigorfile.ts
[2026-05-10T12:39:08.629] [DEBUG] debug-file - hvigorfile, resolve finished E:\project\My_project\OpenHarmony\frontend\entry\hvigorfile.ts
[2026-05-10T12:39:08.651] [DEBUG] debug-file - hvigorfile, resolve hvigorfile dependencies in 22 ms 
[2026-05-10T12:39:08.651] [DEBUG] debug-file - project has submodules:entry
[2026-05-10T12:39:08.652] [DEBUG] debug-file - start to load updatedOhPackageInfo to the disk
[2026-05-10T12:39:08.654] [DEBUG] debug-file - load to the disk finished
[2026-05-10T12:39:08.654] [DEBUG] debug-file - Start to initialize dependency information.
[2026-05-10T12:39:08.655] [DEBUG] debug-file - Module frontend Collected Dependency: 
[2026-05-10T12:39:08.655] [DEBUG] debug-file - Module frontend's total dependency: 0
[2026-05-10T12:39:08.655] [DEBUG] debug-file - Start to initialize dependency information.
[2026-05-10T12:39:08.656] [DEBUG] debug-file - Module entry Collected Dependency: 
[2026-05-10T12:39:08.656] [DEBUG] debug-file - Module entry's total dependency: 0
[2026-05-10T12:39:08.658] [DEBUG] debug-file - Configuration phase cost:80 ms 
[2026-05-10T12:39:08.659] [DEBUG] debug-file - Configuration task cost before running: 86 ms 
[2026-05-10T12:39:08.664] [DEBUG] debug-file - Executing task :entry:default@PreBuild
[2026-05-10T12:39:08.667] [DEBUG] debug-file - Task 'entry:default@PreBuild' cost while wrapping incremental declarations: 1 ms 
[2026-05-10T12:39:08.673] [DEBUG] debug-file - entry:default@PreBuild is not up-to-date, since the task snapshots are different.
[2026-05-10T12:39:08.673] [DEBUG] debug-file - Incremental task entry:default@PreBuild pre-execution cost: 4 ms .
[2026-05-10T12:39:08.786] [DEBUG] debug-file - current product is not Atomic service.
[2026-05-10T12:39:08.786] [DEBUG] debug-file - Use tool [win32: JAVA_HOME, CLASSPATH]
 [
  { JAVA_HOME: 'E:\\Program Files\\Huawei\\DevEco Studio\\jbr' },
  { CLASSPATH: undefined }
]
[2026-05-10T12:39:08.786] [DEBUG] debug-file - Use tool [win32: NODE_HOME]
 [
  {
    NODE_HOME: 'E:\\Program Files\\Huawei\\DevEco Studio\\tools\\node'
  }
]
[2026-05-10T12:39:08.787] [DEBUG] debug-file - entry : default@PreBuild cost memory 9.918533325195312
[2026-05-10T12:39:08.787] [DEBUG] debug-file - runTaskFromQueue task cost before running: 214 ms 
[2026-05-10T12:39:08.788] [INFO] debug-file - Finished :entry:default@PreBuild... after 124 ms 
[2026-05-10T12:39:08.789] [DEBUG] debug-file - Executing task :entry:default@CreateModuleInfo
[2026-05-10T12:39:08.789] [DEBUG] debug-file - Task 'entry:default@CreateModuleInfo' cost while wrapping incremental declarations: 1 ms 
[2026-05-10T12:39:08.789] [DEBUG] debug-file - entry : default@CreateModuleInfo cost memory 0.04300689697265625
[2026-05-10T12:39:08.789] [DEBUG] debug-file - runTaskFromQueue task cost before running: 216 ms 
[2026-05-10T12:39:08.789] [INFO] debug-file - Finished :entry:default@CreateModuleInfo... after 1 ms 
[2026-05-10T12:39:08.790] [DEBUG] debug-file - Executing task :entry:default@GenerateMetadata
[2026-05-10T12:39:08.790] [DEBUG] debug-file - Task 'entry:default@GenerateMetadata' cost while wrapping incremental declarations: 1 ms 
[2026-05-10T12:39:08.791] [DEBUG] debug-file - Incremental task entry:default@GenerateMetadata pre-execution cost: 1 ms .
[2026-05-10T12:39:08.792] [DEBUG] debug-file - entry : default@GenerateMetadata cost memory 0.2791290283203125
[2026-05-10T12:39:08.792] [INFO] debug-file - UP-TO-DATE :entry:default@GenerateMetadata...  
[2026-05-10T12:39:08.793] [DEBUG] debug-file - Executing task :entry:default@ConfigureCmake
[2026-05-10T12:39:08.793] [DEBUG] debug-file - entry : default@ConfigureCmake cost memory 0.014617919921875
[2026-05-10T12:39:08.793] [DEBUG] debug-file - runTaskFromQueue task cost before running: 220 ms 
[2026-05-10T12:39:08.793] [INFO] debug-file - Finished :entry:default@ConfigureCmake... after 1 ms 
[2026-05-10T12:39:08.794] [DEBUG] debug-file - Executing task :entry:default@MergeProfile
[2026-05-10T12:39:08.794] [DEBUG] debug-file - Task 'entry:default@MergeProfile' cost while wrapping incremental declarations: 1 ms 
[2026-05-10T12:39:08.796] [DEBUG] debug-file - Incremental task entry:default@MergeProfile pre-execution cost: 1 ms .
[2026-05-10T12:39:08.796] [DEBUG] debug-file - entry : default@MergeProfile cost memory 0.12888336181640625
[2026-05-10T12:39:08.796] [INFO] debug-file - UP-TO-DATE :entry:default@MergeProfile...  
[2026-05-10T12:39:08.797] [DEBUG] debug-file - Executing task :entry:default@CreateBuildProfile
[2026-05-10T12:39:08.797] [DEBUG] debug-file - Task 'entry:default@CreateBuildProfile' cost while wrapping incremental declarations: 1 ms 
[2026-05-10T12:39:08.797] [DEBUG] debug-file - Incremental task entry:default@CreateBuildProfile pre-execution cost: 1 ms .
[2026-05-10T12:39:08.798] [DEBUG] debug-file - entry : default@CreateBuildProfile cost memory 0.10943603515625
[2026-05-10T12:39:08.798] [INFO] debug-file - UP-TO-DATE :entry:default@CreateBuildProfile...  
[2026-05-10T12:39:08.798] [DEBUG] debug-file - Executing task :entry:default@PreCheckSyscap
[2026-05-10T12:39:08.798] [DEBUG] debug-file - entry : default@PreCheckSyscap cost memory 0.01476287841796875
[2026-05-10T12:39:08.799] [DEBUG] debug-file - runTaskFromQueue task cost before running: 226 ms 
[2026-05-10T12:39:08.799] [INFO] debug-file - Finished :entry:default@PreCheckSyscap... after 1 ms 
[2026-05-10T12:39:08.800] [DEBUG] debug-file - Executing task :entry:default@GeneratePkgContextInfo
[2026-05-10T12:39:08.806] [DEBUG] debug-file - Task 'entry:default@GeneratePkgContextInfo' cost while wrapping incremental declarations: 1 ms 
[2026-05-10T12:39:08.806] [DEBUG] debug-file - entry : default@GeneratePkgContextInfo cost memory 0.48117828369140625
[2026-05-10T12:39:08.806] [DEBUG] debug-file - runTaskFromQueue task cost before running: 234 ms 
[2026-05-10T12:39:08.807] [INFO] debug-file - Finished :entry:default@GeneratePkgContextInfo... after 7 ms 
[2026-05-10T12:39:08.807] [DEBUG] debug-file - Executing task :entry:default@GeneratePkgSdkInfo
[2026-05-10T12:39:08.809] [DEBUG] debug-file - Task 'entry:default@GeneratePkgSdkInfo' cost while wrapping incremental declarations: 1 ms 
[2026-05-10T12:39:08.810] [DEBUG] debug-file - Incremental task entry:default@GeneratePkgSdkInfo pre-execution cost: 1 ms .
[2026-05-10T12:39:08.810] [DEBUG] debug-file - entry : default@GeneratePkgSdkInfo cost memory 0.33727264404296875
[2026-05-10T12:39:08.810] [INFO] debug-file - UP-TO-DATE :entry:default@GeneratePkgSdkInfo...  
[2026-05-10T12:39:08.812] [DEBUG] debug-file - Executing task :entry:default@ProcessIntegratedHsp
[2026-05-10T12:39:08.812] [DEBUG] debug-file - entry:default@ProcessIntegratedHsp is not up-to-date, since the output file 'E:\project\My_project\OpenHarmony\frontend\build\cache\default\integrated_hsp\integratedHspCache.json' does not exist.
[2026-05-10T12:39:08.813] [DEBUG] debug-file - Incremental task entry:default@ProcessIntegratedHsp pre-execution cost: 1 ms .
[2026-05-10T12:39:08.813] [DEBUG] debug-file - entry : default@ProcessIntegratedHsp cost memory 0.05941009521484375
[2026-05-10T12:39:08.813] [DEBUG] debug-file - runTaskFromQueue task cost before running: 240 ms 
[2026-05-10T12:39:08.813] [INFO] debug-file - Finished :entry:default@ProcessIntegratedHsp... after 2 ms 
[2026-05-10T12:39:08.815] [DEBUG] debug-file - Executing task :entry:default@BuildNativeWithCmake
[2026-05-10T12:39:08.816] [DEBUG] debug-file - entry : default@BuildNativeWithCmake cost memory 0.0146484375
[2026-05-10T12:39:08.816] [DEBUG] debug-file - runTaskFromQueue task cost before running: 243 ms 
[2026-05-10T12:39:08.816] [INFO] debug-file - Finished :entry:default@BuildNativeWithCmake... after 1 ms 
[2026-05-10T12:39:08.817] [DEBUG] debug-file - Executing task :entry:default@MakePackInfo
[2026-05-10T12:39:08.819] [DEBUG] debug-file - Incremental task entry:default@MakePackInfo pre-execution cost: 2 ms .
[2026-05-10T12:39:08.819] [DEBUG] debug-file - entry : default@MakePackInfo cost memory 0.1148681640625
[2026-05-10T12:39:08.820] [INFO] debug-file - UP-TO-DATE :entry:default@MakePackInfo...  
[2026-05-10T12:39:08.826] [DEBUG] debug-file - Executing task :entry:default@SyscapTransform
[2026-05-10T12:39:08.827] [DEBUG] debug-file - File: 'E:\project\My_project\OpenHarmony\frontend\entry\src\main\syscap.json' from 'sysCapJsonPath' is not exists, just ignore.
[2026-05-10T12:39:08.828] [DEBUG] debug-file - Task 'entry:default@SyscapTransform' cost while wrapping incremental declarations: 1 ms 
[2026-05-10T12:39:08.838] [DEBUG] debug-file - entry:default@SyscapTransform is not up-to-date, since the output file 'E:\project\My_project\OpenHarmony\frontend\entry\build\default\intermediates\syscap\default\rpcid.sc' does not exist.
[2026-05-10T12:39:08.838] [DEBUG] debug-file - Incremental task entry:default@SyscapTransform pre-execution cost: 11 ms .
[2026-05-10T12:39:08.839] [DEBUG] debug-file - entry : default@SyscapTransform cost memory 0.157806396484375
[2026-05-10T12:39:08.839] [DEBUG] debug-file - runTaskFromQueue task cost before running: 266 ms 
[2026-05-10T12:39:08.839] [INFO] debug-file - Finished :entry:default@SyscapTransform... after 13 ms 
[2026-05-10T12:39:08.841] [DEBUG] debug-file - Executing task :entry:default@ProcessProfile
[2026-05-10T12:39:08.842] [DEBUG] debug-file - Task 'entry:default@ProcessProfile' cost while wrapping incremental declarations: 1 ms 
[2026-05-10T12:39:08.843] [DEBUG] debug-file - Incremental task entry:default@ProcessProfile pre-execution cost: 1 ms .
[2026-05-10T12:39:08.843] [DEBUG] debug-file - entry : default@ProcessProfile cost memory 0.13549041748046875
[2026-05-10T12:39:08.843] [INFO] debug-file - UP-TO-DATE :entry:default@ProcessProfile...  
[2026-05-10T12:39:08.844] [DEBUG] debug-file - Executing task :entry:default@ProcessRouterMap
[2026-05-10T12:39:08.846] [DEBUG] debug-file - Incremental task entry:default@ProcessRouterMap pre-execution cost: 1 ms .
[2026-05-10T12:39:08.846] [DEBUG] debug-file - entry : default@ProcessRouterMap cost memory 0.1382598876953125
[2026-05-10T12:39:08.846] [INFO] debug-file - UP-TO-DATE :entry:default@ProcessRouterMap...  
[2026-05-10T12:39:08.847] [DEBUG] debug-file - Executing task :entry:default@ProcessShareConfig
[2026-05-10T12:39:08.848] [DEBUG] debug-file - Incremental task entry:default@ProcessShareConfig pre-execution cost: 1 ms .
[2026-05-10T12:39:08.849] [DEBUG] debug-file - entry : default@ProcessShareConfig cost memory 0.11371612548828125
[2026-05-10T12:39:08.849] [INFO] debug-file - UP-TO-DATE :entry:default@ProcessShareConfig...  
[2026-05-10T12:39:08.850] [DEBUG] debug-file - Executing task :entry:default@ProcessStartupConfig
[2026-05-10T12:39:08.851] [DEBUG] debug-file - Task 'entry:default@ProcessStartupConfig' cost while wrapping incremental declarations: 1 ms 
[2026-05-10T12:39:08.852] [DEBUG] debug-file - entry:default@ProcessStartupConfig is not up-to-date, since the output file 'E:\project\My_project\OpenHarmony\frontend\entry\build\default\intermediates\startup\default\startup_config.json' does not exist.
[2026-05-10T12:39:08.852] [DEBUG] debug-file - Incremental task entry:default@ProcessStartupConfig pre-execution cost: 1 ms .
[2026-05-10T12:39:08.852] [DEBUG] debug-file - entry : default@ProcessStartupConfig cost memory 0.09793853759765625
[2026-05-10T12:39:08.853] [DEBUG] debug-file - runTaskFromQueue task cost before running: 280 ms 
[2026-05-10T12:39:08.853] [INFO] debug-file - Finished :entry:default@ProcessStartupConfig... after 3 ms 
[2026-05-10T12:39:08.854] [DEBUG] debug-file - Executing task :entry:default@BuildNativeWithNinja
[2026-05-10T12:39:08.854] [DEBUG] debug-file - entry : default@BuildNativeWithNinja cost memory 0.02184295654296875
[2026-05-10T12:39:08.854] [DEBUG] debug-file - runTaskFromQueue task cost before running: 282 ms 
[2026-05-10T12:39:08.854] [INFO] debug-file - Finished :entry:default@BuildNativeWithNinja... after 1 ms 
[2026-05-10T12:39:08.856] [DEBUG] debug-file - restool module names: entry; moduleName=entry, taskName=default@ProcessResource
[2026-05-10T12:39:08.858] [DEBUG] debug-file - Executing task :entry:default@ProcessResource
[2026-05-10T12:39:08.859] [DEBUG] debug-file - Task 'entry:default@ProcessResource' cost while wrapping incremental declarations: 1 ms 
[2026-05-10T12:39:08.860] [DEBUG] debug-file - Incremental task entry:default@ProcessResource pre-execution cost: 2 ms .
[2026-05-10T12:39:08.861] [DEBUG] debug-file - entry : default@ProcessResource cost memory 0.15020751953125
[2026-05-10T12:39:08.863] [INFO] debug-file - UP-TO-DATE :entry:default@ProcessResource...  
[2026-05-10T12:39:08.864] [DEBUG] debug-file - Executing task :entry:default@GenerateLoaderJson
[2026-05-10T12:39:08.864] [DEBUG] debug-file - Task 'entry:default@GenerateLoaderJson' cost while wrapping incremental declarations: 1 ms 
[2026-05-10T12:39:08.869] [DEBUG] debug-file - entry:default@GenerateLoaderJson is not up-to-date, since the output file 'E:\project\My_project\OpenHarmony\frontend\entry\build\default\intermediates\loader\default\loader.json' has been changed.
[2026-05-10T12:39:08.869] [DEBUG] debug-file - Incremental task entry:default@GenerateLoaderJson pre-execution cost: 3 ms .
[2026-05-10T12:39:08.873] [DEBUG] debug-file - entry : default@GenerateLoaderJson cost memory 0.7270278930664062
[2026-05-10T12:39:08.873] [DEBUG] debug-file - runTaskFromQueue task cost before running: 300 ms 
[2026-05-10T12:39:08.876] [INFO] debug-file - Finished :entry:default@GenerateLoaderJson... after 10 ms 
[2026-05-10T12:39:08.877] [DEBUG] debug-file - Executing task :entry:default@ProcessLibs
[2026-05-10T12:39:08.879] [DEBUG] debug-file - Incremental task entry:default@ProcessLibs pre-execution cost: 1 ms .
[2026-05-10T12:39:08.879] [DEBUG] debug-file - entry : default@ProcessLibs cost memory 0.11321258544921875
[2026-05-10T12:39:08.879] [INFO] debug-file - UP-TO-DATE :entry:default@ProcessLibs...  
[2026-05-10T12:39:08.880] [DEBUG] debug-file - restool module names: entry; moduleName=entry, taskName=default@CompileResource
[2026-05-10T12:39:08.881] [DEBUG] debug-file - Executing task :entry:default@CompileResource
[2026-05-10T12:39:08.890] [DEBUG] debug-file - Incremental task entry:default@CompileResource pre-execution cost: 9 ms .
[2026-05-10T12:39:08.890] [DEBUG] debug-file - entry : default@CompileResource cost memory 0.9060592651367188
[2026-05-10T12:39:08.891] [INFO] debug-file - UP-TO-DATE :entry:default@CompileResource...  
[2026-05-10T12:39:08.893] [DEBUG] debug-file - Executing task :entry:default@DoNativeStrip
[2026-05-10T12:39:08.893] [DEBUG] debug-file - File: 'E:\project\My_project\OpenHarmony\frontend\entry\build\default\intermediates\binxo\default' from 'doBinxoNativeLibs' is not exists, just ignore.
[2026-05-10T12:39:08.893] [DEBUG] debug-file - Task 'entry:default@DoNativeStrip' cost while wrapping incremental declarations: 1 ms 
[2026-05-10T12:39:08.894] [DEBUG] debug-file - Incremental task entry:default@DoNativeStrip pre-execution cost: 1 ms .
[2026-05-10T12:39:08.894] [DEBUG] debug-file - entry : default@DoNativeStrip cost memory 0.09780120849609375
[2026-05-10T12:39:08.894] [INFO] debug-file - UP-TO-DATE :entry:default@DoNativeStrip...  
[2026-05-10T12:39:08.895] [DEBUG] debug-file - Executing task :entry:buildHotReloadResource
[2026-05-10T12:39:08.895] [DEBUG] debug-file - Hot reload resources ready.
[2026-05-10T12:39:08.895] [DEBUG] debug-file - entry : buildHotReloadResource cost memory 0.021209716796875
[2026-05-10T12:39:08.895] [DEBUG] debug-file - runTaskFromQueue task cost before running: 322 ms 
[2026-05-10T12:39:08.895] [INFO] debug-file - Finished :entry:buildHotReloadResource... after 1 ms 
[2026-05-10T12:39:08.896] [DEBUG] debug-file - Executing task :entry:default@BuildJS
[2026-05-10T12:39:08.897] [DEBUG] debug-file - Task 'entry:default@BuildJS' cost while wrapping incremental declarations: 1 ms 
[2026-05-10T12:39:08.899] [DEBUG] debug-file - entry : default@BuildJS cost memory 0.16683197021484375
[2026-05-10T12:39:08.899] [DEBUG] debug-file - runTaskFromQueue task cost before running: 326 ms 
[2026-05-10T12:39:08.899] [INFO] debug-file - Finished :entry:default@BuildJS... after 3 ms 
[2026-05-10T12:39:08.900] [DEBUG] debug-file - Executing task :entry:default@CacheNativeLibs
[2026-05-10T12:39:08.900] [DEBUG] debug-file - File: 'E:\project\My_project\OpenHarmony\frontend\entry\build\default\intermediates\binxo\default' from 'cacheBinxoNativeLibs' is not exists, just ignore.
[2026-05-10T12:39:08.900] [DEBUG] debug-file - Task 'entry:default@CacheNativeLibs' cost while wrapping incremental declarations: 1 ms 
[2026-05-10T12:39:08.901] [DEBUG] debug-file - entry:default@CacheNativeLibs is not up-to-date, since the output file 'E:\project\My_project\OpenHarmony\frontend\entry\build\default\intermediates\patch\default\base_native_libs.json' does not exist.
[2026-05-10T12:39:08.901] [DEBUG] debug-file - Incremental task entry:default@CacheNativeLibs pre-execution cost: 1 ms .
[2026-05-10T12:39:08.902] [DEBUG] debug-file - default@CacheNativeLibs work[0] is submitted.
[2026-05-10T12:39:08.902] [DEBUG] debug-file - default@CacheNativeLibs work[0] is pushed to ready queue.
[2026-05-10T12:39:08.902] [DEBUG] debug-file - A work dispatched to worker[15] failed because unable to get work from ready queue.
[2026-05-10T12:39:08.903] [DEBUG] debug-file - Create  resident worker with id: 14.
[2026-05-10T12:39:08.903] [DEBUG] debug-file - default@CacheNativeLibs work[0] has been dispatched to worker[14].
[2026-05-10T12:39:08.903] [DEBUG] debug-file - default@CacheNativeLibs work[0] is dispatched.
[2026-05-10T12:39:08.904] [DEBUG] debug-file - entry : default@CacheNativeLibs cost memory 0.2241668701171875
[2026-05-10T12:39:08.905] [DEBUG] debug-file - Executing task :entry:default@HotReloadArkTS
[2026-05-10T12:39:08.905] [DEBUG] debug-file - obfuscationOptions: undefined
[2026-05-10T12:39:08.906] [DEBUG] debug-file - Task 'entry:default@HotReloadArkTS' cost while wrapping incremental declarations: 1 ms 
[2026-05-10T12:39:08.910] [DEBUG] debug-file - entry:default@HotReloadArkTS is not up-to-date, since the input file 'E:\project\My_project\OpenHarmony\frontend\entry\build\default\intermediates\loader\default' has been changed.
[2026-05-10T12:39:08.910] [DEBUG] debug-file - Incremental task entry:default@HotReloadArkTS pre-execution cost: 3 ms .
[2026-05-10T12:39:08.921] [DEBUG] debug-file - build config: [object Object]
[2026-05-10T12:39:08.923] [DEBUG] debug-file - session manager: binding session. socketId=tKSzpyYB9NwNfWulAAAD, threadId=1@1.
[2026-05-10T12:39:08.922] [DEBUG] debug-file - entry : default@HotReloadArkTS cost memory 1.997589111328125
[2026-05-10T12:39:09.566] [DEBUG] debug-file - worker[14] has one work done.
[2026-05-10T12:39:09.566] [DEBUG] debug-file - default@CacheNativeLibs work[0] done.
[2026-05-10T12:39:09.567] [DEBUG] debug-file - A work dispatched to worker[14] failed because unable to get work from ready queue.
[2026-05-10T12:39:09.567] [INFO] debug-file - Finished :entry:default@CacheNativeLibs... after 11 ms 
[2026-05-10T12:39:10.823] [DEBUG] debug-file - watch worker: send response to session manager. Response type: WatchStart
[2026-05-10T12:39:10.824] [DEBUG] debug-file - session manager: watch message received from worker 1. Type: WatchStart
[2026-05-10T12:39:12.821] [DEBUG] debug-file - watch worker: send response to session manager. Response type: WatchLog
[2026-05-10T12:39:12.822] [DEBUG] debug-file - session manager: watch message received from worker 1. Type: WatchLog
[2026-05-10T12:39:12.821] [DEBUG] debug-file - watch worker: send response to session manager. Response type: WatchLog
[2026-05-10T12:39:12.822] [DEBUG] debug-file - session manager: watch message received from worker 1. Type: WatchLog
[2026-05-10T12:39:12.821] [DEBUG] debug-file - watch worker: send response to session manager. Response type: WatchLog
[2026-05-10T12:39:12.823] [DEBUG] debug-file - session manager: watch message received from worker 1. Type: WatchLog
[2026-05-10T12:39:12.821] [DEBUG] debug-file - watch worker: send response to session manager. Response type: WatchLog
[2026-05-10T12:39:12.824] [DEBUG] debug-file - session manager: watch message received from worker 1. Type: WatchLog
[2026-05-10T12:39:12.821] [DEBUG] debug-file - watch worker: send response to session manager. Response type: WatchLog
[2026-05-10T12:39:12.824] [DEBUG] debug-file - session manager: watch message received from worker 1. Type: WatchLog
[2026-05-10T12:39:12.821] [DEBUG] debug-file - watch worker: send response to session manager. Response type: WatchLog
[2026-05-10T12:39:12.825] [DEBUG] debug-file - session manager: watch message received from worker 1. Type: WatchLog
[2026-05-10T12:39:12.821] [DEBUG] debug-file - watch worker: send response to session manager. Response type: WatchLog
[2026-05-10T12:39:12.826] [DEBUG] debug-file - session manager: watch message received from worker 1. Type: WatchLog
[2026-05-10T12:39:12.821] [DEBUG] debug-file - watch worker: send response to session manager. Response type: WatchLog
[2026-05-10T12:39:12.827] [DEBUG] debug-file - session manager: watch message received from worker 1. Type: WatchLog
[2026-05-10T12:39:12.821] [DEBUG] debug-file - watch worker: send response to session manager. Response type: WatchLog
[2026-05-10T12:39:12.827] [DEBUG] debug-file - session manager: watch message received from worker 1. Type: WatchLog
[2026-05-10T12:39:12.822] [DEBUG] debug-file - watch worker: send response to session manager. Response type: WatchLog
[2026-05-10T12:39:12.828] [DEBUG] debug-file - session manager: watch message received from worker 1. Type: WatchLog
[2026-05-10T12:39:12.823] [DEBUG] debug-file - watch worker: send response to session manager. Response type: WatchLog
[2026-05-10T12:39:12.828] [DEBUG] debug-file - session manager: watch message received from worker 1. Type: WatchLog
[2026-05-10T12:39:12.823] [DEBUG] debug-file - watch worker: send response to session manager. Response type: WatchLog
[2026-05-10T12:39:12.829] [DEBUG] debug-file - session manager: watch message received from worker 1. Type: WatchLog
[2026-05-10T12:39:12.823] [DEBUG] debug-file - watch worker: send response to session manager. Response type: WatchLog
[2026-05-10T12:39:12.830] [DEBUG] debug-file - session manager: watch message received from worker 1. Type: WatchLog
[2026-05-10T12:39:12.823] [DEBUG] debug-file - watch worker: send response to session manager. Response type: WatchLog
[2026-05-10T12:39:12.830] [DEBUG] debug-file - session manager: watch message received from worker 1. Type: WatchLog
[2026-05-10T12:39:12.823] [DEBUG] debug-file - watch worker: send response to session manager. Response type: WatchLog
[2026-05-10T12:39:12.831] [DEBUG] debug-file - session manager: watch message received from worker 1. Type: WatchLog
[2026-05-10T12:39:12.823] [DEBUG] debug-file - watch worker: send response to session manager. Response type: WatchLog
[2026-05-10T12:39:12.832] [DEBUG] debug-file - session manager: watch message received from worker 1. Type: WatchLog
[2026-05-10T12:39:12.823] [DEBUG] debug-file - watch worker: send response to session manager. Response type: WatchLog
[2026-05-10T12:39:12.833] [DEBUG] debug-file - session manager: watch message received from worker 1. Type: WatchLog
[2026-05-10T12:39:12.824] [DEBUG] debug-file - watch worker: send response to session manager. Response type: WatchLog
[2026-05-10T12:39:12.834] [DEBUG] debug-file - session manager: watch message received from worker 1. Type: WatchLog
[2026-05-10T12:39:12.824] [DEBUG] debug-file - watch worker: send response to session manager. Response type: WatchLog
[2026-05-10T12:39:12.835] [DEBUG] debug-file - session manager: watch message received from worker 1. Type: WatchLog
[2026-05-10T12:39:12.824] [DEBUG] debug-file - watch worker: send response to session manager. Response type: WatchLog
[2026-05-10T12:39:12.835] [DEBUG] debug-file - session manager: watch message received from worker 1. Type: WatchLog
[2026-05-10T12:39:12.824] [DEBUG] debug-file - watch worker: send response to session manager. Response type: WatchLog
[2026-05-10T12:39:12.836] [DEBUG] debug-file - session manager: watch message received from worker 1. Type: WatchLog
[2026-05-10T12:39:12.824] [DEBUG] debug-file - watch worker: send response to session manager. Response type: WatchLog
[2026-05-10T12:39:12.837] [DEBUG] debug-file - session manager: watch message received from worker 1. Type: WatchLog
[2026-05-10T12:39:12.824] [DEBUG] debug-file - watch worker: send response to session manager. Response type: WatchLog
[2026-05-10T12:39:12.837] [DEBUG] debug-file - session manager: watch message received from worker 1. Type: WatchLog
[2026-05-10T12:39:12.824] [DEBUG] debug-file - watch worker: send response to session manager. Response type: WatchLog
[2026-05-10T12:39:12.838] [DEBUG] debug-file - session manager: watch message received from worker 1. Type: WatchLog
[2026-05-10T12:39:12.824] [DEBUG] debug-file - watch worker: send response to session manager. Response type: WatchLog
[2026-05-10T12:39:12.839] [DEBUG] debug-file - session manager: watch message received from worker 1. Type: WatchLog
[2026-05-10T12:39:12.824] [DEBUG] debug-file - watch worker: send response to session manager. Response type: WatchLog
[2026-05-10T12:39:12.839] [DEBUG] debug-file - session manager: watch message received from worker 1. Type: WatchLog
[2026-05-10T12:39:12.824] [DEBUG] debug-file - watch worker: send response to session manager. Response type: WatchLog
[2026-05-10T12:39:12.840] [DEBUG] debug-file - session manager: watch message received from worker 1. Type: WatchLog
[2026-05-10T12:39:12.825] [DEBUG] debug-file - watch worker: send response to session manager. Response type: WatchLog
[2026-05-10T12:39:12.842] [DEBUG] debug-file - session manager: watch message received from worker 1. Type: WatchLog
[2026-05-10T12:39:12.825] [DEBUG] debug-file - watch worker: send response to session manager. Response type: WatchLog
[2026-05-10T12:39:12.843] [DEBUG] debug-file - session manager: watch message received from worker 1. Type: WatchLog
[2026-05-10T12:39:12.825] [DEBUG] debug-file - watch worker: send response to session manager. Response type: WatchLog
[2026-05-10T12:39:12.843] [DEBUG] debug-file - session manager: watch message received from worker 1. Type: WatchLog
[2026-05-10T12:39:12.825] [DEBUG] debug-file - watch worker: send response to session manager. Response type: WatchLog
[2026-05-10T12:39:12.844] [DEBUG] debug-file - session manager: watch message received from worker 1. Type: WatchLog
[2026-05-10T12:39:12.825] [DEBUG] debug-file - watch worker: send response to session manager. Response type: WatchLog
[2026-05-10T12:39:12.845] [DEBUG] debug-file - session manager: watch message received from worker 1. Type: WatchLog
[2026-05-10T12:39:12.825] [DEBUG] debug-file - watch worker: send response to session manager. Response type: WatchLog
[2026-05-10T12:39:12.846] [DEBUG] debug-file - session manager: watch message received from worker 1. Type: WatchLog
[2026-05-10T12:39:12.825] [DEBUG] debug-file - watch worker: send response to session manager. Response type: WatchLog
[2026-05-10T12:39:12.846] [DEBUG] debug-file - session manager: watch message received from worker 1. Type: WatchLog
[2026-05-10T12:39:12.825] [DEBUG] debug-file - watch worker: send response to session manager. Response type: WatchLog
[2026-05-10T12:39:12.847] [DEBUG] debug-file - session manager: watch message received from worker 1. Type: WatchLog
[2026-05-10T12:39:12.825] [DEBUG] debug-file - watch worker: send response to session manager. Response type: WatchLog
[2026-05-10T12:39:12.848] [DEBUG] debug-file - session manager: watch message received from worker 1. Type: WatchLog
[2026-05-10T12:39:12.825] [DEBUG] debug-file - watch worker: send response to session manager. Response type: WatchLog
[2026-05-10T12:39:12.849] [DEBUG] debug-file - session manager: watch message received from worker 1. Type: WatchLog
[2026-05-10T12:39:12.825] [DEBUG] debug-file - watch worker: send response to session manager. Response type: WatchLog
[2026-05-10T12:39:12.850] [DEBUG] debug-file - session manager: watch message received from worker 1. Type: WatchLog
[2026-05-10T12:39:12.825] [DEBUG] debug-file - watch worker: send response to session manager. Response type: WatchLog
[2026-05-10T12:39:12.850] [DEBUG] debug-file - session manager: watch message received from worker 1. Type: WatchLog
[2026-05-10T12:39:12.825] [DEBUG] debug-file - watch worker: send response to session manager. Response type: WatchLog
[2026-05-10T12:39:12.851] [DEBUG] debug-file - session manager: watch message received from worker 1. Type: WatchLog
[2026-05-10T12:39:12.826] [DEBUG] debug-file - watch worker: send response to session manager. Response type: WatchLog
[2026-05-10T12:39:12.852] [DEBUG] debug-file - session manager: watch message received from worker 1. Type: WatchLog
[2026-05-10T12:39:12.826] [DEBUG] debug-file - watch worker: send response to session manager. Response type: WatchLog
[2026-05-10T12:39:12.853] [DEBUG] debug-file - session manager: watch message received from worker 1. Type: WatchLog
[2026-05-10T12:39:12.826] [DEBUG] debug-file - watch worker: send response to session manager. Response type: WatchLog
[2026-05-10T12:39:12.854] [DEBUG] debug-file - session manager: watch message received from worker 1. Type: WatchLog
[2026-05-10T12:39:12.826] [DEBUG] debug-file - watch worker: send response to session manager. Response type: WatchLog
[2026-05-10T12:39:12.855] [DEBUG] debug-file - session manager: watch message received from worker 1. Type: WatchLog
[2026-05-10T12:39:12.826] [DEBUG] debug-file - watch worker: send response to session manager. Response type: WatchLog
[2026-05-10T12:39:12.855] [DEBUG] debug-file - session manager: watch message received from worker 1. Type: WatchLog
[2026-05-10T12:39:12.826] [DEBUG] debug-file - watch worker: send response to session manager. Response type: WatchLog
[2026-05-10T12:39:12.856] [DEBUG] debug-file - session manager: watch message received from worker 1. Type: WatchLog
[2026-05-10T12:39:12.826] [DEBUG] debug-file - watch worker: send response to session manager. Response type: WatchLog
[2026-05-10T12:39:12.857] [DEBUG] debug-file - session manager: watch message received from worker 1. Type: WatchLog
[2026-05-10T12:39:12.826] [DEBUG] debug-file - watch worker: send response to session manager. Response type: WatchLog
[2026-05-10T12:39:12.858] [DEBUG] debug-file - session manager: watch message received from worker 1. Type: WatchLog
[2026-05-10T12:39:12.826] [DEBUG] debug-file - watch worker: send response to session manager. Response type: WatchLog
[2026-05-10T12:39:12.859] [DEBUG] debug-file - session manager: watch message received from worker 1. Type: WatchLog
[2026-05-10T12:39:12.826] [DEBUG] debug-file - watch worker: send response to session manager. Response type: WatchLog
[2026-05-10T12:39:12.860] [DEBUG] debug-file - session manager: watch message received from worker 1. Type: WatchLog
[2026-05-10T12:39:12.826] [DEBUG] debug-file - watch worker: send response to session manager. Response type: WatchLog
[2026-05-10T12:39:12.861] [DEBUG] debug-file - session manager: watch message received from worker 1. Type: WatchLog
[2026-05-10T12:39:12.827] [DEBUG] debug-file - watch worker: send response to session manager. Response type: WatchLog
[2026-05-10T12:39:12.861] [DEBUG] debug-file - session manager: watch message received from worker 1. Type: WatchLog
[2026-05-10T12:39:12.827] [DEBUG] debug-file - watch worker: send response to session manager. Response type: WatchLog
[2026-05-10T12:39:12.862] [DEBUG] debug-file - session manager: watch message received from worker 1. Type: WatchLog
[2026-05-10T12:39:12.827] [DEBUG] debug-file - watch worker: send response to session manager. Response type: WatchLog
[2026-05-10T12:39:12.863] [DEBUG] debug-file - session manager: watch message received from worker 1. Type: WatchLog
[2026-05-10T12:39:12.827] [DEBUG] debug-file - watch worker: send response to session manager. Response type: WatchLog
[2026-05-10T12:39:12.864] [DEBUG] debug-file - session manager: watch message received from worker 1. Type: WatchLog
[2026-05-10T12:39:12.827] [DEBUG] debug-file - watch worker: send response to session manager. Response type: WatchLog
[2026-05-10T12:39:12.865] [DEBUG] debug-file - session manager: watch message received from worker 1. Type: WatchLog
[2026-05-10T12:39:13.280] [DEBUG] debug-file - watch worker: send response to session manager. Response type: WatchResult
[2026-05-10T12:39:13.281] [DEBUG] debug-file - Ark compile finished.
[2026-05-10T12:39:13.281] [DEBUG] debug-file - session manager: watch message received from worker 1. Type: WatchResult
[2026-05-10T12:39:13.280] [DEBUG] debug-file - watch worker: send response to session manager. Response type: WatchResult
[2026-05-10T12:39:13.282] [DEBUG] debug-file - session manager: watch message received from worker 1. Type: WatchResult
[2026-05-10T12:39:13.282] [INFO] debug-file - Finished :entry:default@HotReloadArkTS... after 4 s 377 ms 
[2026-05-10T12:39:13.283] [DEBUG] debug-file - Executing task :entry:default@GeneratePkgModuleJson
[2026-05-10T12:39:13.283] [DEBUG] debug-file - File: 'E:\project\My_project\OpenHarmony\frontend\entry\build\default\intermediates\preload\default\preload.json' from 'preloadSoJsonPath' is not exists, just ignore.
[2026-05-10T12:39:13.283] [DEBUG] debug-file - Error occurs while handling @Input 'shouldDeduplicateHar': The "data" argument must be of type string or an instance of Buffer, TypedArray, or DataView. Received undefined
[2026-05-10T12:39:13.283] [DEBUG] debug-file - Task 'entry:default@GeneratePkgModuleJson' cost while wrapping incremental declarations: 1 ms 
[2026-05-10T12:39:13.284] [DEBUG] debug-file - Incremental task entry:default@GeneratePkgModuleJson pre-execution cost: 1 ms .
[2026-05-10T12:39:13.284] [DEBUG] debug-file - entry : default@GeneratePkgModuleJson cost memory 0.1048583984375
[2026-05-10T12:39:13.284] [INFO] debug-file - UP-TO-DATE :entry:default@GeneratePkgModuleJson...  
[2026-05-10T12:39:13.284] [DEBUG] debug-file - Executing task :entry:default@ProcessCompiledResources
[2026-05-10T12:39:13.284] [DEBUG] debug-file - File: 'E:\project\My_project\OpenHarmony\frontend\entry\build\default\intermediates\preload\default\preload.json' from 'preloadSoJsonPath' is not exists, just ignore.
[2026-05-10T12:39:13.284] [DEBUG] debug-file - Task 'entry:default@ProcessCompiledResources' cost while wrapping incremental declarations: 1 ms 
[2026-05-10T12:39:13.285] [DEBUG] debug-file - entry : default@ProcessCompiledResources cost memory 0.06040191650390625
[2026-05-10T12:39:13.285] [DEBUG] debug-file - runTaskFromQueue task cost before running: 4 s 712 ms 
[2026-05-10T12:39:13.285] [INFO] debug-file - Finished :entry:default@ProcessCompiledResources... after 1 ms 
[2026-05-10T12:39:13.286] [DEBUG] debug-file - Executing task :entry:default@PackageHap
[2026-05-10T12:39:13.289] [DEBUG] debug-file - entry:default@PackageHap is not up-to-date, since the input file 'E:\project\My_project\OpenHarmony\frontend\entry\build\default\intermediates\loader_out\default\ets' has been changed.
[2026-05-10T12:39:13.289] [DEBUG] debug-file - Incremental task entry:default@PackageHap pre-execution cost: 3 ms .
[2026-05-10T12:39:13.291] [DEBUG] debug-file - Use tool [E:\Program Files\Huawei\DevEco Studio\sdk\default\openharmony\toolchains\lib\app_packing_tool.jar]
 [
  'java',
  '-Dfile.encoding=GBK',
  '-jar',
  'E:\\Program Files\\Huawei\\DevEco Studio\\sdk\\default\\openharmony\\toolchains\\lib\\app_packing_tool.jar',
  '--mode',
  'hap',
  '--force',
  'true',
  '--lib-path',
  'E:\\project\\My_project\\OpenHarmony\\frontend\\entry\\build\\default\\intermediates\\stripped_native_libs\\default',
  '--json-path',
  'E:\\project\\My_project\\OpenHarmony\\frontend\\entry\\build\\default\\intermediates\\package\\default\\module.json',
  '--resources-path',
  'E:\\project\\My_project\\OpenHarmony\\frontend\\entry\\build\\default\\intermediates\\res\\default\\resources',
  '--index-path',
  'E:\\project\\My_project\\OpenHarmony\\frontend\\entry\\build\\default\\intermediates\\res\\default\\resources.index',
  '--pack-info-path',
  'E:\\project\\My_project\\OpenHarmony\\frontend\\entry\\build\\default\\outputs\\default\\pack.info',
  '--out-path',
  'E:\\project\\My_project\\OpenHarmony\\frontend\\entry\\build\\default\\outputs\\default\\entry-default-unsigned.hap',
  '--ets-path',
  'E:\\project\\My_project\\OpenHarmony\\frontend\\entry\\build\\default\\intermediates\\loader_out\\default\\ets',
  '--pkg-sdk-info-path',
  'E:\\project\\My_project\\OpenHarmony\\frontend\\entry\\build\\default\\intermediates\\loader\\default\\pkgSdkInfo.json'
]
[2026-05-10T12:39:13.291] [DEBUG] debug-file - default@PackageHap work[1] is submitted.
[2026-05-10T12:39:13.291] [DEBUG] debug-file - default@PackageHap work[1] is pushed to ready queue.
[2026-05-10T12:39:13.292] [DEBUG] debug-file - A work dispatched to worker[15] failed because unable to get work from ready queue.
[2026-05-10T12:39:13.292] [DEBUG] debug-file - default@PackageHap work[1] has been dispatched to worker[14].
[2026-05-10T12:39:13.292] [DEBUG] debug-file - default@PackageHap work[1] is dispatched.
[2026-05-10T12:39:13.293] [DEBUG] debug-file - entry : default@PackageHap cost memory 0.757598876953125
[2026-05-10T12:39:13.350] [DEBUG] debug-file - current process  memoryUsage: {
  rss: 697765888,
  heapTotal: 81035264,
  heapUsed: 57752376,
  external: 2581003,
  arrayBuffers: 339326
} os memoryUsage :20.123069763183594
[2026-05-10T12:39:13.649] [DEBUG] debug-file - worker[14] has one work done.
[2026-05-10T12:39:13.649] [DEBUG] debug-file - default@PackageHap work[1] done.
[2026-05-10T12:39:13.649] [DEBUG] debug-file - A work dispatched to worker[14] failed because unable to get work from ready queue.
[2026-05-10T12:39:13.650] [INFO] debug-file - Finished :entry:default@PackageHap... after 308 ms 
[2026-05-10T12:39:13.651] [DEBUG] debug-file - Executing task :entry:default@PackingCheck
[2026-05-10T12:39:13.656] [DEBUG] debug-file - entry : default@PackingCheck cost memory 0.5103836059570312
[2026-05-10T12:39:13.656] [DEBUG] debug-file - runTaskFromQueue task cost before running: 5 s 83 ms 
[2026-05-10T12:39:13.656] [INFO] debug-file - Finished :entry:default@PackingCheck... after 6 ms 
[2026-05-10T12:39:13.657] [DEBUG] debug-file - Executing task :entry:default@SignHap
[2026-05-10T12:39:13.658] [WARN] debug-file - Will skip sign 'hos_hap'. No signingConfigs profile is configured in current project.
             If needed, configure the signingConfigs in E:\project\My_project\OpenHarmony\frontend\build-profile.json5.
[2026-05-10T12:39:13.658] [DEBUG] debug-file - entry:default@SignHap is not up-to-date, since the input file 'E:\project\My_project\OpenHarmony\frontend\entry\build\default\outputs\default\entry-default-unsigned.hap' has been changed.
[2026-05-10T12:39:13.658] [DEBUG] debug-file - Incremental task entry:default@SignHap pre-execution cost: 1 ms .
[2026-05-10T12:39:13.659] [DEBUG] debug-file - entry : default@SignHap cost memory 0.09156036376953125
[2026-05-10T12:39:13.659] [DEBUG] debug-file - runTaskFromQueue task cost before running: 5 s 86 ms 
[2026-05-10T12:39:13.659] [INFO] debug-file - Finished :entry:default@SignHap... after 2 ms 
[2026-05-10T12:39:13.660] [DEBUG] debug-file - Executing task :entry:default@CollectDebugSymbol
[2026-05-10T12:39:13.660] [DEBUG] debug-file - entry : default@CollectDebugSymbol cost memory 0.09801483154296875
[2026-05-10T12:39:13.661] [DEBUG] debug-file - runTaskFromQueue task cost before running: 5 s 88 ms 
[2026-05-10T12:39:13.661] [INFO] debug-file - Finished :entry:default@CollectDebugSymbol... after 1 ms 
[2026-05-10T12:39:13.661] [DEBUG] debug-file - Executing task :entry:assembleHap
[2026-05-10T12:39:13.661] [DEBUG] debug-file - entry : assembleHap cost memory 0.0126800537109375
[2026-05-10T12:39:13.661] [DEBUG] debug-file - runTaskFromQueue task cost before running: 5 s 88 ms 
[2026-05-10T12:39:13.661] [INFO] debug-file - Finished :entry:assembleHap... after 1 ms 
[2026-05-10T12:39:13.668] [INFO] debug-file - BUILD SUCCESSFUL in 5 s 95 ms 
[2026-05-10T12:39:13.669] [DEBUG] debug-file - Update task entry:default@PreBuild input file:E:\project\My_project\OpenHarmony\frontend\AppScope\app.json5 cache by regenerate.
[2026-05-10T12:39:13.669] [DEBUG] debug-file - Update task entry:default@PreBuild input file:E:\project\My_project\OpenHarmony\frontend\entry\src\main\module.json5 cache by regenerate.
[2026-05-10T12:39:13.669] [DEBUG] debug-file - Update task entry:default@PreBuild input file:E:\project\My_project\OpenHarmony\frontend\build-profile.json5 cache by regenerate.
[2026-05-10T12:39:13.669] [DEBUG] debug-file - Update task entry:default@PreBuild input file:E:\project\My_project\OpenHarmony\frontend\entry\build-profile.json5 cache by regenerate.
[2026-05-10T12:39:13.669] [DEBUG] debug-file - Update task entry:default@PreBuild input file:E:\project\My_project\OpenHarmony\frontend\entry\src\main\resources\base\profile\main_pages.json cache by regenerate.
[2026-05-10T12:39:13.669] [DEBUG] debug-file - Update task entry:default@PreBuild input file:E:\project\My_project\OpenHarmony\frontend\hvigor\hvigor-config.json5 cache by regenerate.
[2026-05-10T12:39:13.669] [DEBUG] debug-file - Update task entry:default@PreBuild input file:E:\project\My_project\OpenHarmony\frontend\entry\oh-package.json5 cache by regenerate.
[2026-05-10T12:39:13.670] [DEBUG] debug-file - Update task entry:default@PreBuild input file:E:\project\My_project\OpenHarmony\frontend\oh-package.json5 cache by regenerate.
[2026-05-10T12:39:13.670] [DEBUG] debug-file - Incremental task entry:default@PreBuild post-execution cost:2 ms .
[2026-05-10T12:39:13.670] [DEBUG] debug-file - Update task entry:default@CreateModuleInfo output file:E:\project\My_project\OpenHarmony\frontend\entry\build\default\generated\profile\default\ModuleInfo.ts cache.
[2026-05-10T12:39:13.670] [DEBUG] debug-file - Incremental task entry:default@CreateModuleInfo post-execution cost:1 ms .
[2026-05-10T12:39:13.670] [DEBUG] debug-file - There is no need to refresh cache, since the incremental task entry:default@GenerateMetadata is up-to-date.
[2026-05-10T12:39:13.670] [DEBUG] debug-file - There is no need to refresh cache, since the incremental task entry:default@MergeProfile is up-to-date.
[2026-05-10T12:39:13.670] [DEBUG] debug-file - There is no need to refresh cache, since the incremental task entry:default@CreateBuildProfile is up-to-date.
[2026-05-10T12:39:13.670] [DEBUG] debug-file - Update task entry:default@GeneratePkgContextInfo output file:E:\project\My_project\OpenHarmony\frontend\entry\build\default\intermediates\loader\default\pkgContextInfo.json cache.
[2026-05-10T12:39:13.670] [DEBUG] debug-file - Incremental task entry:default@GeneratePkgContextInfo post-execution cost:1 ms .
[2026-05-10T12:39:13.670] [DEBUG] debug-file - There is no need to refresh cache, since the incremental task entry:default@GeneratePkgSdkInfo is up-to-date.
[2026-05-10T12:39:13.670] [DEBUG] debug-file - Update task entry:default@ProcessIntegratedHsp output file:E:\project\My_project\OpenHarmony\frontend\build\cache\default\integrated_hsp\integratedHspCache.json cache.
[2026-05-10T12:39:13.670] [DEBUG] debug-file - Incremental task entry:default@ProcessIntegratedHsp post-execution cost:1 ms .
[2026-05-10T12:39:13.670] [DEBUG] debug-file - There is no need to refresh cache, since the incremental task entry:default@MakePackInfo is up-to-date.
[2026-05-10T12:39:13.671] [DEBUG] debug-file - Update task entry:default@SyscapTransform input file:E:\Program Files\Huawei\DevEco Studio\sdk\default\openharmony\toolchains\syscap_tool.exe cache by regenerate.
[2026-05-10T12:39:13.671] [DEBUG] debug-file - Update task entry:default@SyscapTransform input file:E:\Program Files\Huawei\DevEco Studio\sdk\default\openharmony\ets\api\device-define cache by regenerate.
[2026-05-10T12:39:13.671] [DEBUG] debug-file - Update task entry:default@SyscapTransform output file:E:\project\My_project\OpenHarmony\frontend\entry\build\default\intermediates\syscap\default\rpcid.sc cache.
[2026-05-10T12:39:13.671] [DEBUG] debug-file - Incremental task entry:default@SyscapTransform post-execution cost:1 ms .
[2026-05-10T12:39:13.671] [DEBUG] debug-file - There is no need to refresh cache, since the incremental task entry:default@ProcessProfile is up-to-date.
[2026-05-10T12:39:13.671] [DEBUG] debug-file - There is no need to refresh cache, since the incremental task entry:default@ProcessRouterMap is up-to-date.
[2026-05-10T12:39:13.671] [DEBUG] debug-file - There is no need to refresh cache, since the incremental task entry:default@ProcessShareConfig is up-to-date.
[2026-05-10T12:39:13.671] [DEBUG] debug-file - Update task entry:default@ProcessStartupConfig output file:E:\project\My_project\OpenHarmony\frontend\entry\build\default\intermediates\startup\default\startup_config.json cache.
[2026-05-10T12:39:13.671] [DEBUG] debug-file - Incremental task entry:default@ProcessStartupConfig post-execution cost:1 ms .
[2026-05-10T12:39:13.671] [DEBUG] debug-file - There is no need to refresh cache, since the incremental task entry:default@ProcessResource is up-to-date.
[2026-05-10T12:39:13.672] [DEBUG] debug-file - Update task entry:default@GenerateLoaderJson input file:E:\project\My_project\OpenHarmony\frontend\entry\build\default\intermediates\router_map\default\temp-router-map.json cache by regenerate.
[2026-05-10T12:39:13.672] [DEBUG] debug-file - Update task entry:default@GenerateLoaderJson output file:E:\project\My_project\OpenHarmony\frontend\entry\build\default\intermediates\loader\default\loader.json cache.
[2026-05-10T12:39:13.672] [DEBUG] debug-file - Incremental task entry:default@GenerateLoaderJson post-execution cost:1 ms .
[2026-05-10T12:39:13.672] [DEBUG] debug-file - There is no need to refresh cache, since the incremental task entry:default@ProcessLibs is up-to-date.
[2026-05-10T12:39:13.672] [DEBUG] debug-file - There is no need to refresh cache, since the incremental task entry:default@CompileResource is up-to-date.
[2026-05-10T12:39:13.672] [DEBUG] debug-file - There is no need to refresh cache, since the incremental task entry:default@DoNativeStrip is up-to-date.
[2026-05-10T12:39:13.673] [DEBUG] debug-file - Update task entry:default@BuildJS input file:E:\project\My_project\OpenHarmony\frontend\entry\build\default\intermediates\loader\default cache by regenerate.
[2026-05-10T12:39:13.673] [DEBUG] debug-file - Update task entry:default@BuildJS input file:E:\project\My_project\OpenHarmony\frontend\entry\build\default\intermediates\res\default\resources\rawfile cache by regenerate.
[2026-05-10T12:39:13.673] [DEBUG] debug-file - Update task entry:default@BuildJS input file:E:\project\My_project\OpenHarmony\frontend\entry\build\default\intermediates\res\default\ResourceTable.txt cache by regenerate.
[2026-05-10T12:39:13.673] [DEBUG] debug-file - Update task entry:default@BuildJS input file:E:\project\My_project\OpenHarmony\frontend\entry\build\default\intermediates\res\default\ark_module.json cache by regenerate.
[2026-05-10T12:39:13.673] [DEBUG] debug-file - Update task entry:default@BuildJS input file:E:\project\My_project\OpenHarmony\frontend\entry\build\default\intermediates\res\default\resources\base\profile cache by regenerate.
[2026-05-10T12:39:13.673] [DEBUG] debug-file - Update task entry:default@BuildJS output file:E:\project\My_project\OpenHarmony\frontend\entry\build\default\intermediates\loader_out\default\js cache.
[2026-05-10T12:39:13.674] [DEBUG] debug-file - Incremental task entry:default@BuildJS post-execution cost:2 ms .
[2026-05-10T12:39:13.674] [DEBUG] debug-file - Update task entry:default@CacheNativeLibs input file:E:\project\My_project\OpenHarmony\frontend\entry\build\default\intermediates\stripped_native_libs\default cache by regenerate.
[2026-05-10T12:39:13.674] [DEBUG] debug-file - Update task entry:default@CacheNativeLibs input file:E:\project\My_project\OpenHarmony\frontend\entry\build\default\intermediates\libs\default cache by regenerate.
[2026-05-10T12:39:13.674] [DEBUG] debug-file - Update task entry:default@CacheNativeLibs output file:E:\project\My_project\OpenHarmony\frontend\entry\build\default\intermediates\patch\default\base_native_libs.json cache.
[2026-05-10T12:39:13.674] [DEBUG] debug-file - Update task entry:default@CacheNativeLibs output file:E:\project\My_project\OpenHarmony\frontend\entry\build\default\intermediates\patch\default\binxo_native_libs.json cache.
[2026-05-10T12:39:13.674] [DEBUG] debug-file - Incremental task entry:default@CacheNativeLibs post-execution cost:1 ms .
[2026-05-10T12:39:13.675] [DEBUG] debug-file - Update task entry:default@HotReloadArkTS input file:E:\project\My_project\OpenHarmony\frontend\entry\build\default\intermediates\loader\default cache from map.
[2026-05-10T12:39:13.675] [DEBUG] debug-file - Update task entry:default@HotReloadArkTS input file:E:\project\My_project\OpenHarmony\frontend\entry\build\default\intermediates\res\default\resources\rawfile cache by regenerate.
[2026-05-10T12:39:13.675] [DEBUG] debug-file - Update task entry:default@HotReloadArkTS input file:E:\project\My_project\OpenHarmony\frontend\entry\build\default\intermediates\res\default\ResourceTable.txt cache by regenerate.
[2026-05-10T12:39:13.675] [DEBUG] debug-file - Update task entry:default@HotReloadArkTS input file:E:\project\My_project\OpenHarmony\frontend\entry\build\default\intermediates\res\default\ark_module.json cache by regenerate.
[2026-05-10T12:39:13.675] [DEBUG] debug-file - Update task entry:default@HotReloadArkTS input file:E:\project\My_project\OpenHarmony\frontend\entry\build\default\intermediates\res\default\resources\base\profile cache by regenerate.
[2026-05-10T12:39:13.675] [DEBUG] debug-file - Update task entry:default@HotReloadArkTS input file:E:\project\My_project\OpenHarmony\frontend\entry\src\main\ets cache by regenerate.
[2026-05-10T12:39:13.677] [DEBUG] debug-file - Update task entry:default@HotReloadArkTS input file:E:\project\My_project\OpenHarmony\frontend\entry\build\default\generated\profile\default\BuildProfile.ets cache by regenerate.
[2026-05-10T12:39:13.678] [DEBUG] debug-file - Update task entry:default@HotReloadArkTS output file:E:\project\My_project\OpenHarmony\frontend\entry\build\default\intermediates\loader_out\default\ets cache.
[2026-05-10T12:39:13.678] [DEBUG] debug-file - Incremental task entry:default@HotReloadArkTS post-execution cost:4 ms .
[2026-05-10T12:39:13.678] [DEBUG] debug-file - There is no need to refresh cache, since the incremental task entry:default@GeneratePkgModuleJson is up-to-date.
[2026-05-10T12:39:13.678] [DEBUG] debug-file - Incremental task entry:default@ProcessCompiledResources post-execution cost:1 ms .
[2026-05-10T12:39:13.678] [DEBUG] debug-file - Update task entry:default@PackageHap input file:E:\project\My_project\OpenHarmony\frontend\entry\build\default\intermediates\stripped_native_libs\default cache by regenerate.
[2026-05-10T12:39:13.678] [DEBUG] debug-file - Update task entry:default@PackageHap input file:E:\project\My_project\OpenHarmony\frontend\entry\build\default\intermediates\res\default\module.json cache by regenerate.
[2026-05-10T12:39:13.678] [DEBUG] debug-file - Update task entry:default@PackageHap input file:E:\project\My_project\OpenHarmony\frontend\entry\build\default\intermediates\res\default\resources cache by regenerate.
[2026-05-10T12:39:13.679] [DEBUG] debug-file - Update task entry:default@PackageHap input file:E:\project\My_project\OpenHarmony\frontend\entry\build\default\intermediates\res\default\resources.index cache by regenerate.
[2026-05-10T12:39:13.679] [DEBUG] debug-file - Update task entry:default@PackageHap input file:E:\project\My_project\OpenHarmony\frontend\entry\build\default\outputs\default\pack.info cache by regenerate.
[2026-05-10T12:39:13.679] [DEBUG] debug-file - Update task entry:default@PackageHap input file:E:\project\My_project\OpenHarmony\frontend\entry\build\default\intermediates\loader_out\default\ets cache from map.
[2026-05-10T12:39:13.679] [DEBUG] debug-file - Update task entry:default@PackageHap input file:E:\project\My_project\OpenHarmony\frontend\entry\build\default\intermediates\loader\default\pkgSdkInfo.json cache by regenerate.
[2026-05-10T12:39:13.679] [DEBUG] debug-file - Update task entry:default@PackageHap input file:E:\project\My_project\OpenHarmony\frontend\entry\build\default\intermediates\loader_out\default\ets\sourceMaps.map cache by regenerate.
[2026-05-10T12:39:13.680] [DEBUG] debug-file - Update task entry:default@PackageHap input file:E:\project\My_project\OpenHarmony\frontend\entry\build\default\generated\profile\default\BuildProfile.ets cache by regenerate.
[2026-05-10T12:39:13.680] [DEBUG] debug-file - Update task entry:default@PackageHap output file:E:\project\My_project\OpenHarmony\frontend\entry\build\default\outputs\default\entry-default-unsigned.hap cache.
[2026-05-10T12:39:13.680] [DEBUG] debug-file - Update task entry:default@PackageHap output file:E:\project\My_project\OpenHarmony\frontend\entry\build\default\intermediates\source_map\default\sourceMaps.map cache.
[2026-05-10T12:39:13.680] [DEBUG] debug-file - Update task entry:default@PackageHap output file:E:\project\My_project\OpenHarmony\frontend\entry\build\default\outputs\default\mapping\sourceMaps.map cache.
[2026-05-10T12:39:13.680] [DEBUG] debug-file - Incremental task entry:default@PackageHap post-execution cost:2 ms .
[2026-05-10T12:39:13.680] [DEBUG] debug-file - Update task entry:default@SignHap input file:E:\project\My_project\OpenHarmony\frontend\entry\build\default\outputs\default\entry-default-unsigned.hap cache from map.
[2026-05-10T12:39:13.680] [DEBUG] debug-file - Update task entry:default@SignHap output file:E:\project\My_project\OpenHarmony\frontend\entry\build\default\outputs\default\entry-default-signed.hap cache.
[2026-05-10T12:39:13.680] [DEBUG] debug-file - Incremental task entry:default@SignHap post-execution cost:1 ms .
[2026-05-10T12:39:13.680] [DEBUG] debug-file - Update task entry:default@CollectDebugSymbol input file:E:\project\My_project\OpenHarmony\frontend\entry\build\default\intermediates\loader_out\default\ets\sourceMaps.map cache by regenerate.
[2026-05-10T12:39:13.680] [DEBUG] debug-file - Update task entry:default@CollectDebugSymbol input file:E:\project\My_project\OpenHarmony\frontend\entry\build\default\intermediates\libs\default cache by regenerate.
[2026-05-10T12:39:13.680] [DEBUG] debug-file - Update task entry:default@CollectDebugSymbol output file:E:\project\My_project\OpenHarmony\frontend\entry\build\default\outputs\default\symbol cache.
[2026-05-10T12:39:13.680] [DEBUG] debug-file - Incremental task entry:default@CollectDebugSymbol post-execution cost:1 ms .
[2026-05-10T12:39:13.698] [DEBUG] debug-file - Cleanup worker 14.
[2026-05-10T12:39:13.698] [DEBUG] debug-file - Worker 14 has been cleaned up.
[2026-05-10T12:39:13.698] [DEBUG] debug-file - Current idle worker size: 0.
[2026-05-10T12:39:13.698] [DEBUG] debug-file - Current resident worker size: 1.
[2026-05-10T12:39:13.698] [DEBUG] debug-file - hvigor build process will be closed.
[2026-05-10T12:39:13.703] [DEBUG] debug-file - worker[14] exits with exit code 1.
[2026-05-10T12:40:44.901] [DEBUG] debug-file - watch worker: send response to session manager. Response type: WatchStart
[2026-05-10T12:40:44.903] [DEBUG] debug-file - session manager: watch message received from worker 1. Type: WatchStart
[2026-05-10T12:40:55.128] [DEBUG] debug-file - env: nodejsVersion=v24.15.0
[2026-05-10T12:40:55.388] [DEBUG] debug-file - env: daemon=true
[2026-05-10T12:40:55.128] [DEBUG] debug-file - env: hvigor-config.json5 content = { modelVersion: '5.0.0', dependencies: {} }
[2026-05-10T12:40:55.790] [DEBUG] debug-file - java daemon tryConnect failed Error: connect ECONNREFUSED 127.0.0.1:45050
[2026-05-10T12:40:55.801] [DEBUG] debug-file - java daemon started at port 45050 pid 31332
[2026-05-10T12:40:55.819] [DEBUG] debug-file - session manager: set active socket. socketId=eJVCgjk1lJEjG8B-AAAB
[2026-05-10T12:40:55.900] [DEBUG] debug-file - javaProcess on stderr
[2026-05-10T12:40:55.916] [DEBUG] debug-file - java daemon exit code:1 signal:null
[2026-05-10T12:40:56.205] [DEBUG] debug-file - watch worker: worker id should be larger than 0. Nothing will be sent to any worker thread.
[2026-05-10T12:40:56.207] [DEBUG] debug-file - Since there is no instance or instance is terminated, create a new worker pool.
[2026-05-10T12:40:56.207] [DEBUG] debug-file - Worker pool is initialized with config:  {
  minPoolNum: 2,
  maxPoolNum: undefined,
  maxCoreSize: undefined,
  cacheCapacity: undefined,
  cacheTtl: undefined
}
[2026-05-10T12:40:56.207] [DEBUG] debug-file - Create  resident worker with id: 0.
[2026-05-10T12:40:56.209] [DEBUG] debug-file - Create  resident worker with id: 1.
[2026-05-10T12:40:56.210] [DEBUG] debug-file - Workers' log level updated to INFO
[2026-05-10T12:40:56.214] [DEBUG] debug-file - Hvigor init with startParameters:{
  hvigorfileTypeCheck: false,
  parallelExecution: true,
  incrementalExecution: true,
  printStackTrace: false,
  daemon: true,
  analyze: 0,
  logLevel: Level { level: 20000, levelStr: 'INFO', colour: 'green' },
  optimizationStrategy: 'memory',
  hotCompile: undefined,
  hotReloadBuild: undefined,
  customizedParam: undefined
}
[2026-05-10T12:40:56.217] [DEBUG] debug-file - Cache service initialization finished in 4 ms 
[2026-05-10T12:40:56.219] [DEBUG] debug-file - hvigorfile, resolving E:\project\My_project\OpenHarmony\frontend\hvigorfile.ts
[2026-05-10T12:40:57.203] [DEBUG] debug-file - hvigorfile, require result:  { default: { plugins: [] } }
[2026-05-10T12:40:57.204] [DEBUG] debug-file - hvigorfile, binding system plugins null
[2026-05-10T12:40:57.204] [DEBUG] debug-file - Starting plugin build process
[2026-05-10T12:40:57.204] [DEBUG] debug-file - App plugin prepare start...
[2026-05-10T12:40:57.204] [DEBUG] debug-file - App plugin prepare end...
[2026-05-10T12:40:57.204] [DEBUG] debug-file - App plugin creating...
[2026-05-10T12:40:57.294] [DEBUG] debug-file - App plugin register hook start...
[2026-05-10T12:40:57.295] [DEBUG] debug-file - App plugin register hook end...
[2026-05-10T12:40:57.295] [DEBUG] debug-file - Plugin build process completed
[2026-05-10T12:40:57.295] [DEBUG] debug-file - Start initialize project's product build option map with build mode debug.
[2026-05-10T12:40:57.295] [DEBUG] debug-file - Picking option from product 'default' with build mode 'debug'.
[2026-05-10T12:40:57.295] [DEBUG] debug-file - Product 'default' build option initialized
[2026-05-10T12:40:57.295] [DEBUG] debug-file - End initialize project's product build option map with build mode 'debug'.
[2026-05-10T12:40:57.296] [DEBUG] debug-file - Obtain build option for product 'default'in this build.
[2026-05-10T12:40:57.297] [DEBUG] debug-file - No signingConfig found, initRemoteHspCache failed.
[2026-05-10T12:40:57.298] [DEBUG] debug-file - Local scan or download HarmonyOS sdk components toolchains,ets,js,native,previewer
[2026-05-10T12:40:57.299] [DEBUG] debug-file - Local scan or download hmscore sdk components toolchains,ets,native
[2026-05-10T12:40:57.300] [DEBUG] debug-file - Start recording SDK configuration permission data.
[2026-05-10T12:40:57.322] [DEBUG] debug-file - Sdk init in 25 ms 
[2026-05-10T12:40:57.326] [DEBUG] debug-file - Project task initialization takes 4 ms 
[2026-05-10T12:40:57.326] [DEBUG] debug-file - hvigorfile, begin to bind custom plugins...
[2026-05-10T12:40:57.326] [DEBUG] debug-file - hvigorfile, no custom plugins were found in E:\project\My_project\OpenHarmony\frontend\hvigorfile.ts
[2026-05-10T12:40:57.326] [DEBUG] debug-file - hvigorfile, resolve finished E:\project\My_project\OpenHarmony\frontend\hvigorfile.ts
[2026-05-10T12:40:57.326] [DEBUG] debug-file - hvigorfile, resolving E:\project\My_project\OpenHarmony\frontend\entry\hvigorfile.ts
[2026-05-10T12:40:57.330] [DEBUG] debug-file - hvigorfile, require result:  { default: { plugins: [] } }
[2026-05-10T12:40:57.330] [DEBUG] debug-file - hvigorfile, binding system plugins null
[2026-05-10T12:40:57.331] [DEBUG] debug-file - Starting plugin build process
[2026-05-10T12:40:57.331] [DEBUG] debug-file - Hap plugin creating...
[2026-05-10T12:40:57.331] [DEBUG] debug-file - failed to load cangjie to dynamically generate schemas: Error: Cannot find module '@ohos/cangjie-build-support/index'
Require stack:
- E:\Program Files\Huawei\DevEco Studio\tools\hvigor\hvigor-ohos-plugin\src\plugin\hooks\cangjie-register.js
- E:\Program Files\Huawei\DevEco Studio\tools\hvigor\hvigor-ohos-plugin\src\plugin\strategy\stage-init-strategy.js
- E:\Program Files\Huawei\DevEco Studio\tools\hvigor\hvigor-ohos-plugin\src\plugin\builder\abstract-plugin-builder.js
- E:\Program Files\Huawei\DevEco Studio\tools\hvigor\hvigor-ohos-plugin\src\plugin\builder\app-plugin-builder.js
- E:\Program Files\Huawei\DevEco Studio\tools\hvigor\hvigor-ohos-plugin\src\plugin\factory\plugin-factory.js
- E:\Program Files\Huawei\DevEco Studio\tools\hvigor\hvigor-ohos-plugin\index.js
- E:\project\My_project\OpenHarmony\frontend\hvigorfile.ts
- E:\Program Files\Huawei\DevEco Studio\tools\hvigor\hvigor\src\base\internal\lifecycle\configuration.js
- E:\Program Files\Huawei\DevEco Studio\tools\hvigor\hvigor\src\base\boot\index.js
- E:\Program Files\Huawei\DevEco Studio\tools\hvigor\hvigor\src\base\daemon\cluster\worker-process-lifecycle.js
- E:\Program Files\Huawei\DevEco Studio\tools\hvigor\hvigor\src\base\daemon\process\daemon-process-boot-script.js
[2026-05-10T12:40:57.336] [DEBUG] debug-file - Start initialize module-target build option map, moduleName=entry, buildMode=debug
[2026-05-10T12:40:57.336] [DEBUG] debug-file - Target 'default' config initialized
[2026-05-10T12:40:57.336] [DEBUG] debug-file - Module 'entry' target 'default' build option initialized
[2026-05-10T12:40:57.336] [DEBUG] debug-file - End initialize module-target build option map, moduleName=entry
[2026-05-10T12:40:57.336] [DEBUG] debug-file - Start initialize module-target build option map, moduleName=entry, buildMode=release
[2026-05-10T12:40:57.336] [DEBUG] debug-file - Target 'default' config initialized
[2026-05-10T12:40:57.337] [DEBUG] debug-file - Module 'entry' target 'default' build option initialized
[2026-05-10T12:40:57.337] [DEBUG] debug-file - End initialize module-target build option map, moduleName=entry
[2026-05-10T12:40:57.337] [DEBUG] debug-file - Start initialize module-target build option map, moduleName=entry, buildMode=debug
[2026-05-10T12:40:57.337] [DEBUG] debug-file - Target 'default' config initialized
[2026-05-10T12:40:57.337] [DEBUG] debug-file - Module 'entry' target 'default' build option initialized
[2026-05-10T12:40:57.337] [DEBUG] debug-file - End initialize module-target build option map, moduleName=entry
[2026-05-10T12:40:57.337] [DEBUG] debug-file - Obtain build option for module 'entry' target 'default'in this build.
[2026-05-10T12:40:57.340] [DEBUG] debug-file - Module entry task initialization takes 3 ms 
[2026-05-10T12:40:57.340] [DEBUG] debug-file - Hap plugin register hook start...
[2026-05-10T12:40:57.340] [DEBUG] debug-file - Hap plugin register hook end...
[2026-05-10T12:40:57.340] [DEBUG] debug-file - Plugin build process completed
[2026-05-10T12:40:57.340] [DEBUG] debug-file - hvigorfile, begin to bind custom plugins...
[2026-05-10T12:40:57.340] [DEBUG] debug-file - hvigorfile, no custom plugins were found in E:\project\My_project\OpenHarmony\frontend\entry\hvigorfile.ts
[2026-05-10T12:40:57.340] [DEBUG] debug-file - hvigorfile, resolve finished E:\project\My_project\OpenHarmony\frontend\entry\hvigorfile.ts
[2026-05-10T12:40:57.350] [DEBUG] debug-file - hvigorfile, resolve hvigorfile dependencies in 10 ms 
[2026-05-10T12:40:57.350] [DEBUG] debug-file - project has submodules:entry
[2026-05-10T12:40:57.351] [DEBUG] debug-file - start to load updatedOhPackageInfo to the disk
[2026-05-10T12:40:57.352] [DEBUG] debug-file - load to the disk finished
[2026-05-10T12:40:57.352] [DEBUG] debug-file - Start to initialize dependency information.
[2026-05-10T12:40:57.353] [DEBUG] debug-file - Module frontend Collected Dependency: 
[2026-05-10T12:40:57.353] [DEBUG] debug-file - Module frontend's total dependency: 0
[2026-05-10T12:40:57.354] [DEBUG] debug-file - Start to initialize dependency information.
[2026-05-10T12:40:57.355] [DEBUG] debug-file - Module entry Collected Dependency: 
[2026-05-10T12:40:57.355] [DEBUG] debug-file - Module entry's total dependency: 0
[2026-05-10T12:40:57.357] [DEBUG] debug-file - Configuration phase cost:1 s 140 ms 
[2026-05-10T12:40:57.358] [DEBUG] debug-file - Configuration task cost before running: 1 s 148 ms 
[2026-05-10T12:40:57.361] [DEBUG] debug-file - Executing task :entry:default@PreBuild
[2026-05-10T12:40:57.362] [DEBUG] debug-file - Task 'entry:default@PreBuild' cost while wrapping incremental declarations: 1 ms 
[2026-05-10T12:40:57.366] [DEBUG] debug-file - entry:default@PreBuild is not up-to-date, since the task snapshots are different.
[2026-05-10T12:40:57.366] [DEBUG] debug-file - Incremental task entry:default@PreBuild pre-execution cost: 3 ms .
[2026-05-10T12:40:57.432] [DEBUG] debug-file - current product is not Atomic service.
[2026-05-10T12:40:57.432] [DEBUG] debug-file - Use tool [win32: JAVA_HOME, CLASSPATH]
 [
  { JAVA_HOME: 'C:\\Program Files\\Java\\jdk-17' },
  { CLASSPATH: undefined }
]
[2026-05-10T12:40:57.432] [DEBUG] debug-file - Use tool [win32: NODE_HOME]
 [ { NODE_HOME: undefined } ]
[2026-05-10T12:40:57.433] [DEBUG] debug-file - entry : default@PreBuild cost memory 5.673789978027344
[2026-05-10T12:40:57.433] [DEBUG] debug-file - runTaskFromQueue task cost before running: 1 s 223 ms 
[2026-05-10T12:40:57.434] [INFO] debug-file - Finished :entry:default@PreBuild... after 73 ms 
[2026-05-10T12:40:57.435] [DEBUG] debug-file - Executing task :entry:default@CreateModuleInfo
[2026-05-10T12:40:57.435] [DEBUG] debug-file - Task 'entry:default@CreateModuleInfo' cost while wrapping incremental declarations: 1 ms 
[2026-05-10T12:40:57.435] [DEBUG] debug-file - entry : default@CreateModuleInfo cost memory 0.04602813720703125
[2026-05-10T12:40:57.435] [DEBUG] debug-file - runTaskFromQueue task cost before running: 1 s 225 ms 
[2026-05-10T12:40:57.435] [INFO] debug-file - Finished :entry:default@CreateModuleInfo... after 1 ms 
[2026-05-10T12:40:57.436] [DEBUG] debug-file - Executing task :entry:default@GenerateMetadata
[2026-05-10T12:40:57.436] [DEBUG] debug-file - Task 'entry:default@GenerateMetadata' cost while wrapping incremental declarations: 1 ms 
[2026-05-10T12:40:57.437] [DEBUG] debug-file - Incremental task entry:default@GenerateMetadata pre-execution cost: 1 ms .
[2026-05-10T12:40:57.437] [DEBUG] debug-file - entry : default@GenerateMetadata cost memory 0.13523101806640625
[2026-05-10T12:40:57.437] [INFO] debug-file - UP-TO-DATE :entry:default@GenerateMetadata...  
[2026-05-10T12:40:57.438] [DEBUG] debug-file - Executing task :entry:default@ConfigureCmake
[2026-05-10T12:40:57.438] [DEBUG] debug-file - entry : default@ConfigureCmake cost memory 0.01459503173828125
[2026-05-10T12:40:57.438] [DEBUG] debug-file - runTaskFromQueue task cost before running: 1 s 228 ms 
[2026-05-10T12:40:57.438] [INFO] debug-file - Finished :entry:default@ConfigureCmake... after 1 ms 
[2026-05-10T12:40:57.438] [DEBUG] debug-file - Executing task :entry:default@MergeProfile
[2026-05-10T12:40:57.439] [DEBUG] debug-file - Task 'entry:default@MergeProfile' cost while wrapping incremental declarations: 1 ms 
[2026-05-10T12:40:57.439] [DEBUG] debug-file - Incremental task entry:default@MergeProfile pre-execution cost: 1 ms .
[2026-05-10T12:40:57.440] [DEBUG] debug-file - entry : default@MergeProfile cost memory 0.40348052978515625
[2026-05-10T12:40:57.440] [INFO] debug-file - UP-TO-DATE :entry:default@MergeProfile...  
[2026-05-10T12:40:57.440] [DEBUG] debug-file - Executing task :entry:default@CreateBuildProfile
[2026-05-10T12:40:57.440] [DEBUG] debug-file - Task 'entry:default@CreateBuildProfile' cost while wrapping incremental declarations: 1 ms 
[2026-05-10T12:40:57.441] [DEBUG] debug-file - Incremental task entry:default@CreateBuildProfile pre-execution cost: 1 ms .
[2026-05-10T12:40:57.441] [DEBUG] debug-file - entry : default@CreateBuildProfile cost memory 0.11420440673828125
[2026-05-10T12:40:57.441] [INFO] debug-file - UP-TO-DATE :entry:default@CreateBuildProfile...  
[2026-05-10T12:40:57.442] [DEBUG] debug-file - Executing task :entry:default@PreCheckSyscap
[2026-05-10T12:40:57.442] [DEBUG] debug-file - entry : default@PreCheckSyscap cost memory 0.0171051025390625
[2026-05-10T12:40:57.442] [DEBUG] debug-file - runTaskFromQueue task cost before running: 1 s 232 ms 
[2026-05-10T12:40:57.442] [INFO] debug-file - Finished :entry:default@PreCheckSyscap... after 1 ms 
[2026-05-10T12:40:57.443] [DEBUG] debug-file - Executing task :entry:default@GeneratePkgContextInfo
[2026-05-10T12:40:57.447] [DEBUG] debug-file - Task 'entry:default@GeneratePkgContextInfo' cost while wrapping incremental declarations: 1 ms 
[2026-05-10T12:40:57.447] [DEBUG] debug-file - entry : default@GeneratePkgContextInfo cost memory 0.3330841064453125
[2026-05-10T12:40:57.447] [DEBUG] debug-file - runTaskFromQueue task cost before running: 1 s 237 ms 
[2026-05-10T12:40:57.447] [INFO] debug-file - Finished :entry:default@GeneratePkgContextInfo... after 4 ms 
[2026-05-10T12:40:57.447] [DEBUG] debug-file - Executing task :entry:default@GeneratePkgSdkInfo
[2026-05-10T12:40:57.448] [DEBUG] debug-file - Task 'entry:default@GeneratePkgSdkInfo' cost while wrapping incremental declarations: 1 ms 
[2026-05-10T12:40:57.448] [DEBUG] debug-file - Incremental task entry:default@GeneratePkgSdkInfo pre-execution cost: 1 ms .
[2026-05-10T12:40:57.449] [DEBUG] debug-file - entry : default@GeneratePkgSdkInfo cost memory -0.01825714111328125
[2026-05-10T12:40:57.449] [INFO] debug-file - UP-TO-DATE :entry:default@GeneratePkgSdkInfo...  
[2026-05-10T12:40:57.451] [DEBUG] debug-file - Executing task :entry:default@ProcessIntegratedHsp
[2026-05-10T12:40:57.451] [DEBUG] debug-file - entry:default@ProcessIntegratedHsp is not up-to-date, since the output file 'E:\project\My_project\OpenHarmony\frontend\build\cache\default\integrated_hsp\integratedHspCache.json' does not exist.
[2026-05-10T12:40:57.451] [DEBUG] debug-file - Incremental task entry:default@ProcessIntegratedHsp pre-execution cost: 1 ms .
[2026-05-10T12:40:57.451] [DEBUG] debug-file - entry : default@ProcessIntegratedHsp cost memory 0.05474853515625
[2026-05-10T12:40:57.451] [DEBUG] debug-file - runTaskFromQueue task cost before running: 1 s 242 ms 
[2026-05-10T12:40:57.452] [INFO] debug-file - Finished :entry:default@ProcessIntegratedHsp... after 1 ms 
[2026-05-10T12:40:57.452] [DEBUG] debug-file - Executing task :entry:default@BuildNativeWithCmake
[2026-05-10T12:40:57.452] [DEBUG] debug-file - entry : default@BuildNativeWithCmake cost memory 0.01495361328125
[2026-05-10T12:40:57.452] [DEBUG] debug-file - runTaskFromQueue task cost before running: 1 s 243 ms 
[2026-05-10T12:40:57.452] [INFO] debug-file - Finished :entry:default@BuildNativeWithCmake... after 1 ms 
[2026-05-10T12:40:57.453] [DEBUG] debug-file - Executing task :entry:default@MakePackInfo
[2026-05-10T12:40:57.454] [DEBUG] debug-file - Incremental task entry:default@MakePackInfo pre-execution cost: 1 ms .
[2026-05-10T12:40:57.454] [DEBUG] debug-file - entry : default@MakePackInfo cost memory 0.13716888427734375
[2026-05-10T12:40:57.454] [INFO] debug-file - UP-TO-DATE :entry:default@MakePackInfo...  
[2026-05-10T12:40:57.455] [DEBUG] debug-file - Executing task :entry:default@SyscapTransform
[2026-05-10T12:40:57.455] [DEBUG] debug-file - File: 'E:\project\My_project\OpenHarmony\frontend\entry\src\main\syscap.json' from 'sysCapJsonPath' is not exists, just ignore.
[2026-05-10T12:40:57.455] [DEBUG] debug-file - Task 'entry:default@SyscapTransform' cost while wrapping incremental declarations: 1 ms 
[2026-05-10T12:40:57.461] [DEBUG] debug-file - entry:default@SyscapTransform is not up-to-date, since the output file 'E:\project\My_project\OpenHarmony\frontend\entry\build\default\intermediates\syscap\default\rpcid.sc' does not exist.
[2026-05-10T12:40:57.461] [DEBUG] debug-file - Incremental task entry:default@SyscapTransform pre-execution cost: 6 ms .
[2026-05-10T12:40:57.461] [DEBUG] debug-file - entry : default@SyscapTransform cost memory 0.15949249267578125
[2026-05-10T12:40:57.461] [DEBUG] debug-file - runTaskFromQueue task cost before running: 1 s 252 ms 
[2026-05-10T12:40:57.462] [INFO] debug-file - Finished :entry:default@SyscapTransform... after 7 ms 
[2026-05-10T12:40:57.462] [DEBUG] debug-file - Executing task :entry:default@ProcessProfile
[2026-05-10T12:40:57.463] [DEBUG] debug-file - Task 'entry:default@ProcessProfile' cost while wrapping incremental declarations: 1 ms 
[2026-05-10T12:40:57.464] [DEBUG] debug-file - Incremental task entry:default@ProcessProfile pre-execution cost: 1 ms .
[2026-05-10T12:40:57.464] [DEBUG] debug-file - entry : default@ProcessProfile cost memory 0.1421051025390625
[2026-05-10T12:40:57.464] [INFO] debug-file - UP-TO-DATE :entry:default@ProcessProfile...  
[2026-05-10T12:40:57.464] [DEBUG] debug-file - Executing task :entry:default@ProcessRouterMap
[2026-05-10T12:40:57.466] [DEBUG] debug-file - Incremental task entry:default@ProcessRouterMap pre-execution cost: 1 ms .
[2026-05-10T12:40:57.466] [DEBUG] debug-file - entry : default@ProcessRouterMap cost memory 0.1276092529296875
[2026-05-10T12:40:57.466] [INFO] debug-file - UP-TO-DATE :entry:default@ProcessRouterMap...  
[2026-05-10T12:40:57.467] [DEBUG] debug-file - Executing task :entry:default@ProcessShareConfig
[2026-05-10T12:40:57.467] [DEBUG] debug-file - Incremental task entry:default@ProcessShareConfig pre-execution cost: 1 ms .
[2026-05-10T12:40:57.468] [DEBUG] debug-file - entry : default@ProcessShareConfig cost memory 0.16631317138671875
[2026-05-10T12:40:57.468] [INFO] debug-file - UP-TO-DATE :entry:default@ProcessShareConfig...  
[2026-05-10T12:40:57.468] [DEBUG] debug-file - Executing task :entry:default@ProcessStartupConfig
[2026-05-10T12:40:57.468] [DEBUG] debug-file - Task 'entry:default@ProcessStartupConfig' cost while wrapping incremental declarations: 1 ms 
[2026-05-10T12:40:57.469] [DEBUG] debug-file - entry:default@ProcessStartupConfig is not up-to-date, since the output file 'E:\project\My_project\OpenHarmony\frontend\entry\build\default\intermediates\startup\default\startup_config.json' does not exist.
[2026-05-10T12:40:57.469] [DEBUG] debug-file - Incremental task entry:default@ProcessStartupConfig pre-execution cost: 1 ms .
[2026-05-10T12:40:57.469] [DEBUG] debug-file - entry : default@ProcessStartupConfig cost memory 0.08916473388671875
[2026-05-10T12:40:57.469] [DEBUG] debug-file - runTaskFromQueue task cost before running: 1 s 259 ms 
[2026-05-10T12:40:57.469] [INFO] debug-file - Finished :entry:default@ProcessStartupConfig... after 1 ms 
[2026-05-10T12:40:57.471] [DEBUG] debug-file - Executing task :entry:default@BuildNativeWithNinja
[2026-05-10T12:40:57.472] [DEBUG] debug-file - entry : default@BuildNativeWithNinja cost memory 0.0213165283203125
[2026-05-10T12:40:57.472] [DEBUG] debug-file - runTaskFromQueue task cost before running: 1 s 262 ms 
[2026-05-10T12:40:57.472] [INFO] debug-file - Finished :entry:default@BuildNativeWithNinja... after 1 ms 
[2026-05-10T12:40:57.473] [DEBUG] debug-file - restool module names: entry; moduleName=entry, taskName=default@ProcessResource
[2026-05-10T12:40:57.474] [DEBUG] debug-file - Executing task :entry:default@ProcessResource
[2026-05-10T12:40:57.474] [DEBUG] debug-file - Task 'entry:default@ProcessResource' cost while wrapping incremental declarations: 1 ms 
[2026-05-10T12:40:57.475] [DEBUG] debug-file - Incremental task entry:default@ProcessResource pre-execution cost: 1 ms .
[2026-05-10T12:40:57.475] [DEBUG] debug-file - entry : default@ProcessResource cost memory 0.145355224609375
[2026-05-10T12:40:57.476] [INFO] debug-file - UP-TO-DATE :entry:default@ProcessResource...  
[2026-05-10T12:40:57.477] [DEBUG] debug-file - Executing task :entry:default@GenerateLoaderJson
[2026-05-10T12:40:57.477] [DEBUG] debug-file - Task 'entry:default@GenerateLoaderJson' cost while wrapping incremental declarations: 1 ms 
[2026-05-10T12:40:57.481] [DEBUG] debug-file - Incremental task entry:default@GenerateLoaderJson pre-execution cost: 2 ms .
[2026-05-10T12:40:57.481] [DEBUG] debug-file - entry : default@GenerateLoaderJson cost memory 0.494415283203125
[2026-05-10T12:40:57.482] [INFO] debug-file - UP-TO-DATE :entry:default@GenerateLoaderJson...  
[2026-05-10T12:40:57.483] [DEBUG] debug-file - Executing task :entry:default@ProcessLibs
[2026-05-10T12:40:57.484] [DEBUG] debug-file - Incremental task entry:default@ProcessLibs pre-execution cost: 1 ms .
[2026-05-10T12:40:57.484] [DEBUG] debug-file - entry : default@ProcessLibs cost memory 0.10958099365234375
[2026-05-10T12:40:57.484] [INFO] debug-file - UP-TO-DATE :entry:default@ProcessLibs...  
[2026-05-10T12:40:57.485] [DEBUG] debug-file - restool module names: entry; moduleName=entry, taskName=default@CompileResource
[2026-05-10T12:40:57.485] [DEBUG] debug-file - Executing task :entry:default@CompileResource
[2026-05-10T12:40:57.490] [DEBUG] debug-file - Incremental task entry:default@CompileResource pre-execution cost: 5 ms .
[2026-05-10T12:40:57.490] [DEBUG] debug-file - entry : default@CompileResource cost memory 0.7158432006835938
[2026-05-10T12:40:57.490] [INFO] debug-file - UP-TO-DATE :entry:default@CompileResource...  
[2026-05-10T12:40:57.491] [DEBUG] debug-file - Executing task :entry:default@DoNativeStrip
[2026-05-10T12:40:57.491] [DEBUG] debug-file - File: 'E:\project\My_project\OpenHarmony\frontend\entry\build\default\intermediates\binxo\default' from 'doBinxoNativeLibs' is not exists, just ignore.
[2026-05-10T12:40:57.491] [DEBUG] debug-file - Task 'entry:default@DoNativeStrip' cost while wrapping incremental declarations: 1 ms 
[2026-05-10T12:40:57.491] [DEBUG] debug-file - Incremental task entry:default@DoNativeStrip pre-execution cost: 1 ms .
[2026-05-10T12:40:57.491] [DEBUG] debug-file - entry : default@DoNativeStrip cost memory 0.42693328857421875
[2026-05-10T12:40:57.491] [INFO] debug-file - UP-TO-DATE :entry:default@DoNativeStrip...  
[2026-05-10T12:40:57.493] [DEBUG] debug-file - Executing task :entry:default@CompileArkTS
[2026-05-10T12:40:57.493] [DEBUG] debug-file - obfuscationOptions: undefined
[2026-05-10T12:40:57.494] [DEBUG] debug-file - Task 'entry:default@CompileArkTS' cost while wrapping incremental declarations: 1 ms 
[2026-05-10T12:40:57.496] [DEBUG] debug-file - entry:default@CompileArkTS is not up-to-date, since the input file 'E:\project\My_project\OpenHarmony\frontend\entry\build\default\intermediates\loader\default' has been changed.
[2026-05-10T12:40:57.496] [DEBUG] debug-file - Incremental task entry:default@CompileArkTS pre-execution cost: 2 ms .
[2026-05-10T12:40:57.508] [DEBUG] debug-file - build config:
[2026-05-10T12:40:57.508] [DEBUG] debug-file - {
  moduleType: 'entry',
  perf: 0,
  targetName: '.default',
  packageManagerType: 'ohpm',
  localPropertiesPath: 'E:\\project\\My_project\\OpenHarmony\\frontend\\local.properties',
  isPreview: false,
  isOhosTest: false,
  isLocalTest: false,
  buildMode: 'Debug',
  hotReloadBuild: undefined,
  watchMode: 'false',
  aceProfilePath: 'E:\\project\\My_project\\OpenHarmony\\frontend\\entry\\build\\default\\intermediates\\res\\default\\resources\\base\\profile',
  etsLoaderPath: 'E:\\Program Files\\Huawei\\DevEco Studio\\sdk\\default\\openharmony\\ets\\build-tools\\ets-loader',
  modulePath: 'E:\\project\\My_project\\OpenHarmony\\frontend\\entry',
  testFrameworkPar: {
    testMode: undefined,
    coveragePathFilter: undefined,
    coverageMode: undefined
  },
  needCoverageInsert: false,
  debugLine: false,
  projectTopDir: 'E:\\project\\My_project\\OpenHarmony\\frontend',
  compileSdkVersion: 24,
  compatibleSdkVersion: 24,
  originCompatibleSdkVersion: '6.1.1(24)',
  compatibleSdkVersionStage: undefined,
  bundleName: 'c***h',
  etsLoaderVersion: '6.1.1.115',
  etsLoaderReleaseType: 'Beta1',
  aotCompileMode: 'type',
  apPath: 'E:\\project\\My_project\\OpenHarmony\\frontend\\entry\\modules.ap',
  entryModuleName: 'entry',
  entryModuleVersion: '1.0.0',
  entryPackageName: 'entry',
  allModuleNameHash: 'ce07020a89efc81a7e6eef6687a77f9b00a5d846c6bb29ca823e57a40b03e7bb',
  externalApiPaths: [
    'E:\\Program Files\\Huawei\\DevEco Studio\\sdk\\default\\hms\\ets'
  ],
  compilerTypes: [],
  isCrossplatform: false,
  hvigorPluginFile: undefined,
  compilePluginPath: undefined,
  buildGeneratedProfilePath: 'E:\\project\\My_project\\OpenHarmony\\frontend\\entry\\build\\default\\generated\\profile\\default',
  bundleType: 'app',
  arkTSVersion: undefined,
  apiVersion: 24,
  needCompleteSourcesMap: false,
  isFaMode: false,
  buildDir: 'E:\\project\\My_project\\OpenHarmony\\frontend\\entry\\build',
  deviceTypes: [ 'default', 'tablet' ],
  pkgContextInfo: undefined,
  ohPackagePathMap: {},
  dependencyAliasMap: {},
  permission: { requestPermissions: [ [Object] ], definePermissions: undefined },
  useGetCurrentBundleName: false,
  projectArkOption: undefined,
  sourceMapDir: undefined,
  branchElimination: false,
  transformLib: undefined,
  tsImportSendable: false,
  resolveConflictMode: true,
  depName2RootPath: {},
  depName2DepInfo: {},
  depName2OhExports: {},
  rootPathSet: [ 'E:\\project\\My_project\\OpenHarmony\\frontend' ],
  useNativeResolver: true,
  shouldEmitJs: true,
  useTscResolve: false,
  singleFileEmit: false,
  userProjectConfig: {
    autoLazyImport: false,
    allowEmptyBundleName: false,
    reExportCheckMode: 'noCheck',
    executionMode: 'memory',
    usePathPlaceholder: false,
    writeRollupCache: true,
    isExpandImportEnabled: false,
    expandImportExclude: '',
    lazyImportExclude: '',
    lazyImportInclude: '',
    ignoreCrossplatformCheck: false,
    isHarDeduplicateEnabled: false,
    skipOhModulesLint: false,
    enableStrictCheckOHModule: false,
    disableSendableCheckRules: [],
    useDeclarationFileSignature: false,
    customizedOptions: undefined,
    integratedHsp: false,
    isPreloadSoEnabled: false
  },
  executionMode: 'memory',
  arkCompileCachePath: 'E:\\project\\My_project\\OpenHarmony\\frontend\\entry\\build\\default\\cache\\default\\default@CompileArkTS\\esmodule',
  autoLazyFilter: undefined,
  isHarDeduplicateEnabled: false,
  intermediateHarDuplicateDirPath: 'E:\\project\\My_project\\OpenHarmony\\frontend\\entry\\build\\default\\intermediates\\har_duplicate\\default',
  autoLazyImport: false,
  allowEmptyBundleName: false,
  reExportCheckMode: 'noCheck',
  usePathPlaceholder: false,
  writeRollupCache: true,
  isExpandImportEnabled: false,
  expandImportExclude: '',
  lazyImportExclude: '',
  lazyImportInclude: '',
  ignoreCrossplatformCheck: false,
  skipOhModulesLint: false,
  enableStrictCheckOHModule: false,
  disableSendableCheckRules: [],
  useDeclarationFileSignature: false,
  customizedOptions: undefined,
  integratedHsp: false,
  isPreloadSoEnabled: false,
  strictMode: undefined,
  useNormalizedOHMUrl: false,
  caseSensitiveCheck: false,
  aceModuleJsonPath: 'E:\\project\\My_project\\OpenHarmony\\frontend\\entry\\build\\default\\intermediates\\res\\default\\ark_module.json',
  appResource: 'E:\\project\\My_project\\OpenHarmony\\frontend\\entry\\build\\default\\intermediates\\res\\default\\ResourceTable.txt',
  rawFileResource: 'E:\\project\\My_project\\OpenHarmony\\frontend\\entry\\build\\default\\intermediates\\res\\default\\resources\\rawfile',
  resourceTableHash: '65f34a2e4b63780d1d6c0614d8f19de78ca4a0f4f9875431e701e0d59ea2a136',
  runtimeOS: 'HarmonyOS',
  sdkInfo: 'false:24:6.1.1.115:Beta1',
  aceModuleRoot: 'E:\\project\\My_project\\OpenHarmony\\frontend\\entry\\src\\main\\ets',
  compileMode: 'esmodule',
  aceSuperVisualPath: 'E:\\project\\My_project\\OpenHarmony\\frontend\\entry\\src\\main\\supervisual',
  aceBuildJson: 'E:\\project\\My_project\\OpenHarmony\\frontend\\entry\\build\\default\\intermediates\\loader\\default\\loader.json',
  cachePath: 'E:\\project\\My_project\\OpenHarmony\\frontend\\entry\\build\\default\\cache\\default\\default@CompileArkTS\\esmodule\\debug',
  aceModuleBuild: 'E:\\project\\My_project\\OpenHarmony\\frontend\\entry\\build\\default\\intermediates\\loader_out\\default\\ets',
  supportChunks: true,
  declaredFilesPath: undefined,
  shouldCollectDirectImportees: false,
  isByteCodeHarOptimize: false,
  expandImportPath: undefined,
  resourceTableTs: 'E:\\project\\My_project\\OpenHarmony\\frontend\\entry\\build\\default\\generated\\r\\default\\ResourceTable.ts',
  moduleMetaInfoFiles: [
    {
      filePath: 'E:\\project\\My_project\\OpenHarmony\\frontend\\entry\\build\\default\\generated\\r\\default\\ResourceTable.ts',
      ohmurl: 'com.example.campusauth/entry/build/generated/r/ResourceTable'
    }
  ],
  pkgNameToPkgBriefInfo: {
    entry: {
      pkgRoot: 'E:\\project\\My_project\\OpenHarmony\\frontend\\entry',
      originalSourceRoots: undefined,
      sourceRoots: [Array],
      pkgName: 'entry'
    }
  },
  projectModel: {
    'E:\\project\\My_project\\OpenHarmony\\frontend\\entry\\src\\main': {
      moduleName: 'entry',
      modulePkgPath: 'E:\\project\\My_project\\OpenHarmony\\frontend\\entry',
      belongProjectPath: 'E:\\project\\My_project\\OpenHarmony\\frontend'
    },
    'E:\\project\\My_project\\OpenHarmony\\frontend\\entry': {
      moduleName: 'entry',
      modulePkgPath: 'E:\\project\\My_project\\OpenHarmony\\frontend\\entry',
      belongProjectPath: 'E:\\project\\My_project\\OpenHarmony\\frontend'
    },
    'E:\\project\\My_project\\OpenHarmony\\frontend': {
      moduleName: 'frontend',
      modulePkgPath: 'E:\\project\\My_project\\OpenHarmony\\frontend',
      belongProjectPath: 'E:\\project\\My_project\\OpenHarmony\\frontend'
    }
  },
  pkgJsonFileHash: '73bedc6cd266758e220700fffe08c7455ae29fd8b5c2b7b7a62c3d32d45eb2ec',
  allModulePaths: [ 'E:\\project\\My_project\\OpenHarmony\\frontend\\entry' ],
  routerMap: {},
  obfuscationOptions: undefined,
  byteCodeHarToDependencyKeys: undefined,
  compileBlockPkg: [],
  mockParams: {
    decorator: '@MockSetup',
    packageName: '@ohos/hamock',
    etsSourceRootPath: 'src/main/ets',
    mockConfigPath: undefined,
    mockConfigKey2ModuleInfo: {},
    source2ModuleIdMap: {}
  },
  copyCodeResourceEnable: true,
  copyCodeResourceExcludes: [],
  copyCodeResourceIncludes: undefined,
  uiTransformOptimization: false,
  sdkPath: 'E:/Program Files/Huawei/DevEco Studio/sdk',
  needPreloadSoFileSet: {},
  preloadSoFilePath: 'E:\\project\\My_project\\OpenHarmony\\frontend\\entry\\build\\default\\intermediates\\preload\\default\\preload.json',
  useSourceHash: false,
  localModuleParamMap: {},
  otherPaths: {
    'entry/*': [
      '..\\*',
      '..\\..\\..\\build\\default\\generated\\profile\\default\\*'
    ]
  },
  collectImportersConfig: {
    relativeDir: 'E:\\project\\My_project\\OpenHarmony\\frontend\\entry\\src\\main\\ets',
    buildConfigJsonPath: 'E:\\project\\My_project\\OpenHarmony\\frontend\\entry\\build\\config\\buildConfig.json',
    isReload: false,
    patchPath: 'E:\\project\\My_project\\OpenHarmony\\frontend\\entry\\build\\default\\intermediates\\patch\\default'
  }
}
[2026-05-10T12:40:57.508] [DEBUG] debug-file - Compile arkts with external api path: E:\Program Files\Huawei\DevEco Studio\sdk\default\hms\ets
[2026-05-10T12:40:57.509] [DEBUG] debug-file - default@CompileArkTS work[0] is submitted.
[2026-05-10T12:40:57.509] [DEBUG] debug-file - default@CompileArkTS work[0] is pushed to ready queue.
[2026-05-10T12:40:57.510] [DEBUG] debug-file - A work dispatched to worker[15] failed because unable to get work from ready queue.
[2026-05-10T12:40:57.510] [DEBUG] debug-file - A work dispatched to worker[14] failed because unable to get work from ready queue.
[2026-05-10T12:40:57.510] [DEBUG] debug-file - A work dispatched to worker[13] failed because unable to get work from ready queue.
[2026-05-10T12:40:57.510] [DEBUG] debug-file - A work dispatched to worker[12] failed because unable to get work from ready queue.
[2026-05-10T12:40:57.510] [DEBUG] debug-file - A work dispatched to worker[11] failed because unable to get work from ready queue.
[2026-05-10T12:40:57.510] [DEBUG] debug-file - A work dispatched to worker[10] failed because unable to get work from ready queue.
[2026-05-10T12:40:57.510] [DEBUG] debug-file - A work dispatched to worker[9] failed because unable to get work from ready queue.
[2026-05-10T12:40:57.510] [DEBUG] debug-file - A work dispatched to worker[8] failed because unable to get work from ready queue.
[2026-05-10T12:40:57.510] [DEBUG] debug-file - A work dispatched to worker[7] failed because unable to get work from ready queue.
[2026-05-10T12:40:57.510] [DEBUG] debug-file - A work dispatched to worker[6] failed because unable to get work from ready queue.
[2026-05-10T12:40:57.510] [DEBUG] debug-file - A work dispatched to worker[5] failed because unable to get work from ready queue.
[2026-05-10T12:40:57.510] [DEBUG] debug-file - Create  resident worker with id: 4.
[2026-05-10T12:40:57.510] [DEBUG] debug-file - default@CompileArkTS work[0] has been dispatched to worker[4].
[2026-05-10T12:40:57.510] [DEBUG] debug-file - default@CompileArkTS work[0] is dispatched.
[2026-05-10T12:40:57.510] [DEBUG] debug-file - CopyResources startTime: 5998193156600
[2026-05-10T12:40:57.511] [DEBUG] debug-file - default@CompileArkTS work[1] is submitted.
[2026-05-10T12:40:57.511] [DEBUG] debug-file - default@CompileArkTS work[1] is pushed to ready queue.
[2026-05-10T12:40:57.511] [DEBUG] debug-file - A work dispatched to worker[15] failed because unable to get work from ready queue.
[2026-05-10T12:40:57.511] [DEBUG] debug-file - Create  resident worker with id: 14.
[2026-05-10T12:40:57.511] [DEBUG] debug-file - default@CompileArkTS work[1] has been dispatched to worker[14].
[2026-05-10T12:40:57.511] [DEBUG] debug-file - default@CompileArkTS work[1] is dispatched.
[2026-05-10T12:40:57.512] [DEBUG] debug-file - entry : default@CompileArkTS cost memory 1.4737396240234375
[2026-05-10T12:40:57.513] [DEBUG] debug-file - Executing task :entry:default@BuildJS
[2026-05-10T12:40:57.513] [DEBUG] debug-file - Task 'entry:default@BuildJS' cost while wrapping incremental declarations: 1 ms 
[2026-05-10T12:40:57.514] [DEBUG] debug-file - entry : default@BuildJS cost memory 0.5854644775390625
[2026-05-10T12:40:57.514] [DEBUG] debug-file - runTaskFromQueue task cost before running: 1 s 304 ms 
[2026-05-10T12:40:57.514] [INFO] debug-file - Finished :entry:default@BuildJS... after 2 ms 
[2026-05-10T12:40:57.515] [DEBUG] debug-file - Executing task :entry:default@CacheNativeLibs
[2026-05-10T12:40:57.515] [DEBUG] debug-file - File: 'E:\project\My_project\OpenHarmony\frontend\entry\build\default\intermediates\binxo\default' from 'cacheBinxoNativeLibs' is not exists, just ignore.
[2026-05-10T12:40:57.515] [DEBUG] debug-file - Task 'entry:default@CacheNativeLibs' cost while wrapping incremental declarations: 1 ms 
[2026-05-10T12:40:57.515] [DEBUG] debug-file - Incremental task entry:default@CacheNativeLibs pre-execution cost: 1 ms .
[2026-05-10T12:40:57.515] [DEBUG] debug-file - entry : default@CacheNativeLibs cost memory 0.09372711181640625
[2026-05-10T12:40:57.516] [INFO] debug-file - UP-TO-DATE :entry:default@CacheNativeLibs...  
[2026-05-10T12:40:57.926] [DEBUG] debug-file - worker[14] has one work done.
[2026-05-10T12:40:57.927] [DEBUG] debug-file - CopyResources is end, endTime: 5998609179000
[2026-05-10T12:40:57.927] [DEBUG] debug-file - default@CompileArkTS work[1] done.
[2026-05-10T12:40:57.927] [DEBUG] debug-file - A work dispatched to worker[14] failed because unable to get work from ready queue.
[2026-05-10T12:41:01.700] [WARN] debug-file - [33mWARN: [33m[33mArkTS:WARN File: E:/project/My_project/OpenHarmony/frontend/entry/src/main/ets/entryability/EntryAbility.ets:6:5
 Function may throw exceptions. Special handling is required.
[39m[39m
[33mWARN: [33m[33mArkTS:WARN File: E:/project/My_project/OpenHarmony/frontend/entry/src/main/ets/pages/LoginPage.ets:28:7
 Function may throw exceptions. Special handling is required.
[39m[39m
[33mWARN: [33m[33mArkTS:WARN File: E:/project/My_project/OpenHarmony/frontend/entry/src/main/ets/pages/LoginPage.ets:28:14
 'replaceUrl' has been deprecated.
[39m[39m
[33mWARN: [33m[33mArkTS:WARN File: E:/project/My_project/OpenHarmony/frontend/entry/src/main/ets/pages/LoginPage.ets:46:22
 'showToast' has been deprecated.
[39m[39m
[33mWARN: [33m[33mArkTS:WARN File: E:/project/My_project/OpenHarmony/frontend/entry/src/main/ets/pages/LoginPage.ets:51:20
 'showToast' has been deprecated.
[39m[39m
[33mWARN: [33m[33mArkTS:WARN File: E:/project/My_project/OpenHarmony/frontend/entry/src/main/ets/pages/LoginPage.ets:52:14
 'replaceUrl' has been deprecated.
[39m[39m
[33mWARN: [33m[33mArkTS:WARN File: E:/project/My_project/OpenHarmony/frontend/entry/src/main/ets/pages/LoginPage.ets:68:5
 Function may throw exceptions. Special handling is required.
[39m[39m
[33mWARN: [33m[33mArkTS:WARN File: E:/project/My_project/OpenHarmony/frontend/entry/src/main/ets/pages/LoginPage.ets:68:12
 'pushUrl' has been deprecated.
[39m[39m
[33mWARN: [33m[33mArkTS:WARN File: E:/project/My_project/OpenHarmony/frontend/entry/src/main/ets/components/PageTitleBar.ets:19:33
 'back' has been deprecated.
[39m[39m
[33mWARN: [33m[33mArkTS:WARN File: E:/project/My_project/OpenHarmony/frontend/entry/src/main/ets/pages/RegisterPage.ets:28:5
 Function may throw exceptions. Special handling is required.
[39m[39m
[33mWARN: [33m[33mArkTS:WARN File: E:/project/My_project/OpenHarmony/frontend/entry/src/main/ets/pages/RegisterPage.ets:28:12
 'replaceUrl' has been deprecated.
[39m[39m
[33mWARN: [33m[33mArkTS:WARN File: E:/project/My_project/OpenHarmony/frontend/entry/src/main/ets/pages/RegisterPage.ets:78:7
 Function may throw exceptions. Special handling is required.
[39m[39m
[33mWARN: [33m[33mArkTS:WARN File: E:/project/My_project/OpenHarmony/frontend/entry/src/main/ets/pages/RegisterPage.ets:78:20
 'showToast' has been deprecated.
[39m[39m
[33mWARN: [33m[33mArkTS:WARN File: E:/project/My_project/OpenHarmony/frontend/entry/src/main/ets/pages/RegisterPage.ets:100:24
 'showToast' has been deprecated.
[39m[39m
[33mWARN: [33m[33mArkTS:WARN File: E:/project/My_project/OpenHarmony/frontend/entry/src/main/ets/pages/RegisterPage.ets:103:22
 'showToast' has been deprecated.
[39m[39m
[33mWARN: [33m[33mArkTS:WARN File: E:/project/My_project/OpenHarmony/frontend/entry/src/main/ets/pages/RegisterPage.ets:104:16
 'replaceUrl' has been deprecated.
[39m[39m
[33mWARN: [33m[33mArkTS:WARN File: E:/project/My_project/OpenHarmony/frontend/entry/src/main/ets/pages/RegisterPage.ets:109:22
 'showToast' has been deprecated.
[39m[39m
[33mWARN: [33m[33mArkTS:WARN File: E:/project/My_project/OpenHarmony/frontend/entry/src/main/ets/utils/PermissionUtil.ets:37:7
 Function may throw exceptions. Special handling is required.
[39m[39m
[33mWARN: [33m[33mArkTS:WARN File: E:/project/My_project/OpenHarmony/frontend/entry/src/main/ets/utils/PermissionUtil.ets:37:14
 'replaceUrl' has been deprecated.
[39m[39m
[33mWARN: [33m[33mArkTS:WARN File: E:/project/My_project/OpenHarmony/frontend/entry/src/main/ets/utils/PermissionUtil.ets:41:7
 Function may throw exceptions. Special handling is required.
[39m[39m
[33mWARN: [33m[33mArkTS:WARN File: E:/project/My_project/OpenHarmony/frontend/entry/src/main/ets/utils/PermissionUtil.ets:41:20
 'showToast' has been deprecated.
[39m[39m
[33mWARN: [33m[33mArkTS:WARN File: E:/project/My_project/OpenHarmony/frontend/entry/src/main/ets/utils/PermissionUtil.ets:42:7
 Function may throw exceptions. Special handling is required.
[39m[39m
[33mWARN: [33m[33mArkTS:WARN File: E:/project/My_project/OpenHarmony/frontend/entry/src/main/ets/utils/PermissionUtil.ets:42:14
 'replaceUrl' has been deprecated.
[39m[39m
[33mWARN: [33m[33mArkTS:WARN File: E:/project/My_project/OpenHarmony/frontend/entry/src/main/ets/pages/OverviewPage.ets:41:7
 Function may throw exceptions. Special handling is required.
[39m[39m
[33mWARN: [33m[33mArkTS:WARN File: E:/project/My_project/OpenHarmony/frontend/entry/src/main/ets/pages/OverviewPage.ets:41:14
 'replaceUrl' has been deprecated.
[39m[39m
[33mWARN: [33m[33mArkTS:WARN File: E:/project/My_project/OpenHarmony/frontend/entry/src/main/ets/pages/OverviewPage.ets:128:7
 Function may throw exceptions. Special handling is required.
[39m[39m
[33mWARN: [33m[33mArkTS:WARN File: E:/project/My_project/OpenHarmony/frontend/entry/src/main/ets/pages/OverviewPage.ets:128:20
 'showToast' has been deprecated.
[39m[39m
[33mWARN: [33m[33mArkTS:WARN File: E:/project/My_project/OpenHarmony/frontend/entry/src/main/ets/pages/OverviewPage.ets:132:14
 'pushUrl' has been deprecated.
[39m[39m
[33mWARN: [33m[33mArkTS:WARN File: E:/project/My_project/OpenHarmony/frontend/entry/src/main/ets/pages/OverviewPage.ets:137:17
 'show' has been deprecated.
[39m[39m
[33mWARN: [33m[33mArkTS:WARN File: E:/project/My_project/OpenHarmony/frontend/entry/src/main/ets/pages/OverviewPage.ets:146:24
 'showToast' has been deprecated.
[39m[39m
[33mWARN: [33m[33mArkTS:WARN File: E:/project/My_project/OpenHarmony/frontend/entry/src/main/ets/pages/OverviewPage.ets:147:18
 'replaceUrl' has been deprecated.
[39m[39m
[33mWARN: [33m[33mArkTS:WARN File: E:/project/My_project/OpenHarmony/frontend/entry/src/main/ets/pages/DefenseDemoPage.ets:39:7
 Function may throw exceptions. Special handling is required.
[39m[39m
[33mWARN: [33m[33mArkTS:WARN File: E:/project/My_project/OpenHarmony/frontend/entry/src/main/ets/pages/DefenseDemoPage.ets:39:20
 'showToast' has been deprecated.
[39m[39m
[33mWARN: [33m[33mArkTS:WARN File: E:/project/My_project/OpenHarmony/frontend/entry/src/main/ets/pages/DefenseDemoPage.ets:66:20
 'showToast' has been deprecated.
[39m[39m
[33mWARN: [33m[33mArkTS:WARN File: E:/project/My_project/OpenHarmony/frontend/entry/src/main/ets/pages/DashboardPage.ets:37:7
 Function may throw exceptions. Special handling is required.
[39m[39m
[33mWARN: [33m[33mArkTS:WARN File: E:/project/My_project/OpenHarmony/frontend/entry/src/main/ets/pages/DashboardPage.ets:37:14
 'replaceUrl' has been deprecated.
[39m[39m
[33mWARN: [33m[33mArkTS:WARN File: E:/project/My_project/OpenHarmony/frontend/entry/src/main/ets/pages/DashboardPage.ets:61:7
 Function may throw exceptions. Special handling is required.
[39m[39m
[33mWARN: [33m[33mArkTS:WARN File: E:/project/My_project/OpenHarmony/frontend/entry/src/main/ets/pages/DashboardPage.ets:61:20
 'showToast' has been deprecated.
[39m[39m
[33mWARN: [33m[33mArkTS:WARN File: E:/project/My_project/OpenHarmony/frontend/entry/src/main/ets/pages/DashboardPage.ets:64:5
 Function may throw exceptions. Special handling is required.
[39m[39m
[33mWARN: [33m[33mArkTS:WARN File: E:/project/My_project/OpenHarmony/frontend/entry/src/main/ets/pages/DashboardPage.ets:64:12
 'pushUrl' has been deprecated.
[39m[39m
[33mWARN: [33m[33mArkTS:WARN File: E:/project/My_project/OpenHarmony/frontend/entry/src/main/ets/pages/DashboardPage.ets:78:17
 'show' has been deprecated.
[39m[39m
[33mWARN: [33m[33mArkTS:WARN File: E:/project/My_project/OpenHarmony/frontend/entry/src/main/ets/pages/DashboardPage.ets:91:24
 'showToast' has been deprecated.
[39m[39m
[33mWARN: [33m[33mArkTS:WARN File: E:/project/My_project/OpenHarmony/frontend/entry/src/main/ets/pages/DashboardPage.ets:92:18
 'replaceUrl' has been deprecated.
[39m[39m
[33mWARN: [33m[33mArkTS:WARN File: E:/project/My_project/OpenHarmony/frontend/entry/src/main/ets/pages/AuthPage.ets:320:33
 'pushUrl' has been deprecated.
[39m[39m
[33mWARN: [33m[33mArkTS:WARN File: E:/project/My_project/OpenHarmony/frontend/entry/src/main/ets/pages/DeviceBindPage.ets:27:17
 'show' has been deprecated.
[39m[39m
[33mWARN: [33m[33mArkTS:WARN File: E:/project/My_project/OpenHarmony/frontend/entry/src/main/ets/pages/DeviceBindPage.ets:37:24
 'showToast' has been deprecated.
[39m[39m
[33mWARN: [33m[33mArkTS:WARN File: E:/project/My_project/OpenHarmony/frontend/entry/src/main/ets/pages/AuthPermissionPage.ets:46:5
 Function may throw exceptions. Special handling is required.
[39m[39m
[33mWARN: [33m[33mArkTS:WARN File: E:/project/My_project/OpenHarmony/frontend/entry/src/main/ets/pages/AuthPermissionPage.ets:46:18
 'showToast' has been deprecated.
[39m[39m
[33mWARN: [33m[33mArkTS:WARN File: E:/project/My_project/OpenHarmony/frontend/entry/src/main/ets/pages/TerminalFilingPage.ets:24:17
 'show' has been deprecated.
[39m[39m
[33mWARN: [33m[33mArkTS:WARN File: E:/project/My_project/OpenHarmony/frontend/entry/src/main/ets/pages/TerminalFilingPage.ets:34:24
 'showToast' has been deprecated.
[39m[39m
[33mWARN: [33m[33mArkTS:WARN File: E:/project/My_project/OpenHarmony/frontend/entry/src/main/ets/pages/AdminPermissionPage.ets:24:17
 'show' has been deprecated.
[39m[39m
[33mWARN: [33m[33mArkTS:WARN File: E:/project/My_project/OpenHarmony/frontend/entry/src/main/ets/pages/AdminPermissionPage.ets:34:24
 'showToast' has been deprecated.
[39m[39m
[33mWARN: [33m[33mArkTS:WARN File: E:/project/My_project/OpenHarmony/frontend/entry/src/main/ets/pages/AccessRuleConfigPage.ets:24:17
 'show' has been deprecated.
[39m[39m
[33mWARN: [33m[33mArkTS:WARN File: E:/project/My_project/OpenHarmony/frontend/entry/src/main/ets/pages/AccessRuleConfigPage.ets:34:24
 'showToast' has been deprecated.
[39m[39m
[33mWARN: [33m[33mArkTS:WARN File: E:/project/My_project/OpenHarmony/frontend/entry/src/main/ets/pages/BlacklistPage.ets:26:17
 'show' has been deprecated.
[39m[39m
[33mWARN: [33m[33mArkTS:WARN File: E:/project/My_project/OpenHarmony/frontend/entry/src/main/ets/pages/BlacklistPage.ets:36:24
 'showToast' has been deprecated.
[39m[39m

[2026-05-10T12:41:01.701] [DEBUG] debug-file - Ark compile task finished.finished time is 6002383791800
[2026-05-10T12:41:01.702] [DEBUG] debug-file - worker[4] has one work done.
[2026-05-10T12:41:01.707] [DEBUG] debug-file - default@CompileArkTS work[0] done.
[2026-05-10T12:41:01.707] [DEBUG] debug-file - A work dispatched to worker[4] failed because unable to get work from ready queue.
[2026-05-10T12:41:01.708] [INFO] debug-file - Finished :entry:default@CompileArkTS... after 3 s 28 ms 
[2026-05-10T12:41:01.709] [DEBUG] debug-file - Executing task :entry:default@GeneratePkgModuleJson
[2026-05-10T12:41:01.709] [DEBUG] debug-file - File: 'E:\project\My_project\OpenHarmony\frontend\entry\build\default\intermediates\preload\default\preload.json' from 'preloadSoJsonPath' is not exists, just ignore.
[2026-05-10T12:41:01.709] [DEBUG] debug-file - Error occurs while handling @Input 'shouldDeduplicateHar': The "data" argument must be of type string or an instance of Buffer, TypedArray, or DataView. Received undefined
[2026-05-10T12:41:01.710] [DEBUG] debug-file - Task 'entry:default@GeneratePkgModuleJson' cost while wrapping incremental declarations: 1 ms 
[2026-05-10T12:41:01.710] [DEBUG] debug-file - Incremental task entry:default@GeneratePkgModuleJson pre-execution cost: 1 ms .
[2026-05-10T12:41:01.710] [DEBUG] debug-file - entry : default@GeneratePkgModuleJson cost memory 0.09943389892578125
[2026-05-10T12:41:01.710] [INFO] debug-file - UP-TO-DATE :entry:default@GeneratePkgModuleJson...  
[2026-05-10T12:41:01.711] [DEBUG] debug-file - Executing task :entry:default@ProcessCompiledResources
[2026-05-10T12:41:01.711] [DEBUG] debug-file - File: 'E:\project\My_project\OpenHarmony\frontend\entry\build\default\intermediates\preload\default\preload.json' from 'preloadSoJsonPath' is not exists, just ignore.
[2026-05-10T12:41:01.711] [DEBUG] debug-file - Task 'entry:default@ProcessCompiledResources' cost while wrapping incremental declarations: 1 ms 
[2026-05-10T12:41:01.711] [DEBUG] debug-file - entry : default@ProcessCompiledResources cost memory 0.0618896484375
[2026-05-10T12:41:01.711] [DEBUG] debug-file - runTaskFromQueue task cost before running: 5 s 501 ms 
[2026-05-10T12:41:01.711] [INFO] debug-file - Finished :entry:default@ProcessCompiledResources... after 1 ms 
[2026-05-10T12:41:01.713] [DEBUG] debug-file - Executing task :entry:default@PackageHap
[2026-05-10T12:41:01.716] [DEBUG] debug-file - entry:default@PackageHap is not up-to-date, since the input file 'E:\project\My_project\OpenHarmony\frontend\entry\build\default\intermediates\loader_out\default\ets' has been changed.
[2026-05-10T12:41:01.716] [DEBUG] debug-file - Incremental task entry:default@PackageHap pre-execution cost: 3 ms .
[2026-05-10T12:41:01.717] [DEBUG] debug-file - Use tool [E:\Program Files\Huawei\DevEco Studio\sdk\default\openharmony\toolchains\lib\app_packing_tool.jar]
 [
  'java',
  '-Dfile.encoding=GBK',
  '-jar',
  'E:\\Program Files\\Huawei\\DevEco Studio\\sdk\\default\\openharmony\\toolchains\\lib\\app_packing_tool.jar',
  '--mode',
  'hap',
  '--force',
  'true',
  '--lib-path',
  'E:\\project\\My_project\\OpenHarmony\\frontend\\entry\\build\\default\\intermediates\\stripped_native_libs\\default',
  '--json-path',
  'E:\\project\\My_project\\OpenHarmony\\frontend\\entry\\build\\default\\intermediates\\package\\default\\module.json',
  '--resources-path',
  'E:\\project\\My_project\\OpenHarmony\\frontend\\entry\\build\\default\\intermediates\\res\\default\\resources',
  '--index-path',
  'E:\\project\\My_project\\OpenHarmony\\frontend\\entry\\build\\default\\intermediates\\res\\default\\resources.index',
  '--pack-info-path',
  'E:\\project\\My_project\\OpenHarmony\\frontend\\entry\\build\\default\\outputs\\default\\pack.info',
  '--out-path',
  'E:\\project\\My_project\\OpenHarmony\\frontend\\entry\\build\\default\\outputs\\default\\entry-default-unsigned.hap',
  '--ets-path',
  'E:\\project\\My_project\\OpenHarmony\\frontend\\entry\\build\\default\\intermediates\\loader_out\\default\\ets',
  '--pkg-sdk-info-path',
  'E:\\project\\My_project\\OpenHarmony\\frontend\\entry\\build\\default\\intermediates\\loader\\default\\pkgSdkInfo.json'
]
[2026-05-10T12:41:01.718] [DEBUG] debug-file - default@PackageHap work[2] is submitted.
[2026-05-10T12:41:01.718] [DEBUG] debug-file - default@PackageHap work[2] is pushed to ready queue.
[2026-05-10T12:41:01.718] [DEBUG] debug-file - A work dispatched to worker[15] failed because unable to get work from ready queue.
[2026-05-10T12:41:01.718] [DEBUG] debug-file - default@PackageHap work[2] has been dispatched to worker[14].
[2026-05-10T12:41:01.718] [DEBUG] debug-file - default@PackageHap work[2] is dispatched.
[2026-05-10T12:41:01.720] [DEBUG] debug-file - entry : default@PackageHap cost memory 0.6173477172851562
[2026-05-10T12:41:01.811] [DEBUG] debug-file - current process  memoryUsage: {
  rss: 769380352,
  heapTotal: 79761408,
  heapUsed: 54121392,
  external: 4151812,
  arrayBuffers: 22767
} os memoryUsage :20.23562240600586
[2026-05-10T12:41:02.107] [DEBUG] debug-file - worker[14] has one work done.
[2026-05-10T12:41:02.107] [DEBUG] debug-file - default@PackageHap work[2] done.
[2026-05-10T12:41:02.107] [DEBUG] debug-file - A work dispatched to worker[14] failed because unable to get work from ready queue.
[2026-05-10T12:41:02.108] [INFO] debug-file - Finished :entry:default@PackageHap... after 305 ms 
[2026-05-10T12:41:02.109] [DEBUG] debug-file - Executing task :entry:default@PackingCheck
[2026-05-10T12:41:02.112] [DEBUG] debug-file - entry : default@PackingCheck cost memory 0.5674591064453125
[2026-05-10T12:41:02.112] [DEBUG] debug-file - runTaskFromQueue task cost before running: 5 s 903 ms 
[2026-05-10T12:41:02.112] [INFO] debug-file - Finished :entry:default@PackingCheck... after 4 ms 
[2026-05-10T12:41:02.113] [DEBUG] debug-file - Executing task :entry:default@SignHap
[2026-05-10T12:41:02.113] [WARN] debug-file - Will skip sign 'hos_hap'. No signingConfigs profile is configured in current project.
             If needed, configure the signingConfigs in E:\project\My_project\OpenHarmony\frontend\build-profile.json5.
[2026-05-10T12:41:02.114] [DEBUG] debug-file - entry:default@SignHap is not up-to-date, since the input file 'E:\project\My_project\OpenHarmony\frontend\entry\build\default\outputs\default\entry-default-unsigned.hap' has been changed.
[2026-05-10T12:41:02.114] [DEBUG] debug-file - Incremental task entry:default@SignHap pre-execution cost: 1 ms .
[2026-05-10T12:41:02.114] [DEBUG] debug-file - entry : default@SignHap cost memory 0.08446502685546875
[2026-05-10T12:41:02.114] [DEBUG] debug-file - runTaskFromQueue task cost before running: 5 s 905 ms 
[2026-05-10T12:41:02.115] [INFO] debug-file - Finished :entry:default@SignHap... after 2 ms 
[2026-05-10T12:41:02.115] [DEBUG] debug-file - Executing task :entry:default@CollectDebugSymbol
[2026-05-10T12:41:02.116] [DEBUG] debug-file - entry : default@CollectDebugSymbol cost memory 0.0874786376953125
[2026-05-10T12:41:02.116] [DEBUG] debug-file - runTaskFromQueue task cost before running: 5 s 906 ms 
[2026-05-10T12:41:02.116] [INFO] debug-file - Finished :entry:default@CollectDebugSymbol... after 1 ms 
[2026-05-10T12:41:02.116] [DEBUG] debug-file - Executing task :entry:assembleHap
[2026-05-10T12:41:02.116] [DEBUG] debug-file - entry : assembleHap cost memory 0.014678955078125
[2026-05-10T12:41:02.116] [DEBUG] debug-file - runTaskFromQueue task cost before running: 5 s 907 ms 
[2026-05-10T12:41:02.116] [INFO] debug-file - Finished :entry:assembleHap... after 1 ms 
[2026-05-10T12:41:02.117] [INFO] debug-file - BUILD SUCCESSFUL in 5 s 907 ms 
[2026-05-10T12:41:02.118] [DEBUG] debug-file - Update task entry:default@PreBuild input file:E:\project\My_project\OpenHarmony\frontend\AppScope\app.json5 cache by regenerate.
[2026-05-10T12:41:02.118] [DEBUG] debug-file - Update task entry:default@PreBuild input file:E:\project\My_project\OpenHarmony\frontend\entry\src\main\module.json5 cache by regenerate.
[2026-05-10T12:41:02.118] [DEBUG] debug-file - Update task entry:default@PreBuild input file:E:\project\My_project\OpenHarmony\frontend\build-profile.json5 cache by regenerate.
[2026-05-10T12:41:02.118] [DEBUG] debug-file - Update task entry:default@PreBuild input file:E:\project\My_project\OpenHarmony\frontend\entry\build-profile.json5 cache by regenerate.
[2026-05-10T12:41:02.118] [DEBUG] debug-file - Update task entry:default@PreBuild input file:E:\project\My_project\OpenHarmony\frontend\entry\src\main\resources\base\profile\main_pages.json cache by regenerate.
[2026-05-10T12:41:02.118] [DEBUG] debug-file - Update task entry:default@PreBuild input file:E:\project\My_project\OpenHarmony\frontend\hvigor\hvigor-config.json5 cache by regenerate.
[2026-05-10T12:41:02.118] [DEBUG] debug-file - Update task entry:default@PreBuild input file:E:\project\My_project\OpenHarmony\frontend\entry\oh-package.json5 cache by regenerate.
[2026-05-10T12:41:02.119] [DEBUG] debug-file - Update task entry:default@PreBuild input file:E:\project\My_project\OpenHarmony\frontend\oh-package.json5 cache by regenerate.
[2026-05-10T12:41:02.119] [DEBUG] debug-file - Incremental task entry:default@PreBuild post-execution cost:2 ms .
[2026-05-10T12:41:02.119] [DEBUG] debug-file - Update task entry:default@CreateModuleInfo output file:E:\project\My_project\OpenHarmony\frontend\entry\build\default\generated\profile\default\ModuleInfo.ts cache.
[2026-05-10T12:41:02.119] [DEBUG] debug-file - Incremental task entry:default@CreateModuleInfo post-execution cost:1 ms .
[2026-05-10T12:41:02.119] [DEBUG] debug-file - There is no need to refresh cache, since the incremental task entry:default@GenerateMetadata is up-to-date.
[2026-05-10T12:41:02.119] [DEBUG] debug-file - There is no need to refresh cache, since the incremental task entry:default@MergeProfile is up-to-date.
[2026-05-10T12:41:02.119] [DEBUG] debug-file - There is no need to refresh cache, since the incremental task entry:default@CreateBuildProfile is up-to-date.
[2026-05-10T12:41:02.119] [DEBUG] debug-file - Update task entry:default@GeneratePkgContextInfo output file:E:\project\My_project\OpenHarmony\frontend\entry\build\default\intermediates\loader\default\pkgContextInfo.json cache.
[2026-05-10T12:41:02.119] [DEBUG] debug-file - Incremental task entry:default@GeneratePkgContextInfo post-execution cost:1 ms .
[2026-05-10T12:41:02.119] [DEBUG] debug-file - There is no need to refresh cache, since the incremental task entry:default@GeneratePkgSdkInfo is up-to-date.
[2026-05-10T12:41:02.119] [DEBUG] debug-file - Update task entry:default@ProcessIntegratedHsp output file:E:\project\My_project\OpenHarmony\frontend\build\cache\default\integrated_hsp\integratedHspCache.json cache.
[2026-05-10T12:41:02.119] [DEBUG] debug-file - Incremental task entry:default@ProcessIntegratedHsp post-execution cost:1 ms .
[2026-05-10T12:41:02.119] [DEBUG] debug-file - There is no need to refresh cache, since the incremental task entry:default@MakePackInfo is up-to-date.
[2026-05-10T12:41:02.119] [DEBUG] debug-file - Update task entry:default@SyscapTransform input file:E:\Program Files\Huawei\DevEco Studio\sdk\default\openharmony\toolchains\syscap_tool.exe cache by regenerate.
[2026-05-10T12:41:02.119] [DEBUG] debug-file - Update task entry:default@SyscapTransform input file:E:\Program Files\Huawei\DevEco Studio\sdk\default\openharmony\ets\api\device-define cache by regenerate.
[2026-05-10T12:41:02.120] [DEBUG] debug-file - Update task entry:default@SyscapTransform output file:E:\project\My_project\OpenHarmony\frontend\entry\build\default\intermediates\syscap\default\rpcid.sc cache.
[2026-05-10T12:41:02.120] [DEBUG] debug-file - Incremental task entry:default@SyscapTransform post-execution cost:1 ms .
[2026-05-10T12:41:02.120] [DEBUG] debug-file - There is no need to refresh cache, since the incremental task entry:default@ProcessProfile is up-to-date.
[2026-05-10T12:41:02.120] [DEBUG] debug-file - There is no need to refresh cache, since the incremental task entry:default@ProcessRouterMap is up-to-date.
[2026-05-10T12:41:02.120] [DEBUG] debug-file - There is no need to refresh cache, since the incremental task entry:default@ProcessShareConfig is up-to-date.
[2026-05-10T12:41:02.120] [DEBUG] debug-file - Update task entry:default@ProcessStartupConfig output file:E:\project\My_project\OpenHarmony\frontend\entry\build\default\intermediates\startup\default\startup_config.json cache.
[2026-05-10T12:41:02.120] [DEBUG] debug-file - Incremental task entry:default@ProcessStartupConfig post-execution cost:1 ms .
[2026-05-10T12:41:02.120] [DEBUG] debug-file - There is no need to refresh cache, since the incremental task entry:default@ProcessResource is up-to-date.
[2026-05-10T12:41:02.120] [DEBUG] debug-file - There is no need to refresh cache, since the incremental task entry:default@GenerateLoaderJson is up-to-date.
[2026-05-10T12:41:02.120] [DEBUG] debug-file - There is no need to refresh cache, since the incremental task entry:default@ProcessLibs is up-to-date.
[2026-05-10T12:41:02.120] [DEBUG] debug-file - There is no need to refresh cache, since the incremental task entry:default@CompileResource is up-to-date.
[2026-05-10T12:41:02.120] [DEBUG] debug-file - There is no need to refresh cache, since the incremental task entry:default@DoNativeStrip is up-to-date.
[2026-05-10T12:41:02.121] [DEBUG] debug-file - Update task entry:default@CompileArkTS input file:E:\project\My_project\OpenHarmony\frontend\entry\build\default\intermediates\loader\default cache from map.
[2026-05-10T12:41:02.121] [DEBUG] debug-file - Update task entry:default@CompileArkTS input file:E:\project\My_project\OpenHarmony\frontend\entry\build\default\intermediates\res\default\resources\rawfile cache by regenerate.
[2026-05-10T12:41:02.121] [DEBUG] debug-file - Update task entry:default@CompileArkTS input file:E:\project\My_project\OpenHarmony\frontend\entry\build\default\intermediates\res\default\ResourceTable.txt cache by regenerate.
[2026-05-10T12:41:02.121] [DEBUG] debug-file - Update task entry:default@CompileArkTS input file:E:\project\My_project\OpenHarmony\frontend\entry\build\default\intermediates\res\default\ark_module.json cache by regenerate.
[2026-05-10T12:41:02.121] [DEBUG] debug-file - Update task entry:default@CompileArkTS input file:E:\project\My_project\OpenHarmony\frontend\entry\build\default\intermediates\res\default\resources\base\profile cache by regenerate.
[2026-05-10T12:41:02.121] [DEBUG] debug-file - Update task entry:default@CompileArkTS input file:E:\project\My_project\OpenHarmony\frontend\entry\src\main\ets cache by regenerate.
[2026-05-10T12:41:02.124] [DEBUG] debug-file - Update task entry:default@CompileArkTS input file:E:\project\My_project\OpenHarmony\frontend\entry\build\default\generated\profile\default\BuildProfile.ets cache by regenerate.
[2026-05-10T12:41:02.124] [DEBUG] debug-file - Update task entry:default@CompileArkTS output file:E:\project\My_project\OpenHarmony\frontend\entry\build\default\intermediates\loader_out\default\ets cache.
[2026-05-10T12:41:02.124] [DEBUG] debug-file - Incremental task entry:default@CompileArkTS post-execution cost:4 ms .
[2026-05-10T12:41:02.125] [DEBUG] debug-file - Update task entry:default@BuildJS input file:E:\project\My_project\OpenHarmony\frontend\entry\build\default\intermediates\loader\default cache by regenerate.
[2026-05-10T12:41:02.125] [DEBUG] debug-file - Update task entry:default@BuildJS input file:E:\project\My_project\OpenHarmony\frontend\entry\build\default\intermediates\res\default\resources\rawfile cache by regenerate.
[2026-05-10T12:41:02.125] [DEBUG] debug-file - Update task entry:default@BuildJS input file:E:\project\My_project\OpenHarmony\frontend\entry\build\default\intermediates\res\default\ResourceTable.txt cache by regenerate.
[2026-05-10T12:41:02.125] [DEBUG] debug-file - Update task entry:default@BuildJS input file:E:\project\My_project\OpenHarmony\frontend\entry\build\default\intermediates\res\default\ark_module.json cache by regenerate.
[2026-05-10T12:41:02.125] [DEBUG] debug-file - Update task entry:default@BuildJS input file:E:\project\My_project\OpenHarmony\frontend\entry\build\default\intermediates\res\default\resources\base\profile cache by regenerate.
[2026-05-10T12:41:02.125] [DEBUG] debug-file - Update task entry:default@BuildJS output file:E:\project\My_project\OpenHarmony\frontend\entry\build\default\intermediates\loader_out\default\js cache.
[2026-05-10T12:41:02.125] [DEBUG] debug-file - Incremental task entry:default@BuildJS post-execution cost:1 ms .
[2026-05-10T12:41:02.125] [DEBUG] debug-file - There is no need to refresh cache, since the incremental task entry:default@CacheNativeLibs is up-to-date.
[2026-05-10T12:41:02.125] [DEBUG] debug-file - There is no need to refresh cache, since the incremental task entry:default@GeneratePkgModuleJson is up-to-date.
[2026-05-10T12:41:02.125] [DEBUG] debug-file - Incremental task entry:default@ProcessCompiledResources post-execution cost:1 ms .
[2026-05-10T12:41:02.125] [DEBUG] debug-file - Update task entry:default@PackageHap input file:E:\project\My_project\OpenHarmony\frontend\entry\build\default\intermediates\stripped_native_libs\default cache by regenerate.
[2026-05-10T12:41:02.126] [DEBUG] debug-file - Update task entry:default@PackageHap input file:E:\project\My_project\OpenHarmony\frontend\entry\build\default\intermediates\res\default\module.json cache by regenerate.
[2026-05-10T12:41:02.126] [DEBUG] debug-file - Update task entry:default@PackageHap input file:E:\project\My_project\OpenHarmony\frontend\entry\build\default\intermediates\res\default\resources cache by regenerate.
[2026-05-10T12:41:02.127] [DEBUG] debug-file - Update task entry:default@PackageHap input file:E:\project\My_project\OpenHarmony\frontend\entry\build\default\intermediates\res\default\resources.index cache by regenerate.
[2026-05-10T12:41:02.127] [DEBUG] debug-file - Update task entry:default@PackageHap input file:E:\project\My_project\OpenHarmony\frontend\entry\build\default\outputs\default\pack.info cache by regenerate.
[2026-05-10T12:41:02.127] [DEBUG] debug-file - Update task entry:default@PackageHap input file:E:\project\My_project\OpenHarmony\frontend\entry\build\default\intermediates\loader_out\default\ets cache from map.
[2026-05-10T12:41:02.127] [DEBUG] debug-file - Update task entry:default@PackageHap input file:E:\project\My_project\OpenHarmony\frontend\entry\build\default\intermediates\loader\default\pkgSdkInfo.json cache by regenerate.
[2026-05-10T12:41:02.127] [DEBUG] debug-file - Update task entry:default@PackageHap input file:E:\project\My_project\OpenHarmony\frontend\entry\build\default\intermediates\loader_out\default\ets\sourceMaps.map cache by regenerate.
[2026-05-10T12:41:02.127] [DEBUG] debug-file - Update task entry:default@PackageHap input file:E:\project\My_project\OpenHarmony\frontend\entry\build\default\generated\profile\default\BuildProfile.ets cache by regenerate.
[2026-05-10T12:41:02.127] [DEBUG] debug-file - Update task entry:default@PackageHap output file:E:\project\My_project\OpenHarmony\frontend\entry\build\default\outputs\default\entry-default-unsigned.hap cache.
[2026-05-10T12:41:02.127] [DEBUG] debug-file - Update task entry:default@PackageHap output file:E:\project\My_project\OpenHarmony\frontend\entry\build\default\intermediates\source_map\default\sourceMaps.map cache.
[2026-05-10T12:41:02.127] [DEBUG] debug-file - Update task entry:default@PackageHap output file:E:\project\My_project\OpenHarmony\frontend\entry\build\default\outputs\default\mapping\sourceMaps.map cache.
[2026-05-10T12:41:02.127] [DEBUG] debug-file - Incremental task entry:default@PackageHap post-execution cost:2 ms .
[2026-05-10T12:41:02.127] [DEBUG] debug-file - Update task entry:default@SignHap input file:E:\project\My_project\OpenHarmony\frontend\entry\build\default\outputs\default\entry-default-unsigned.hap cache from map.
[2026-05-10T12:41:02.127] [DEBUG] debug-file - Update task entry:default@SignHap output file:E:\project\My_project\OpenHarmony\frontend\entry\build\default\outputs\default\entry-default-signed.hap cache.
[2026-05-10T12:41:02.127] [DEBUG] debug-file - Incremental task entry:default@SignHap post-execution cost:1 ms .
[2026-05-10T12:41:02.128] [DEBUG] debug-file - Update task entry:default@CollectDebugSymbol input file:E:\project\My_project\OpenHarmony\frontend\entry\build\default\intermediates\loader_out\default\ets\sourceMaps.map cache by regenerate.
[2026-05-10T12:41:02.128] [DEBUG] debug-file - Update task entry:default@CollectDebugSymbol input file:E:\project\My_project\OpenHarmony\frontend\entry\build\default\intermediates\libs\default cache by regenerate.
[2026-05-10T12:41:02.128] [DEBUG] debug-file - Update task entry:default@CollectDebugSymbol output file:E:\project\My_project\OpenHarmony\frontend\entry\build\default\outputs\default\symbol cache.
[2026-05-10T12:41:02.128] [DEBUG] debug-file - Incremental task entry:default@CollectDebugSymbol post-execution cost:1 ms .
[2026-05-10T12:41:02.138] [DEBUG] debug-file - session manager: send message to worker process.
[2026-05-10T12:41:02.138] [DEBUG] debug-file - session manager: send message to worker process.
[2026-05-10T12:41:02.139] [DEBUG] debug-file - Cleanup worker 0.
[2026-05-10T12:41:02.139] [DEBUG] debug-file - Worker 0 has been cleaned up.
[2026-05-10T12:41:02.139] [DEBUG] debug-file - Current idle worker size: 3.
[2026-05-10T12:41:02.139] [DEBUG] debug-file - Current resident worker size: 4.
[2026-05-10T12:41:02.139] [DEBUG] debug-file - Cleanup worker 1.
[2026-05-10T12:41:02.139] [DEBUG] debug-file - Worker 1 has been cleaned up.
[2026-05-10T12:41:02.139] [DEBUG] debug-file - Current idle worker size: 2.
[2026-05-10T12:41:02.139] [DEBUG] debug-file - Current resident worker size: 4.
[2026-05-10T12:41:02.139] [DEBUG] debug-file - Cleanup worker 14.
[2026-05-10T12:41:02.140] [DEBUG] debug-file - Worker 14 has been cleaned up.
[2026-05-10T12:41:02.140] [DEBUG] debug-file - Current idle worker size: 1.
[2026-05-10T12:41:02.140] [DEBUG] debug-file - Current resident worker size: 4.
[2026-05-10T12:41:02.140] [DEBUG] debug-file - hvigor build process will be closed.
[2026-05-10T12:41:02.141] [DEBUG] debug-file - watch worker: worker id should be larger than 0. Nothing will be sent to any worker thread.
[2026-05-10T12:41:02.141] [DEBUG] debug-file - watch worker: worker id should be larger than 0. Nothing will be sent to any worker thread.
[2026-05-10T12:41:02.142] [DEBUG] debug-file - worker[0] exits with exit code 1.
[2026-05-10T12:41:02.142] [DEBUG] debug-file - worker[1] exits with exit code 1.
[2026-05-10T12:41:02.144] [DEBUG] debug-file - worker[14] exits with exit code 1.
[2026-05-10T12:41:17.002] [DEBUG] debug-file - env: nodejsVersion=v18.20.1
[2026-05-10T12:41:17.119] [DEBUG] debug-file - env: daemon=true
[2026-05-10T12:41:17.003] [DEBUG] debug-file - env: hvigor-config.json5 content = { modelVersion: '5.0.0', dependencies: {} }
[2026-05-10T12:41:17.610] [DEBUG] debug-file - java daemon tryConnect failed Error: connect ECONNREFUSED 127.0.0.1:45050
[2026-05-10T12:41:17.616] [DEBUG] debug-file - java daemon started at port 45050 pid 16884
[2026-05-10T12:41:17.655] [DEBUG] debug-file - session manager: set active socket. socketId=gPMJZ17LrLUocuDkAAAB
[2026-05-10T12:41:18.161] [DEBUG] debug-file - watch worker: worker id should be larger than 0. Nothing will be sent to any worker thread.
[2026-05-10T12:41:18.164] [DEBUG] debug-file - Since there is no instance or instance is terminated, create a new worker pool.
[2026-05-10T12:41:18.164] [DEBUG] debug-file - Worker pool is initialized with config:  {
  minPoolNum: 2,
  maxPoolNum: undefined,
  maxCoreSize: undefined,
  cacheCapacity: undefined,
  cacheTtl: undefined
}
[2026-05-10T12:41:18.165] [DEBUG] debug-file - Create  resident worker with id: 0.
[2026-05-10T12:41:18.166] [DEBUG] debug-file - Create  resident worker with id: 1.
[2026-05-10T12:41:18.167] [DEBUG] debug-file - Workers' log level updated to INFO
[2026-05-10T12:41:18.173] [DEBUG] debug-file - Hvigor init with startParameters:{
  hvigorfileTypeCheck: false,
  parallelExecution: true,
  incrementalExecution: true,
  printStackTrace: false,
  daemon: true,
  analyze: 0,
  logLevel: Level { level: 20000, levelStr: 'INFO', colour: 'green' },
  optimizationStrategy: 'memory',
  hotCompile: undefined,
  hotReloadBuild: undefined,
  customizedParam: undefined
}
[2026-05-10T12:41:18.177] [DEBUG] debug-file - Cache service initialization finished in 4 ms 
[2026-05-10T12:41:18.179] [DEBUG] debug-file - hvigorfile, resolving E:\project\My_project\OpenHarmony\frontend\hvigorfile.ts
[2026-05-10T12:41:19.287] [DEBUG] debug-file - hvigorfile, require result:  { default: { plugins: [] } }
[2026-05-10T12:41:19.287] [DEBUG] debug-file - hvigorfile, binding system plugins null
[2026-05-10T12:41:19.287] [DEBUG] debug-file - Starting plugin build process
[2026-05-10T12:41:19.287] [DEBUG] debug-file - App plugin prepare start...
[2026-05-10T12:41:19.287] [DEBUG] debug-file - App plugin prepare end...
[2026-05-10T12:41:19.287] [DEBUG] debug-file - App plugin creating...
[2026-05-10T12:41:19.399] [DEBUG] debug-file - App plugin register hook start...
[2026-05-10T12:41:19.399] [DEBUG] debug-file - App plugin register hook end...
[2026-05-10T12:41:19.399] [DEBUG] debug-file - Plugin build process completed
[2026-05-10T12:41:19.400] [DEBUG] debug-file - Start initialize project's product build option map with build mode debug.
[2026-05-10T12:41:19.400] [DEBUG] debug-file - Picking option from product 'default' with build mode 'debug'.
[2026-05-10T12:41:19.401] [DEBUG] debug-file - Product 'default' build option initialized
[2026-05-10T12:41:19.401] [DEBUG] debug-file - End initialize project's product build option map with build mode 'debug'.
[2026-05-10T12:41:19.402] [DEBUG] debug-file - Obtain build option for product 'default'in this build.
[2026-05-10T12:41:19.402] [DEBUG] debug-file - No signingConfig found, initRemoteHspCache failed.
[2026-05-10T12:41:19.404] [DEBUG] debug-file - Local scan or download HarmonyOS sdk components toolchains,ets,js,native,previewer
[2026-05-10T12:41:19.405] [DEBUG] debug-file - Local scan or download hmscore sdk components toolchains,ets,native
[2026-05-10T12:41:19.407] [DEBUG] debug-file - Start recording SDK configuration permission data.
[2026-05-10T12:41:19.432] [DEBUG] debug-file - Sdk init in 30 ms 
[2026-05-10T12:41:19.438] [DEBUG] debug-file - Project task initialization takes 4 ms 
[2026-05-10T12:41:19.438] [DEBUG] debug-file - hvigorfile, begin to bind custom plugins...
[2026-05-10T12:41:19.438] [DEBUG] debug-file - hvigorfile, no custom plugins were found in E:\project\My_project\OpenHarmony\frontend\hvigorfile.ts
[2026-05-10T12:41:19.438] [DEBUG] debug-file - hvigorfile, resolve finished E:\project\My_project\OpenHarmony\frontend\hvigorfile.ts
[2026-05-10T12:41:19.439] [DEBUG] debug-file - hvigorfile, resolving E:\project\My_project\OpenHarmony\frontend\entry\hvigorfile.ts
[2026-05-10T12:41:19.444] [DEBUG] debug-file - hvigorfile, require result:  { default: { plugins: [] } }
[2026-05-10T12:41:19.444] [DEBUG] debug-file - hvigorfile, binding system plugins null
[2026-05-10T12:41:19.444] [DEBUG] debug-file - Starting plugin build process
[2026-05-10T12:41:19.444] [DEBUG] debug-file - Hap plugin creating...
[2026-05-10T12:41:19.445] [DEBUG] debug-file - failed to load cangjie to dynamically generate schemas: Error: Cannot find module '@ohos/cangjie-build-support/index'
Require stack:
- E:\Program Files\Huawei\DevEco Studio\tools\hvigor\hvigor-ohos-plugin\src\plugin\hooks\cangjie-register.js
- E:\Program Files\Huawei\DevEco Studio\tools\hvigor\hvigor-ohos-plugin\src\plugin\strategy\stage-init-strategy.js
- E:\Program Files\Huawei\DevEco Studio\tools\hvigor\hvigor-ohos-plugin\src\plugin\builder\abstract-plugin-builder.js
- E:\Program Files\Huawei\DevEco Studio\tools\hvigor\hvigor-ohos-plugin\src\plugin\builder\app-plugin-builder.js
- E:\Program Files\Huawei\DevEco Studio\tools\hvigor\hvigor-ohos-plugin\src\plugin\factory\plugin-factory.js
- E:\Program Files\Huawei\DevEco Studio\tools\hvigor\hvigor-ohos-plugin\index.js
- E:\project\My_project\OpenHarmony\frontend\hvigorfile.ts
- E:\Program Files\Huawei\DevEco Studio\tools\hvigor\hvigor\src\base\internal\lifecycle\configuration.js
- E:\Program Files\Huawei\DevEco Studio\tools\hvigor\hvigor\src\base\boot\index.js
- E:\Program Files\Huawei\DevEco Studio\tools\hvigor\hvigor\src\base\daemon\cluster\worker-process-lifecycle.js
- E:\Program Files\Huawei\DevEco Studio\tools\hvigor\hvigor\src\base\daemon\process\daemon-process-boot-script.js
[2026-05-10T12:41:19.452] [DEBUG] debug-file - Start initialize module-target build option map, moduleName=entry, buildMode=debug
[2026-05-10T12:41:19.453] [DEBUG] debug-file - Target 'default' config initialized
[2026-05-10T12:41:19.453] [DEBUG] debug-file - Module 'entry' target 'default' build option initialized
[2026-05-10T12:41:19.453] [DEBUG] debug-file - End initialize module-target build option map, moduleName=entry
[2026-05-10T12:41:19.453] [DEBUG] debug-file - Start initialize module-target build option map, moduleName=entry, buildMode=release
[2026-05-10T12:41:19.453] [DEBUG] debug-file - Target 'default' config initialized
[2026-05-10T12:41:19.453] [DEBUG] debug-file - Module 'entry' target 'default' build option initialized
[2026-05-10T12:41:19.453] [DEBUG] debug-file - End initialize module-target build option map, moduleName=entry
[2026-05-10T12:41:19.453] [DEBUG] debug-file - Start initialize module-target build option map, moduleName=entry, buildMode=debug
[2026-05-10T12:41:19.453] [DEBUG] debug-file - Target 'default' config initialized
[2026-05-10T12:41:19.454] [DEBUG] debug-file - Module 'entry' target 'default' build option initialized
[2026-05-10T12:41:19.454] [DEBUG] debug-file - End initialize module-target build option map, moduleName=entry
[2026-05-10T12:41:19.454] [DEBUG] debug-file - Obtain build option for module 'entry' target 'default'in this build.
[2026-05-10T12:41:19.458] [DEBUG] debug-file - Module entry task initialization takes 3 ms 
[2026-05-10T12:41:19.458] [DEBUG] debug-file - Hap plugin register hook start...
[2026-05-10T12:41:19.458] [DEBUG] debug-file - Hap plugin register hook end...
[2026-05-10T12:41:19.458] [DEBUG] debug-file - Plugin build process completed
[2026-05-10T12:41:19.458] [DEBUG] debug-file - hvigorfile, begin to bind custom plugins...
[2026-05-10T12:41:19.458] [DEBUG] debug-file - hvigorfile, no custom plugins were found in E:\project\My_project\OpenHarmony\frontend\entry\hvigorfile.ts
[2026-05-10T12:41:19.458] [DEBUG] debug-file - hvigorfile, resolve finished E:\project\My_project\OpenHarmony\frontend\entry\hvigorfile.ts
[2026-05-10T12:41:19.472] [DEBUG] debug-file - hvigorfile, resolve hvigorfile dependencies in 14 ms 
[2026-05-10T12:41:19.472] [DEBUG] debug-file - project has submodules:entry
[2026-05-10T12:41:19.474] [DEBUG] debug-file - start to load updatedOhPackageInfo to the disk
[2026-05-10T12:41:19.475] [DEBUG] debug-file - load to the disk finished
[2026-05-10T12:41:19.476] [DEBUG] debug-file - Start to initialize dependency information.
[2026-05-10T12:41:19.477] [DEBUG] debug-file - Module frontend Collected Dependency: 
[2026-05-10T12:41:19.477] [DEBUG] debug-file - Module frontend's total dependency: 0
[2026-05-10T12:41:19.478] [DEBUG] debug-file - Start to initialize dependency information.
[2026-05-10T12:41:19.479] [DEBUG] debug-file - Module entry Collected Dependency: 
[2026-05-10T12:41:19.479] [DEBUG] debug-file - Module entry's total dependency: 0
[2026-05-10T12:41:19.482] [DEBUG] debug-file - Configuration phase cost:1 s 305 ms 
[2026-05-10T12:41:19.483] [DEBUG] debug-file - Configuration task cost before running: 1 s 316 ms 
[2026-05-10T12:41:19.484] [DEBUG] debug-file - Executing task :entry:init
[2026-05-10T12:41:19.484] [DEBUG] debug-file - entry : init cost memory 0.0164642333984375
[2026-05-10T12:41:19.484] [DEBUG] debug-file - runTaskFromQueue task cost before running: 1 s 317 ms 
[2026-05-10T12:41:19.484] [INFO] debug-file - Finished :entry:init... after 1 ms 
[2026-05-10T12:41:19.485] [DEBUG] debug-file - Executing task ::init
[2026-05-10T12:41:19.485] [DEBUG] debug-file - frontend : init cost memory 0.014190673828125
[2026-05-10T12:41:19.485] [DEBUG] debug-file - runTaskFromQueue task cost before running: 1 s 317 ms 
[2026-05-10T12:41:19.485] [INFO] debug-file - Finished ::init... after 1 ms 
[2026-05-10T12:41:19.493] [DEBUG] debug-file - Obtain build option for module 'entry' target 'default'in this build.
[2026-05-10T12:41:19.506] [DEBUG] debug-file - session manager: send message to worker process.
[2026-05-10T12:41:19.507] [DEBUG] debug-file - session manager: send message to worker process.
[2026-05-10T12:41:19.506] [DEBUG] debug-file - Cleanup worker 0.
[2026-05-10T12:41:19.507] [DEBUG] debug-file - Worker 0 has been cleaned up.
[2026-05-10T12:41:19.507] [DEBUG] debug-file - Current idle worker size: 1.
[2026-05-10T12:41:19.507] [DEBUG] debug-file - Current resident worker size: 2.
[2026-05-10T12:41:19.507] [DEBUG] debug-file - Cleanup worker 1.
[2026-05-10T12:41:19.507] [DEBUG] debug-file - Worker 1 has been cleaned up.
[2026-05-10T12:41:19.507] [DEBUG] debug-file - Current idle worker size: 0.
[2026-05-10T12:41:19.507] [DEBUG] debug-file - Current resident worker size: 2.
[2026-05-10T12:41:19.508] [DEBUG] debug-file - hvigor build process will be closed.
[2026-05-10T12:41:19.510] [DEBUG] debug-file - watch worker: worker id should be larger than 0. Nothing will be sent to any worker thread.
[2026-05-10T12:41:19.510] [DEBUG] debug-file - watch worker: worker id should be larger than 0. Nothing will be sent to any worker thread.
[2026-05-10T12:41:19.512] [DEBUG] debug-file - worker[1] exits with exit code 1.
[2026-05-10T12:41:19.512] [DEBUG] debug-file - worker[0] exits with exit code 1.
[2026-05-10T12:41:19.644] [DEBUG] debug-file - session manager: set active socket. socketId=0IOdsg16rqSdFmniAAAD
[2026-05-10T12:41:19.648] [DEBUG] debug-file - watch worker: worker id should be larger than 0. Nothing will be sent to any worker thread.
[2026-05-10T12:41:19.651] [DEBUG] debug-file - Workers' log level updated to INFO
[2026-05-10T12:41:19.653] [DEBUG] debug-file - Hvigor init with startParameters:{
  hvigorfileTypeCheck: false,
  parallelExecution: true,
  incrementalExecution: true,
  printStackTrace: false,
  daemon: true,
  analyze: 0,
  logLevel: Level { level: 20000, levelStr: 'INFO', colour: 'green' },
  optimizationStrategy: 'memory',
  hotCompile: undefined,
  hotReloadBuild: true,
  customizedParam: undefined
}
[2026-05-10T12:41:19.655] [DEBUG] debug-file - Cache service initialization finished in 2 ms 
[2026-05-10T12:41:19.656] [DEBUG] debug-file - hvigorfile, resolving E:\project\My_project\OpenHarmony\frontend\hvigorfile.ts
[2026-05-10T12:41:19.659] [DEBUG] debug-file - hvigorfile, require result:  { default: { plugins: [] } }
[2026-05-10T12:41:19.659] [DEBUG] debug-file - hvigorfile, binding system plugins null
[2026-05-10T12:41:19.659] [DEBUG] debug-file - Starting plugin build process
[2026-05-10T12:41:19.659] [DEBUG] debug-file - App plugin prepare start...
[2026-05-10T12:41:19.659] [DEBUG] debug-file - App plugin prepare end...
[2026-05-10T12:41:19.659] [DEBUG] debug-file - App plugin creating...
[2026-05-10T12:41:19.662] [DEBUG] debug-file - App plugin register hook start...
[2026-05-10T12:41:19.662] [DEBUG] debug-file - App plugin register hook end...
[2026-05-10T12:41:19.663] [DEBUG] debug-file - Plugin build process completed
[2026-05-10T12:41:19.663] [DEBUG] debug-file - Start initialize project's product build option map with build mode debug.
[2026-05-10T12:41:19.663] [DEBUG] debug-file - Picking option from product 'default' with build mode 'debug'.
[2026-05-10T12:41:19.663] [DEBUG] debug-file - Product 'default' build option initialized
[2026-05-10T12:41:19.663] [DEBUG] debug-file - End initialize project's product build option map with build mode 'debug'.
[2026-05-10T12:41:19.663] [DEBUG] debug-file - Obtain build option for product 'default'in this build.
[2026-05-10T12:41:19.664] [DEBUG] debug-file - No signingConfig found, initRemoteHspCache failed.
[2026-05-10T12:41:19.665] [DEBUG] debug-file - Start recording SDK configuration permission data.
[2026-05-10T12:41:19.683] [DEBUG] debug-file - Sdk init in 19 ms 
[2026-05-10T12:41:19.685] [DEBUG] debug-file - Project task initialization takes 2 ms 
[2026-05-10T12:41:19.685] [DEBUG] debug-file - hvigorfile, begin to bind custom plugins...
[2026-05-10T12:41:19.685] [DEBUG] debug-file - hvigorfile, no custom plugins were found in E:\project\My_project\OpenHarmony\frontend\hvigorfile.ts
[2026-05-10T12:41:19.685] [DEBUG] debug-file - hvigorfile, resolve finished E:\project\My_project\OpenHarmony\frontend\hvigorfile.ts
[2026-05-10T12:41:19.685] [DEBUG] debug-file - hvigorfile, resolving E:\project\My_project\OpenHarmony\frontend\entry\hvigorfile.ts
[2026-05-10T12:41:19.688] [DEBUG] debug-file - hvigorfile, require result:  { default: { plugins: [] } }
[2026-05-10T12:41:19.688] [DEBUG] debug-file - hvigorfile, binding system plugins null
[2026-05-10T12:41:19.688] [DEBUG] debug-file - Starting plugin build process
[2026-05-10T12:41:19.688] [DEBUG] debug-file - Hap plugin creating...
[2026-05-10T12:41:19.688] [DEBUG] debug-file - failed to load cangjie to dynamically generate schemas: Error: Cannot find module '@ohos/cangjie-build-support/index'
Require stack:
- E:\Program Files\Huawei\DevEco Studio\tools\hvigor\hvigor-ohos-plugin\src\plugin\hooks\cangjie-register.js
- E:\Program Files\Huawei\DevEco Studio\tools\hvigor\hvigor-ohos-plugin\src\plugin\strategy\stage-init-strategy.js
- E:\Program Files\Huawei\DevEco Studio\tools\hvigor\hvigor-ohos-plugin\src\plugin\builder\abstract-plugin-builder.js
- E:\Program Files\Huawei\DevEco Studio\tools\hvigor\hvigor-ohos-plugin\src\plugin\builder\app-plugin-builder.js
- E:\Program Files\Huawei\DevEco Studio\tools\hvigor\hvigor-ohos-plugin\src\plugin\factory\plugin-factory.js
- E:\Program Files\Huawei\DevEco Studio\tools\hvigor\hvigor-ohos-plugin\index.js
- E:\project\My_project\OpenHarmony\frontend\hvigorfile.ts
- E:\Program Files\Huawei\DevEco Studio\tools\hvigor\hvigor\src\base\internal\lifecycle\configuration.js
- E:\Program Files\Huawei\DevEco Studio\tools\hvigor\hvigor\src\base\boot\index.js
- E:\Program Files\Huawei\DevEco Studio\tools\hvigor\hvigor\src\base\daemon\cluster\worker-process-lifecycle.js
- E:\Program Files\Huawei\DevEco Studio\tools\hvigor\hvigor\src\base\daemon\process\daemon-process-boot-script.js
[2026-05-10T12:41:19.689] [DEBUG] debug-file - Start initialize module-target build option map, moduleName=entry, buildMode=debug
[2026-05-10T12:41:19.689] [DEBUG] debug-file - Target 'default' config initialized
[2026-05-10T12:41:19.689] [DEBUG] debug-file - Module 'entry' target 'default' build option initialized
[2026-05-10T12:41:19.689] [DEBUG] debug-file - End initialize module-target build option map, moduleName=entry
[2026-05-10T12:41:19.690] [DEBUG] debug-file - Start initialize module-target build option map, moduleName=entry, buildMode=release
[2026-05-10T12:41:19.690] [DEBUG] debug-file - Target 'default' config initialized
[2026-05-10T12:41:19.690] [DEBUG] debug-file - Module 'entry' target 'default' build option initialized
[2026-05-10T12:41:19.690] [DEBUG] debug-file - End initialize module-target build option map, moduleName=entry
[2026-05-10T12:41:19.690] [DEBUG] debug-file - Start initialize module-target build option map, moduleName=entry, buildMode=debug
[2026-05-10T12:41:19.690] [DEBUG] debug-file - Target 'default' config initialized
[2026-05-10T12:41:19.690] [DEBUG] debug-file - Module 'entry' target 'default' build option initialized
[2026-05-10T12:41:19.690] [DEBUG] debug-file - End initialize module-target build option map, moduleName=entry
[2026-05-10T12:41:19.690] [DEBUG] debug-file - Obtain build option for module 'entry' target 'default'in this build.
[2026-05-10T12:41:19.690] [DEBUG] debug-file - Module entry task initialization takes 1 ms 
[2026-05-10T12:41:19.690] [DEBUG] debug-file - Hap plugin register hook start...
[2026-05-10T12:41:19.690] [DEBUG] debug-file - Hap plugin register hook end...
[2026-05-10T12:41:19.690] [DEBUG] debug-file - Plugin build process completed
[2026-05-10T12:41:19.690] [DEBUG] debug-file - hvigorfile, begin to bind custom plugins...
[2026-05-10T12:41:19.691] [DEBUG] debug-file - hvigorfile, no custom plugins were found in E:\project\My_project\OpenHarmony\frontend\entry\hvigorfile.ts
[2026-05-10T12:41:19.691] [DEBUG] debug-file - hvigorfile, resolve finished E:\project\My_project\OpenHarmony\frontend\entry\hvigorfile.ts
[2026-05-10T12:41:19.702] [DEBUG] debug-file - hvigorfile, resolve hvigorfile dependencies in 12 ms 
[2026-05-10T12:41:19.702] [DEBUG] debug-file - project has submodules:entry
[2026-05-10T12:41:19.703] [DEBUG] debug-file - start to load updatedOhPackageInfo to the disk
[2026-05-10T12:41:19.703] [DEBUG] debug-file - load to the disk finished
[2026-05-10T12:41:19.704] [DEBUG] debug-file - Start to initialize dependency information.
[2026-05-10T12:41:19.704] [DEBUG] debug-file - Module frontend Collected Dependency: 
[2026-05-10T12:41:19.704] [DEBUG] debug-file - Module frontend's total dependency: 0
[2026-05-10T12:41:19.704] [DEBUG] debug-file - Start to initialize dependency information.
[2026-05-10T12:41:19.705] [DEBUG] debug-file - Module entry Collected Dependency: 
[2026-05-10T12:41:19.705] [DEBUG] debug-file - Module entry's total dependency: 0
[2026-05-10T12:41:19.706] [DEBUG] debug-file - Configuration phase cost:51 ms 
[2026-05-10T12:41:19.706] [DEBUG] debug-file - Configuration task cost before running: 55 ms 
[2026-05-10T12:41:19.709] [DEBUG] debug-file - Executing task :entry:default@PreBuild
[2026-05-10T12:41:19.711] [DEBUG] debug-file - Task 'entry:default@PreBuild' cost while wrapping incremental declarations: 1 ms 
[2026-05-10T12:41:19.715] [DEBUG] debug-file - entry:default@PreBuild is not up-to-date, since the task snapshots are different.
[2026-05-10T12:41:19.715] [DEBUG] debug-file - Incremental task entry:default@PreBuild pre-execution cost: 3 ms .
[2026-05-10T12:41:19.796] [DEBUG] debug-file - current product is not Atomic service.
[2026-05-10T12:41:19.796] [DEBUG] debug-file - Use tool [win32: JAVA_HOME, CLASSPATH]
 [
  { JAVA_HOME: 'E:\\Program Files\\Huawei\\DevEco Studio\\jbr' },
  { CLASSPATH: undefined }
]
[2026-05-10T12:41:19.796] [DEBUG] debug-file - Use tool [win32: NODE_HOME]
 [
  {
    NODE_HOME: 'E:\\Program Files\\Huawei\\DevEco Studio\\tools\\node'
  }
]
[2026-05-10T12:41:19.797] [DEBUG] debug-file - entry : default@PreBuild cost memory 9.9949951171875
[2026-05-10T12:41:19.797] [DEBUG] debug-file - runTaskFromQueue task cost before running: 146 ms 
[2026-05-10T12:41:19.798] [INFO] debug-file - Finished :entry:default@PreBuild... after 88 ms 
[2026-05-10T12:41:19.799] [DEBUG] debug-file - Executing task :entry:default@CreateModuleInfo
[2026-05-10T12:41:19.799] [DEBUG] debug-file - Task 'entry:default@CreateModuleInfo' cost while wrapping incremental declarations: 1 ms 
[2026-05-10T12:41:19.799] [DEBUG] debug-file - entry : default@CreateModuleInfo cost memory 0.04300689697265625
[2026-05-10T12:41:19.799] [DEBUG] debug-file - runTaskFromQueue task cost before running: 148 ms 
[2026-05-10T12:41:19.799] [INFO] debug-file - Finished :entry:default@CreateModuleInfo... after 1 ms 
[2026-05-10T12:41:19.800] [DEBUG] debug-file - Executing task :entry:default@GenerateMetadata
[2026-05-10T12:41:19.801] [DEBUG] debug-file - Task 'entry:default@GenerateMetadata' cost while wrapping incremental declarations: 1 ms 
[2026-05-10T12:41:19.802] [DEBUG] debug-file - Incremental task entry:default@GenerateMetadata pre-execution cost: 1 ms .
[2026-05-10T12:41:19.802] [DEBUG] debug-file - entry : default@GenerateMetadata cost memory 0.10933685302734375
[2026-05-10T12:41:19.802] [INFO] debug-file - UP-TO-DATE :entry:default@GenerateMetadata...  
[2026-05-10T12:41:19.803] [DEBUG] debug-file - Executing task :entry:default@ConfigureCmake
[2026-05-10T12:41:19.803] [DEBUG] debug-file - entry : default@ConfigureCmake cost memory 0.014617919921875
[2026-05-10T12:41:19.803] [DEBUG] debug-file - runTaskFromQueue task cost before running: 152 ms 
[2026-05-10T12:41:19.803] [INFO] debug-file - Finished :entry:default@ConfigureCmake... after 1 ms 
[2026-05-10T12:41:19.804] [DEBUG] debug-file - Executing task :entry:default@MergeProfile
[2026-05-10T12:41:19.804] [DEBUG] debug-file - Task 'entry:default@MergeProfile' cost while wrapping incremental declarations: 1 ms 
[2026-05-10T12:41:19.805] [DEBUG] debug-file - Incremental task entry:default@MergeProfile pre-execution cost: 1 ms .
[2026-05-10T12:41:19.805] [DEBUG] debug-file - entry : default@MergeProfile cost memory 0.128875732421875
[2026-05-10T12:41:19.805] [INFO] debug-file - UP-TO-DATE :entry:default@MergeProfile...  
[2026-05-10T12:41:19.806] [DEBUG] debug-file - Executing task :entry:default@CreateBuildProfile
[2026-05-10T12:41:19.806] [DEBUG] debug-file - Task 'entry:default@CreateBuildProfile' cost while wrapping incremental declarations: 1 ms 
[2026-05-10T12:41:19.807] [DEBUG] debug-file - Incremental task entry:default@CreateBuildProfile pre-execution cost: 1 ms .
[2026-05-10T12:41:19.807] [DEBUG] debug-file - entry : default@CreateBuildProfile cost memory 0.10945892333984375
[2026-05-10T12:41:19.807] [INFO] debug-file - UP-TO-DATE :entry:default@CreateBuildProfile...  
[2026-05-10T12:41:19.808] [DEBUG] debug-file - Executing task :entry:default@PreCheckSyscap
[2026-05-10T12:41:19.808] [DEBUG] debug-file - entry : default@PreCheckSyscap cost memory 0.01476287841796875
[2026-05-10T12:41:19.808] [DEBUG] debug-file - runTaskFromQueue task cost before running: 157 ms 
[2026-05-10T12:41:19.808] [INFO] debug-file - Finished :entry:default@PreCheckSyscap... after 1 ms 
[2026-05-10T12:41:19.809] [DEBUG] debug-file - Executing task :entry:default@GeneratePkgContextInfo
[2026-05-10T12:41:19.814] [DEBUG] debug-file - Task 'entry:default@GeneratePkgContextInfo' cost while wrapping incremental declarations: 1 ms 
[2026-05-10T12:41:19.814] [DEBUG] debug-file - entry : default@GeneratePkgContextInfo cost memory 0.482025146484375
[2026-05-10T12:41:19.814] [DEBUG] debug-file - runTaskFromQueue task cost before running: 163 ms 
[2026-05-10T12:41:19.814] [INFO] debug-file - Finished :entry:default@GeneratePkgContextInfo... after 6 ms 
[2026-05-10T12:41:19.815] [DEBUG] debug-file - Executing task :entry:default@GeneratePkgSdkInfo
[2026-05-10T12:41:19.816] [DEBUG] debug-file - Task 'entry:default@GeneratePkgSdkInfo' cost while wrapping incremental declarations: 1 ms 
[2026-05-10T12:41:19.817] [DEBUG] debug-file - Incremental task entry:default@GeneratePkgSdkInfo pre-execution cost: 1 ms .
[2026-05-10T12:41:19.817] [DEBUG] debug-file - entry : default@GeneratePkgSdkInfo cost memory 0.1386566162109375
[2026-05-10T12:41:19.817] [INFO] debug-file - UP-TO-DATE :entry:default@GeneratePkgSdkInfo...  
[2026-05-10T12:41:19.819] [DEBUG] debug-file - Executing task :entry:default@ProcessIntegratedHsp
[2026-05-10T12:41:19.819] [DEBUG] debug-file - entry:default@ProcessIntegratedHsp is not up-to-date, since the output file 'E:\project\My_project\OpenHarmony\frontend\build\cache\default\integrated_hsp\integratedHspCache.json' does not exist.
[2026-05-10T12:41:19.819] [DEBUG] debug-file - Incremental task entry:default@ProcessIntegratedHsp pre-execution cost: 1 ms .
[2026-05-10T12:41:19.819] [DEBUG] debug-file - entry : default@ProcessIntegratedHsp cost memory 0.05913543701171875
[2026-05-10T12:41:19.819] [DEBUG] debug-file - runTaskFromQueue task cost before running: 168 ms 
[2026-05-10T12:41:19.819] [INFO] debug-file - Finished :entry:default@ProcessIntegratedHsp... after 1 ms 
[2026-05-10T12:41:19.820] [DEBUG] debug-file - Executing task :entry:default@BuildNativeWithCmake
[2026-05-10T12:41:19.820] [DEBUG] debug-file - entry : default@BuildNativeWithCmake cost memory 0.0146484375
[2026-05-10T12:41:19.820] [DEBUG] debug-file - runTaskFromQueue task cost before running: 169 ms 
[2026-05-10T12:41:19.820] [INFO] debug-file - Finished :entry:default@BuildNativeWithCmake... after 1 ms 
[2026-05-10T12:41:19.821] [DEBUG] debug-file - Executing task :entry:default@MakePackInfo
[2026-05-10T12:41:19.822] [DEBUG] debug-file - Incremental task entry:default@MakePackInfo pre-execution cost: 1 ms .
[2026-05-10T12:41:19.822] [DEBUG] debug-file - entry : default@MakePackInfo cost memory 0.1116790771484375
[2026-05-10T12:41:19.822] [INFO] debug-file - UP-TO-DATE :entry:default@MakePackInfo...  
[2026-05-10T12:41:19.823] [DEBUG] debug-file - Executing task :entry:default@SyscapTransform
[2026-05-10T12:41:19.823] [DEBUG] debug-file - File: 'E:\project\My_project\OpenHarmony\frontend\entry\src\main\syscap.json' from 'sysCapJsonPath' is not exists, just ignore.
[2026-05-10T12:41:19.823] [DEBUG] debug-file - Task 'entry:default@SyscapTransform' cost while wrapping incremental declarations: 1 ms 
[2026-05-10T12:41:19.831] [DEBUG] debug-file - entry:default@SyscapTransform is not up-to-date, since the output file 'E:\project\My_project\OpenHarmony\frontend\entry\build\default\intermediates\syscap\default\rpcid.sc' does not exist.
[2026-05-10T12:41:19.831] [DEBUG] debug-file - Incremental task entry:default@SyscapTransform pre-execution cost: 9 ms .
[2026-05-10T12:41:19.831] [DEBUG] debug-file - entry : default@SyscapTransform cost memory 0.3407745361328125
[2026-05-10T12:41:19.831] [DEBUG] debug-file - runTaskFromQueue task cost before running: 181 ms 
[2026-05-10T12:41:19.832] [INFO] debug-file - Finished :entry:default@SyscapTransform... after 9 ms 
[2026-05-10T12:41:19.833] [DEBUG] debug-file - Executing task :entry:default@ProcessProfile
[2026-05-10T12:41:19.834] [DEBUG] debug-file - Task 'entry:default@ProcessProfile' cost while wrapping incremental declarations: 1 ms 
[2026-05-10T12:41:19.835] [DEBUG] debug-file - Incremental task entry:default@ProcessProfile pre-execution cost: 1 ms .
[2026-05-10T12:41:19.835] [DEBUG] debug-file - entry : default@ProcessProfile cost memory 0.1354827880859375
[2026-05-10T12:41:19.835] [INFO] debug-file - UP-TO-DATE :entry:default@ProcessProfile...  
[2026-05-10T12:41:19.836] [DEBUG] debug-file - Executing task :entry:default@ProcessRouterMap
[2026-05-10T12:41:19.837] [DEBUG] debug-file - Incremental task entry:default@ProcessRouterMap pre-execution cost: 1 ms .
[2026-05-10T12:41:19.837] [DEBUG] debug-file - entry : default@ProcessRouterMap cost memory 0.13823699951171875
[2026-05-10T12:41:19.837] [INFO] debug-file - UP-TO-DATE :entry:default@ProcessRouterMap...  
[2026-05-10T12:41:19.838] [DEBUG] debug-file - Executing task :entry:default@ProcessShareConfig
[2026-05-10T12:41:19.839] [DEBUG] debug-file - Incremental task entry:default@ProcessShareConfig pre-execution cost: 1 ms .
[2026-05-10T12:41:19.839] [DEBUG] debug-file - entry : default@ProcessShareConfig cost memory 0.11370849609375
[2026-05-10T12:41:19.839] [INFO] debug-file - UP-TO-DATE :entry:default@ProcessShareConfig...  
[2026-05-10T12:41:19.840] [DEBUG] debug-file - Executing task :entry:default@ProcessStartupConfig
[2026-05-10T12:41:19.840] [DEBUG] debug-file - Task 'entry:default@ProcessStartupConfig' cost while wrapping incremental declarations: 1 ms 
[2026-05-10T12:41:19.840] [DEBUG] debug-file - entry:default@ProcessStartupConfig is not up-to-date, since the output file 'E:\project\My_project\OpenHarmony\frontend\entry\build\default\intermediates\startup\default\startup_config.json' does not exist.
[2026-05-10T12:41:19.841] [DEBUG] debug-file - Incremental task entry:default@ProcessStartupConfig pre-execution cost: 1 ms .
[2026-05-10T12:41:19.841] [DEBUG] debug-file - entry : default@ProcessStartupConfig cost memory 0.097930908203125
[2026-05-10T12:41:19.841] [DEBUG] debug-file - runTaskFromQueue task cost before running: 190 ms 
[2026-05-10T12:41:19.841] [INFO] debug-file - Finished :entry:default@ProcessStartupConfig... after 2 ms 
[2026-05-10T12:41:19.842] [DEBUG] debug-file - Executing task :entry:default@BuildNativeWithNinja
[2026-05-10T12:41:19.842] [DEBUG] debug-file - entry : default@BuildNativeWithNinja cost memory 0.02184295654296875
[2026-05-10T12:41:19.842] [DEBUG] debug-file - runTaskFromQueue task cost before running: 191 ms 
[2026-05-10T12:41:19.842] [INFO] debug-file - Finished :entry:default@BuildNativeWithNinja... after 1 ms 
[2026-05-10T12:41:19.844] [DEBUG] debug-file - restool module names: entry; moduleName=entry, taskName=default@ProcessResource
[2026-05-10T12:41:19.845] [DEBUG] debug-file - Executing task :entry:default@ProcessResource
[2026-05-10T12:41:19.845] [DEBUG] debug-file - Task 'entry:default@ProcessResource' cost while wrapping incremental declarations: 1 ms 
[2026-05-10T12:41:19.846] [DEBUG] debug-file - Incremental task entry:default@ProcessResource pre-execution cost: 1 ms .
[2026-05-10T12:41:19.846] [DEBUG] debug-file - entry : default@ProcessResource cost memory 0.146759033203125
[2026-05-10T12:41:19.847] [INFO] debug-file - UP-TO-DATE :entry:default@ProcessResource...  
[2026-05-10T12:41:19.848] [DEBUG] debug-file - Executing task :entry:default@GenerateLoaderJson
[2026-05-10T12:41:19.849] [DEBUG] debug-file - Task 'entry:default@GenerateLoaderJson' cost while wrapping incremental declarations: 1 ms 
[2026-05-10T12:41:19.854] [DEBUG] debug-file - entry:default@GenerateLoaderJson is not up-to-date, since the output file 'E:\project\My_project\OpenHarmony\frontend\entry\build\default\intermediates\loader\default\loader.json' has been changed.
[2026-05-10T12:41:19.854] [DEBUG] debug-file - Incremental task entry:default@GenerateLoaderJson pre-execution cost: 3 ms .
[2026-05-10T12:41:19.857] [DEBUG] debug-file - entry : default@GenerateLoaderJson cost memory 0.9523544311523438
[2026-05-10T12:41:19.857] [DEBUG] debug-file - runTaskFromQueue task cost before running: 206 ms 
[2026-05-10T12:41:19.859] [INFO] debug-file - Finished :entry:default@GenerateLoaderJson... after 10 ms 
[2026-05-10T12:41:19.860] [DEBUG] debug-file - Executing task :entry:default@ProcessLibs
[2026-05-10T12:41:19.861] [DEBUG] debug-file - Incremental task entry:default@ProcessLibs pre-execution cost: 1 ms .
[2026-05-10T12:41:19.862] [DEBUG] debug-file - entry : default@ProcessLibs cost memory 0.11321258544921875
[2026-05-10T12:41:19.862] [INFO] debug-file - UP-TO-DATE :entry:default@ProcessLibs...  
[2026-05-10T12:41:19.863] [DEBUG] debug-file - restool module names: entry; moduleName=entry, taskName=default@CompileResource
[2026-05-10T12:41:19.863] [DEBUG] debug-file - Executing task :entry:default@CompileResource
[2026-05-10T12:41:19.870] [DEBUG] debug-file - Incremental task entry:default@CompileResource pre-execution cost: 6 ms .
[2026-05-10T12:41:19.870] [DEBUG] debug-file - entry : default@CompileResource cost memory 0.9061279296875
[2026-05-10T12:41:19.871] [INFO] debug-file - UP-TO-DATE :entry:default@CompileResource...  
[2026-05-10T12:41:19.871] [DEBUG] debug-file - Executing task :entry:default@DoNativeStrip
[2026-05-10T12:41:19.872] [DEBUG] debug-file - File: 'E:\project\My_project\OpenHarmony\frontend\entry\build\default\intermediates\binxo\default' from 'doBinxoNativeLibs' is not exists, just ignore.
[2026-05-10T12:41:19.872] [DEBUG] debug-file - Task 'entry:default@DoNativeStrip' cost while wrapping incremental declarations: 1 ms 
[2026-05-10T12:41:19.872] [DEBUG] debug-file - Incremental task entry:default@DoNativeStrip pre-execution cost: 1 ms .
[2026-05-10T12:41:19.872] [DEBUG] debug-file - entry : default@DoNativeStrip cost memory 0.0977935791015625
[2026-05-10T12:41:19.872] [INFO] debug-file - UP-TO-DATE :entry:default@DoNativeStrip...  
[2026-05-10T12:41:19.873] [DEBUG] debug-file - Executing task :entry:buildHotReloadResource
[2026-05-10T12:41:19.873] [DEBUG] debug-file - Hot reload resources ready.
[2026-05-10T12:41:19.873] [DEBUG] debug-file - entry : buildHotReloadResource cost memory 0.021209716796875
[2026-05-10T12:41:19.873] [DEBUG] debug-file - runTaskFromQueue task cost before running: 222 ms 
[2026-05-10T12:41:19.873] [INFO] debug-file - Finished :entry:buildHotReloadResource... after 1 ms 
[2026-05-10T12:41:19.874] [DEBUG] debug-file - Executing task :entry:default@BuildJS
[2026-05-10T12:41:19.874] [DEBUG] debug-file - Task 'entry:default@BuildJS' cost while wrapping incremental declarations: 1 ms 
[2026-05-10T12:41:19.876] [DEBUG] debug-file - entry : default@BuildJS cost memory 0.16658782958984375
[2026-05-10T12:41:19.876] [DEBUG] debug-file - runTaskFromQueue task cost before running: 226 ms 
[2026-05-10T12:41:19.877] [INFO] debug-file - Finished :entry:default@BuildJS... after 3 ms 
[2026-05-10T12:41:19.877] [DEBUG] debug-file - Executing task :entry:default@CacheNativeLibs
[2026-05-10T12:41:19.877] [DEBUG] debug-file - File: 'E:\project\My_project\OpenHarmony\frontend\entry\build\default\intermediates\binxo\default' from 'cacheBinxoNativeLibs' is not exists, just ignore.
[2026-05-10T12:41:19.877] [DEBUG] debug-file - Task 'entry:default@CacheNativeLibs' cost while wrapping incremental declarations: 1 ms 
[2026-05-10T12:41:19.878] [DEBUG] debug-file - entry:default@CacheNativeLibs is not up-to-date, since the output file 'E:\project\My_project\OpenHarmony\frontend\entry\build\default\intermediates\patch\default\base_native_libs.json' does not exist.
[2026-05-10T12:41:19.878] [DEBUG] debug-file - Incremental task entry:default@CacheNativeLibs pre-execution cost: 1 ms .
[2026-05-10T12:41:19.878] [DEBUG] debug-file - default@CacheNativeLibs work[0] is submitted.
[2026-05-10T12:41:19.879] [DEBUG] debug-file - default@CacheNativeLibs work[0] is pushed to ready queue.
[2026-05-10T12:41:19.879] [DEBUG] debug-file - A work dispatched to worker[15] failed because unable to get work from ready queue.
[2026-05-10T12:41:19.879] [DEBUG] debug-file - Create  resident worker with id: 14.
[2026-05-10T12:41:19.880] [DEBUG] debug-file - default@CacheNativeLibs work[0] has been dispatched to worker[14].
[2026-05-10T12:41:19.880] [DEBUG] debug-file - default@CacheNativeLibs work[0] is dispatched.
[2026-05-10T12:41:19.880] [DEBUG] debug-file - entry : default@CacheNativeLibs cost memory 0.22389984130859375
[2026-05-10T12:41:19.881] [DEBUG] debug-file - Executing task :entry:default@HotReloadArkTS
[2026-05-10T12:41:19.882] [DEBUG] debug-file - obfuscationOptions: undefined
[2026-05-10T12:41:19.882] [DEBUG] debug-file - Task 'entry:default@HotReloadArkTS' cost while wrapping incremental declarations: 1 ms 
[2026-05-10T12:41:19.885] [DEBUG] debug-file - entry:default@HotReloadArkTS is not up-to-date, since the input file 'E:\project\My_project\OpenHarmony\frontend\entry\build\default\intermediates\loader\default' has been changed.
[2026-05-10T12:41:19.885] [DEBUG] debug-file - Incremental task entry:default@HotReloadArkTS pre-execution cost: 2 ms .
[2026-05-10T12:41:19.893] [DEBUG] debug-file - build config: [object Object]
[2026-05-10T12:41:19.894] [DEBUG] debug-file - session manager: binding session. socketId=0IOdsg16rqSdFmniAAAD, threadId=1@1.
[2026-05-10T12:41:19.895] [DEBUG] debug-file - entry : default@HotReloadArkTS cost memory 2.0072479248046875
[2026-05-10T12:41:20.455] [DEBUG] debug-file - worker[14] has one work done.
[2026-05-10T12:41:20.455] [DEBUG] debug-file - default@CacheNativeLibs work[0] done.
[2026-05-10T12:41:20.456] [DEBUG] debug-file - A work dispatched to worker[14] failed because unable to get work from ready queue.
[2026-05-10T12:41:20.456] [INFO] debug-file - Finished :entry:default@CacheNativeLibs... after 9 ms 
[2026-05-10T12:41:21.547] [DEBUG] debug-file - watch worker: send response to session manager. Response type: WatchStart
[2026-05-10T12:41:21.547] [DEBUG] debug-file - session manager: watch message received from worker 1. Type: WatchStart
[2026-05-10T12:41:23.717] [DEBUG] debug-file - watch worker: send response to session manager. Response type: WatchLog
[2026-05-10T12:41:23.718] [DEBUG] debug-file - session manager: watch message received from worker 1. Type: WatchLog
[2026-05-10T12:41:23.717] [DEBUG] debug-file - watch worker: send response to session manager. Response type: WatchLog
[2026-05-10T12:41:23.719] [DEBUG] debug-file - session manager: watch message received from worker 1. Type: WatchLog
[2026-05-10T12:41:23.717] [DEBUG] debug-file - watch worker: send response to session manager. Response type: WatchLog
[2026-05-10T12:41:23.720] [DEBUG] debug-file - session manager: watch message received from worker 1. Type: WatchLog
[2026-05-10T12:41:23.717] [DEBUG] debug-file - watch worker: send response to session manager. Response type: WatchLog
[2026-05-10T12:41:23.720] [DEBUG] debug-file - session manager: watch message received from worker 1. Type: WatchLog
[2026-05-10T12:41:23.718] [DEBUG] debug-file - watch worker: send response to session manager. Response type: WatchLog
[2026-05-10T12:41:23.721] [DEBUG] debug-file - session manager: watch message received from worker 1. Type: WatchLog
[2026-05-10T12:41:23.718] [DEBUG] debug-file - watch worker: send response to session manager. Response type: WatchLog
[2026-05-10T12:41:23.722] [DEBUG] debug-file - session manager: watch message received from worker 1. Type: WatchLog
[2026-05-10T12:41:23.718] [DEBUG] debug-file - watch worker: send response to session manager. Response type: WatchLog
[2026-05-10T12:41:23.723] [DEBUG] debug-file - session manager: watch message received from worker 1. Type: WatchLog
[2026-05-10T12:41:23.718] [DEBUG] debug-file - watch worker: send response to session manager. Response type: WatchLog
[2026-05-10T12:41:23.724] [DEBUG] debug-file - session manager: watch message received from worker 1. Type: WatchLog
[2026-05-10T12:41:23.719] [DEBUG] debug-file - watch worker: send response to session manager. Response type: WatchLog
[2026-05-10T12:41:23.724] [DEBUG] debug-file - session manager: watch message received from worker 1. Type: WatchLog
[2026-05-10T12:41:23.719] [DEBUG] debug-file - watch worker: send response to session manager. Response type: WatchLog
[2026-05-10T12:41:23.725] [DEBUG] debug-file - session manager: watch message received from worker 1. Type: WatchLog
[2026-05-10T12:41:23.719] [DEBUG] debug-file - watch worker: send response to session manager. Response type: WatchLog
[2026-05-10T12:41:23.726] [DEBUG] debug-file - session manager: watch message received from worker 1. Type: WatchLog
[2026-05-10T12:41:23.720] [DEBUG] debug-file - watch worker: send response to session manager. Response type: WatchLog
[2026-05-10T12:41:23.727] [DEBUG] debug-file - session manager: watch message received from worker 1. Type: WatchLog
[2026-05-10T12:41:23.720] [DEBUG] debug-file - watch worker: send response to session manager. Response type: WatchLog
[2026-05-10T12:41:23.728] [DEBUG] debug-file - session manager: watch message received from worker 1. Type: WatchLog
[2026-05-10T12:41:23.720] [DEBUG] debug-file - watch worker: send response to session manager. Response type: WatchLog
[2026-05-10T12:41:23.728] [DEBUG] debug-file - session manager: watch message received from worker 1. Type: WatchLog
[2026-05-10T12:41:23.720] [DEBUG] debug-file - watch worker: send response to session manager. Response type: WatchLog
[2026-05-10T12:41:23.729] [DEBUG] debug-file - session manager: watch message received from worker 1. Type: WatchLog
[2026-05-10T12:41:23.720] [DEBUG] debug-file - watch worker: send response to session manager. Response type: WatchLog
[2026-05-10T12:41:23.730] [DEBUG] debug-file - session manager: watch message received from worker 1. Type: WatchLog
[2026-05-10T12:41:23.720] [DEBUG] debug-file - watch worker: send response to session manager. Response type: WatchLog
[2026-05-10T12:41:23.731] [DEBUG] debug-file - session manager: watch message received from worker 1. Type: WatchLog
[2026-05-10T12:41:23.721] [DEBUG] debug-file - watch worker: send response to session manager. Response type: WatchLog
[2026-05-10T12:41:23.732] [DEBUG] debug-file - session manager: watch message received from worker 1. Type: WatchLog
[2026-05-10T12:41:23.721] [DEBUG] debug-file - watch worker: send response to session manager. Response type: WatchLog
[2026-05-10T12:41:23.733] [DEBUG] debug-file - session manager: watch message received from worker 1. Type: WatchLog
[2026-05-10T12:41:23.721] [DEBUG] debug-file - watch worker: send response to session manager. Response type: WatchLog
[2026-05-10T12:41:23.734] [DEBUG] debug-file - session manager: watch message received from worker 1. Type: WatchLog
[2026-05-10T12:41:23.721] [DEBUG] debug-file - watch worker: send response to session manager. Response type: WatchLog
[2026-05-10T12:41:23.735] [DEBUG] debug-file - session manager: watch message received from worker 1. Type: WatchLog
[2026-05-10T12:41:23.721] [DEBUG] debug-file - watch worker: send response to session manager. Response type: WatchLog
[2026-05-10T12:41:23.735] [DEBUG] debug-file - session manager: watch message received from worker 1. Type: WatchLog
[2026-05-10T12:41:23.721] [DEBUG] debug-file - watch worker: send response to session manager. Response type: WatchLog
[2026-05-10T12:41:23.737] [DEBUG] debug-file - session manager: watch message received from worker 1. Type: WatchLog
[2026-05-10T12:41:23.721] [DEBUG] debug-file - watch worker: send response to session manager. Response type: WatchLog
[2026-05-10T12:41:23.737] [DEBUG] debug-file - session manager: watch message received from worker 1. Type: WatchLog
[2026-05-10T12:41:23.721] [DEBUG] debug-file - watch worker: send response to session manager. Response type: WatchLog
[2026-05-10T12:41:23.738] [DEBUG] debug-file - session manager: watch message received from worker 1. Type: WatchLog
[2026-05-10T12:41:23.721] [DEBUG] debug-file - watch worker: send response to session manager. Response type: WatchLog
[2026-05-10T12:41:23.739] [DEBUG] debug-file - session manager: watch message received from worker 1. Type: WatchLog
[2026-05-10T12:41:23.721] [DEBUG] debug-file - watch worker: send response to session manager. Response type: WatchLog
[2026-05-10T12:41:23.740] [DEBUG] debug-file - session manager: watch message received from worker 1. Type: WatchLog
[2026-05-10T12:41:23.721] [DEBUG] debug-file - watch worker: send response to session manager. Response type: WatchLog
[2026-05-10T12:41:23.741] [DEBUG] debug-file - session manager: watch message received from worker 1. Type: WatchLog
[2026-05-10T12:41:23.721] [DEBUG] debug-file - watch worker: send response to session manager. Response type: WatchLog
[2026-05-10T12:41:23.741] [DEBUG] debug-file - session manager: watch message received from worker 1. Type: WatchLog
[2026-05-10T12:41:23.721] [DEBUG] debug-file - watch worker: send response to session manager. Response type: WatchLog
[2026-05-10T12:41:23.742] [DEBUG] debug-file - session manager: watch message received from worker 1. Type: WatchLog
[2026-05-10T12:41:23.722] [DEBUG] debug-file - watch worker: send response to session manager. Response type: WatchLog
[2026-05-10T12:41:23.743] [DEBUG] debug-file - session manager: watch message received from worker 1. Type: WatchLog
[2026-05-10T12:41:23.722] [DEBUG] debug-file - watch worker: send response to session manager. Response type: WatchLog
[2026-05-10T12:41:23.744] [DEBUG] debug-file - session manager: watch message received from worker 1. Type: WatchLog
[2026-05-10T12:41:23.722] [DEBUG] debug-file - watch worker: send response to session manager. Response type: WatchLog
[2026-05-10T12:41:23.745] [DEBUG] debug-file - session manager: watch message received from worker 1. Type: WatchLog
[2026-05-10T12:41:23.722] [DEBUG] debug-file - watch worker: send response to session manager. Response type: WatchLog
[2026-05-10T12:41:23.746] [DEBUG] debug-file - session manager: watch message received from worker 1. Type: WatchLog
[2026-05-10T12:41:23.722] [DEBUG] debug-file - watch worker: send response to session manager. Response type: WatchLog
[2026-05-10T12:41:23.746] [DEBUG] debug-file - session manager: watch message received from worker 1. Type: WatchLog
[2026-05-10T12:41:23.722] [DEBUG] debug-file - watch worker: send response to session manager. Response type: WatchLog
[2026-05-10T12:41:23.747] [DEBUG] debug-file - session manager: watch message received from worker 1. Type: WatchLog
[2026-05-10T12:41:23.722] [DEBUG] debug-file - watch worker: send response to session manager. Response type: WatchLog
[2026-05-10T12:41:23.748] [DEBUG] debug-file - session manager: watch message received from worker 1. Type: WatchLog
[2026-05-10T12:41:23.722] [DEBUG] debug-file - watch worker: send response to session manager. Response type: WatchLog
[2026-05-10T12:41:23.749] [DEBUG] debug-file - session manager: watch message received from worker 1. Type: WatchLog
[2026-05-10T12:41:23.722] [DEBUG] debug-file - watch worker: send response to session manager. Response type: WatchLog
[2026-05-10T12:41:23.750] [DEBUG] debug-file - session manager: watch message received from worker 1. Type: WatchLog
[2026-05-10T12:41:23.723] [DEBUG] debug-file - watch worker: send response to session manager. Response type: WatchLog
[2026-05-10T12:41:23.750] [DEBUG] debug-file - session manager: watch message received from worker 1. Type: WatchLog
[2026-05-10T12:41:23.723] [DEBUG] debug-file - watch worker: send response to session manager. Response type: WatchLog
[2026-05-10T12:41:23.751] [DEBUG] debug-file - session manager: watch message received from worker 1. Type: WatchLog
[2026-05-10T12:41:23.723] [DEBUG] debug-file - watch worker: send response to session manager. Response type: WatchLog
[2026-05-10T12:41:23.752] [DEBUG] debug-file - session manager: watch message received from worker 1. Type: WatchLog
[2026-05-10T12:41:23.723] [DEBUG] debug-file - watch worker: send response to session manager. Response type: WatchLog
[2026-05-10T12:41:23.753] [DEBUG] debug-file - session manager: watch message received from worker 1. Type: WatchLog
[2026-05-10T12:41:23.723] [DEBUG] debug-file - watch worker: send response to session manager. Response type: WatchLog
[2026-05-10T12:41:23.754] [DEBUG] debug-file - session manager: watch message received from worker 1. Type: WatchLog
[2026-05-10T12:41:23.723] [DEBUG] debug-file - watch worker: send response to session manager. Response type: WatchLog
[2026-05-10T12:41:23.754] [DEBUG] debug-file - session manager: watch message received from worker 1. Type: WatchLog
[2026-05-10T12:41:23.723] [DEBUG] debug-file - watch worker: send response to session manager. Response type: WatchLog
[2026-05-10T12:41:23.755] [DEBUG] debug-file - session manager: watch message received from worker 1. Type: WatchLog
[2026-05-10T12:41:23.723] [DEBUG] debug-file - watch worker: send response to session manager. Response type: WatchLog
[2026-05-10T12:41:23.756] [DEBUG] debug-file - session manager: watch message received from worker 1. Type: WatchLog
[2026-05-10T12:41:23.723] [DEBUG] debug-file - watch worker: send response to session manager. Response type: WatchLog
[2026-05-10T12:41:23.757] [DEBUG] debug-file - session manager: watch message received from worker 1. Type: WatchLog
[2026-05-10T12:41:23.724] [DEBUG] debug-file - watch worker: send response to session manager. Response type: WatchLog
[2026-05-10T12:41:23.758] [DEBUG] debug-file - session manager: watch message received from worker 1. Type: WatchLog
[2026-05-10T12:41:23.724] [DEBUG] debug-file - watch worker: send response to session manager. Response type: WatchLog
[2026-05-10T12:41:23.758] [DEBUG] debug-file - session manager: watch message received from worker 1. Type: WatchLog
[2026-05-10T12:41:23.724] [DEBUG] debug-file - watch worker: send response to session manager. Response type: WatchLog
[2026-05-10T12:41:23.759] [DEBUG] debug-file - session manager: watch message received from worker 1. Type: WatchLog
[2026-05-10T12:41:23.724] [DEBUG] debug-file - watch worker: send response to session manager. Response type: WatchLog
[2026-05-10T12:41:23.760] [DEBUG] debug-file - session manager: watch message received from worker 1. Type: WatchLog
[2026-05-10T12:41:23.724] [DEBUG] debug-file - watch worker: send response to session manager. Response type: WatchLog
[2026-05-10T12:41:23.761] [DEBUG] debug-file - session manager: watch message received from worker 1. Type: WatchLog
[2026-05-10T12:41:23.724] [DEBUG] debug-file - watch worker: send response to session manager. Response type: WatchLog
[2026-05-10T12:41:23.762] [DEBUG] debug-file - session manager: watch message received from worker 1. Type: WatchLog
[2026-05-10T12:41:23.724] [DEBUG] debug-file - watch worker: send response to session manager. Response type: WatchLog
[2026-05-10T12:41:23.763] [DEBUG] debug-file - session manager: watch message received from worker 1. Type: WatchLog
[2026-05-10T12:41:23.724] [DEBUG] debug-file - watch worker: send response to session manager. Response type: WatchLog
[2026-05-10T12:41:23.763] [DEBUG] debug-file - session manager: watch message received from worker 1. Type: WatchLog
[2026-05-10T12:41:24.174] [DEBUG] debug-file - watch worker: send response to session manager. Response type: WatchResult
[2026-05-10T12:41:24.176] [DEBUG] debug-file - Ark compile finished.
[2026-05-10T12:41:24.175] [DEBUG] debug-file - session manager: watch message received from worker 1. Type: WatchResult
[2026-05-10T12:41:24.175] [DEBUG] debug-file - watch worker: send response to session manager. Response type: WatchResult
[2026-05-10T12:41:24.176] [DEBUG] debug-file - session manager: watch message received from worker 1. Type: WatchResult
[2026-05-10T12:41:24.177] [INFO] debug-file - Finished :entry:default@HotReloadArkTS... after 4 s 295 ms 
[2026-05-10T12:41:24.178] [DEBUG] debug-file - Executing task :entry:default@GeneratePkgModuleJson
[2026-05-10T12:41:24.178] [DEBUG] debug-file - File: 'E:\project\My_project\OpenHarmony\frontend\entry\build\default\intermediates\preload\default\preload.json' from 'preloadSoJsonPath' is not exists, just ignore.
[2026-05-10T12:41:24.178] [DEBUG] debug-file - Error occurs while handling @Input 'shouldDeduplicateHar': The "data" argument must be of type string or an instance of Buffer, TypedArray, or DataView. Received undefined
[2026-05-10T12:41:24.178] [DEBUG] debug-file - Task 'entry:default@GeneratePkgModuleJson' cost while wrapping incremental declarations: 1 ms 
[2026-05-10T12:41:24.179] [DEBUG] debug-file - Incremental task entry:default@GeneratePkgModuleJson pre-execution cost: 1 ms .
[2026-05-10T12:41:24.179] [DEBUG] debug-file - entry : default@GeneratePkgModuleJson cost memory 0.1045989990234375
[2026-05-10T12:41:24.179] [INFO] debug-file - UP-TO-DATE :entry:default@GeneratePkgModuleJson...  
[2026-05-10T12:41:24.180] [DEBUG] debug-file - Executing task :entry:default@ProcessCompiledResources
[2026-05-10T12:41:24.180] [DEBUG] debug-file - File: 'E:\project\My_project\OpenHarmony\frontend\entry\build\default\intermediates\preload\default\preload.json' from 'preloadSoJsonPath' is not exists, just ignore.
[2026-05-10T12:41:24.180] [DEBUG] debug-file - Task 'entry:default@ProcessCompiledResources' cost while wrapping incremental declarations: 1 ms 
[2026-05-10T12:41:24.180] [DEBUG] debug-file - entry : default@ProcessCompiledResources cost memory 0.06037139892578125
[2026-05-10T12:41:24.180] [DEBUG] debug-file - runTaskFromQueue task cost before running: 4 s 529 ms 
[2026-05-10T12:41:24.180] [INFO] debug-file - Finished :entry:default@ProcessCompiledResources... after 1 ms 
[2026-05-10T12:41:24.181] [DEBUG] debug-file - Executing task :entry:default@PackageHap
[2026-05-10T12:41:24.185] [DEBUG] debug-file - entry:default@PackageHap is not up-to-date, since the input file 'E:\project\My_project\OpenHarmony\frontend\entry\build\default\intermediates\loader_out\default\ets' has been changed.
[2026-05-10T12:41:24.185] [DEBUG] debug-file - Incremental task entry:default@PackageHap pre-execution cost: 3 ms .
[2026-05-10T12:41:24.186] [DEBUG] debug-file - Use tool [E:\Program Files\Huawei\DevEco Studio\sdk\default\openharmony\toolchains\lib\app_packing_tool.jar]
 [
  'java',
  '-Dfile.encoding=GBK',
  '-jar',
  'E:\\Program Files\\Huawei\\DevEco Studio\\sdk\\default\\openharmony\\toolchains\\lib\\app_packing_tool.jar',
  '--mode',
  'hap',
  '--force',
  'true',
  '--lib-path',
  'E:\\project\\My_project\\OpenHarmony\\frontend\\entry\\build\\default\\intermediates\\stripped_native_libs\\default',
  '--json-path',
  'E:\\project\\My_project\\OpenHarmony\\frontend\\entry\\build\\default\\intermediates\\package\\default\\module.json',
  '--resources-path',
  'E:\\project\\My_project\\OpenHarmony\\frontend\\entry\\build\\default\\intermediates\\res\\default\\resources',
  '--index-path',
  'E:\\project\\My_project\\OpenHarmony\\frontend\\entry\\build\\default\\intermediates\\res\\default\\resources.index',
  '--pack-info-path',
  'E:\\project\\My_project\\OpenHarmony\\frontend\\entry\\build\\default\\outputs\\default\\pack.info',
  '--out-path',
  'E:\\project\\My_project\\OpenHarmony\\frontend\\entry\\build\\default\\outputs\\default\\entry-default-unsigned.hap',
  '--ets-path',
  'E:\\project\\My_project\\OpenHarmony\\frontend\\entry\\build\\default\\intermediates\\loader_out\\default\\ets',
  '--pkg-sdk-info-path',
  'E:\\project\\My_project\\OpenHarmony\\frontend\\entry\\build\\default\\intermediates\\loader\\default\\pkgSdkInfo.json'
]
[2026-05-10T12:41:24.186] [DEBUG] debug-file - default@PackageHap work[1] is submitted.
[2026-05-10T12:41:24.186] [DEBUG] debug-file - default@PackageHap work[1] is pushed to ready queue.
[2026-05-10T12:41:24.186] [DEBUG] debug-file - A work dispatched to worker[15] failed because unable to get work from ready queue.
[2026-05-10T12:41:24.187] [DEBUG] debug-file - default@PackageHap work[1] has been dispatched to worker[14].
[2026-05-10T12:41:24.187] [DEBUG] debug-file - default@PackageHap work[1] is dispatched.
[2026-05-10T12:41:24.188] [DEBUG] debug-file - entry : default@PackageHap cost memory 0.7578048706054688
[2026-05-10T12:41:24.244] [DEBUG] debug-file - current process  memoryUsage: {
  rss: 686465024,
  heapTotal: 81297408,
  heapUsed: 57916392,
  external: 2581003,
  arrayBuffers: 339326
} os memoryUsage :19.943527221679688
[2026-05-10T12:41:24.507] [DEBUG] debug-file - worker[14] has one work done.
[2026-05-10T12:41:24.507] [DEBUG] debug-file - default@PackageHap work[1] done.
[2026-05-10T12:41:24.507] [DEBUG] debug-file - A work dispatched to worker[14] failed because unable to get work from ready queue.
[2026-05-10T12:41:24.507] [INFO] debug-file - Finished :entry:default@PackageHap... after 272 ms 
[2026-05-10T12:41:24.508] [DEBUG] debug-file - Executing task :entry:default@PackingCheck
[2026-05-10T12:41:24.512] [DEBUG] debug-file - entry : default@PackingCheck cost memory 0.6251068115234375
[2026-05-10T12:41:24.512] [DEBUG] debug-file - runTaskFromQueue task cost before running: 4 s 861 ms 
[2026-05-10T12:41:24.513] [INFO] debug-file - Finished :entry:default@PackingCheck... after 5 ms 
[2026-05-10T12:41:24.514] [DEBUG] debug-file - Executing task :entry:default@SignHap
[2026-05-10T12:41:24.514] [WARN] debug-file - Will skip sign 'hos_hap'. No signingConfigs profile is configured in current project.
             If needed, configure the signingConfigs in E:\project\My_project\OpenHarmony\frontend\build-profile.json5.
[2026-05-10T12:41:24.514] [DEBUG] debug-file - entry:default@SignHap is not up-to-date, since the input file 'E:\project\My_project\OpenHarmony\frontend\entry\build\default\outputs\default\entry-default-unsigned.hap' has been changed.
[2026-05-10T12:41:24.514] [DEBUG] debug-file - Incremental task entry:default@SignHap pre-execution cost: 1 ms .
[2026-05-10T12:41:24.515] [DEBUG] debug-file - entry : default@SignHap cost memory 0.1042022705078125
[2026-05-10T12:41:24.515] [DEBUG] debug-file - runTaskFromQueue task cost before running: 4 s 864 ms 
[2026-05-10T12:41:24.515] [INFO] debug-file - Finished :entry:default@SignHap... after 2 ms 
[2026-05-10T12:41:24.516] [DEBUG] debug-file - Executing task :entry:default@CollectDebugSymbol
[2026-05-10T12:41:24.517] [DEBUG] debug-file - entry : default@CollectDebugSymbol cost memory 0.1952972412109375
[2026-05-10T12:41:24.517] [DEBUG] debug-file - runTaskFromQueue task cost before running: 4 s 866 ms 
[2026-05-10T12:41:24.517] [INFO] debug-file - Finished :entry:default@CollectDebugSymbol... after 1 ms 
[2026-05-10T12:41:24.517] [DEBUG] debug-file - Executing task :entry:assembleHap
[2026-05-10T12:41:24.517] [DEBUG] debug-file - entry : assembleHap cost memory 0.0126800537109375
[2026-05-10T12:41:24.517] [DEBUG] debug-file - runTaskFromQueue task cost before running: 4 s 866 ms 
[2026-05-10T12:41:24.517] [INFO] debug-file - Finished :entry:assembleHap... after 1 ms 
[2026-05-10T12:41:24.526] [INFO] debug-file - BUILD SUCCESSFUL in 4 s 875 ms 
[2026-05-10T12:41:24.527] [DEBUG] debug-file - Update task entry:default@PreBuild input file:E:\project\My_project\OpenHarmony\frontend\AppScope\app.json5 cache by regenerate.
[2026-05-10T12:41:24.527] [DEBUG] debug-file - Update task entry:default@PreBuild input file:E:\project\My_project\OpenHarmony\frontend\entry\src\main\module.json5 cache by regenerate.
[2026-05-10T12:41:24.527] [DEBUG] debug-file - Update task entry:default@PreBuild input file:E:\project\My_project\OpenHarmony\frontend\build-profile.json5 cache by regenerate.
[2026-05-10T12:41:24.527] [DEBUG] debug-file - Update task entry:default@PreBuild input file:E:\project\My_project\OpenHarmony\frontend\entry\build-profile.json5 cache by regenerate.
[2026-05-10T12:41:24.527] [DEBUG] debug-file - Update task entry:default@PreBuild input file:E:\project\My_project\OpenHarmony\frontend\entry\src\main\resources\base\profile\main_pages.json cache by regenerate.
[2026-05-10T12:41:24.528] [DEBUG] debug-file - Update task entry:default@PreBuild input file:E:\project\My_project\OpenHarmony\frontend\hvigor\hvigor-config.json5 cache by regenerate.
[2026-05-10T12:41:24.528] [DEBUG] debug-file - Update task entry:default@PreBuild input file:E:\project\My_project\OpenHarmony\frontend\entry\oh-package.json5 cache by regenerate.
[2026-05-10T12:41:24.528] [DEBUG] debug-file - Update task entry:default@PreBuild input file:E:\project\My_project\OpenHarmony\frontend\oh-package.json5 cache by regenerate.
[2026-05-10T12:41:24.528] [DEBUG] debug-file - Incremental task entry:default@PreBuild post-execution cost:2 ms .
[2026-05-10T12:41:24.528] [DEBUG] debug-file - Update task entry:default@CreateModuleInfo output file:E:\project\My_project\OpenHarmony\frontend\entry\build\default\generated\profile\default\ModuleInfo.ts cache.
[2026-05-10T12:41:24.528] [DEBUG] debug-file - Incremental task entry:default@CreateModuleInfo post-execution cost:1 ms .
[2026-05-10T12:41:24.528] [DEBUG] debug-file - There is no need to refresh cache, since the incremental task entry:default@GenerateMetadata is up-to-date.
[2026-05-10T12:41:24.528] [DEBUG] debug-file - There is no need to refresh cache, since the incremental task entry:default@MergeProfile is up-to-date.
[2026-05-10T12:41:24.528] [DEBUG] debug-file - There is no need to refresh cache, since the incremental task entry:default@CreateBuildProfile is up-to-date.
[2026-05-10T12:41:24.528] [DEBUG] debug-file - Update task entry:default@GeneratePkgContextInfo output file:E:\project\My_project\OpenHarmony\frontend\entry\build\default\intermediates\loader\default\pkgContextInfo.json cache.
[2026-05-10T12:41:24.528] [DEBUG] debug-file - Incremental task entry:default@GeneratePkgContextInfo post-execution cost:1 ms .
[2026-05-10T12:41:24.528] [DEBUG] debug-file - There is no need to refresh cache, since the incremental task entry:default@GeneratePkgSdkInfo is up-to-date.
[2026-05-10T12:41:24.528] [DEBUG] debug-file - Update task entry:default@ProcessIntegratedHsp output file:E:\project\My_project\OpenHarmony\frontend\build\cache\default\integrated_hsp\integratedHspCache.json cache.
[2026-05-10T12:41:24.528] [DEBUG] debug-file - Incremental task entry:default@ProcessIntegratedHsp post-execution cost:1 ms .
[2026-05-10T12:41:24.528] [DEBUG] debug-file - There is no need to refresh cache, since the incremental task entry:default@MakePackInfo is up-to-date.
[2026-05-10T12:41:24.528] [DEBUG] debug-file - Update task entry:default@SyscapTransform input file:E:\Program Files\Huawei\DevEco Studio\sdk\default\openharmony\toolchains\syscap_tool.exe cache by regenerate.
[2026-05-10T12:41:24.529] [DEBUG] debug-file - Update task entry:default@SyscapTransform input file:E:\Program Files\Huawei\DevEco Studio\sdk\default\openharmony\ets\api\device-define cache by regenerate.
[2026-05-10T12:41:24.529] [DEBUG] debug-file - Update task entry:default@SyscapTransform output file:E:\project\My_project\OpenHarmony\frontend\entry\build\default\intermediates\syscap\default\rpcid.sc cache.
[2026-05-10T12:41:24.529] [DEBUG] debug-file - Incremental task entry:default@SyscapTransform post-execution cost:1 ms .
[2026-05-10T12:41:24.529] [DEBUG] debug-file - There is no need to refresh cache, since the incremental task entry:default@ProcessProfile is up-to-date.
[2026-05-10T12:41:24.529] [DEBUG] debug-file - There is no need to refresh cache, since the incremental task entry:default@ProcessRouterMap is up-to-date.
[2026-05-10T12:41:24.529] [DEBUG] debug-file - There is no need to refresh cache, since the incremental task entry:default@ProcessShareConfig is up-to-date.
[2026-05-10T12:41:24.529] [DEBUG] debug-file - Update task entry:default@ProcessStartupConfig output file:E:\project\My_project\OpenHarmony\frontend\entry\build\default\intermediates\startup\default\startup_config.json cache.
[2026-05-10T12:41:24.529] [DEBUG] debug-file - Incremental task entry:default@ProcessStartupConfig post-execution cost:1 ms .
[2026-05-10T12:41:24.529] [DEBUG] debug-file - There is no need to refresh cache, since the incremental task entry:default@ProcessResource is up-to-date.
[2026-05-10T12:41:24.530] [DEBUG] debug-file - Update task entry:default@GenerateLoaderJson input file:E:\project\My_project\OpenHarmony\frontend\entry\build\default\intermediates\router_map\default\temp-router-map.json cache by regenerate.
[2026-05-10T12:41:24.530] [DEBUG] debug-file - Update task entry:default@GenerateLoaderJson output file:E:\project\My_project\OpenHarmony\frontend\entry\build\default\intermediates\loader\default\loader.json cache.
[2026-05-10T12:41:24.530] [DEBUG] debug-file - Incremental task entry:default@GenerateLoaderJson post-execution cost:1 ms .
[2026-05-10T12:41:24.530] [DEBUG] debug-file - There is no need to refresh cache, since the incremental task entry:default@ProcessLibs is up-to-date.
[2026-05-10T12:41:24.530] [DEBUG] debug-file - There is no need to refresh cache, since the incremental task entry:default@CompileResource is up-to-date.
[2026-05-10T12:41:24.530] [DEBUG] debug-file - There is no need to refresh cache, since the incremental task entry:default@DoNativeStrip is up-to-date.
[2026-05-10T12:41:24.530] [DEBUG] debug-file - Update task entry:default@BuildJS input file:E:\project\My_project\OpenHarmony\frontend\entry\build\default\intermediates\loader\default cache by regenerate.
[2026-05-10T12:41:24.531] [DEBUG] debug-file - Update task entry:default@BuildJS input file:E:\project\My_project\OpenHarmony\frontend\entry\build\default\intermediates\res\default\resources\rawfile cache by regenerate.
[2026-05-10T12:41:24.531] [DEBUG] debug-file - Update task entry:default@BuildJS input file:E:\project\My_project\OpenHarmony\frontend\entry\build\default\intermediates\res\default\ResourceTable.txt cache by regenerate.
[2026-05-10T12:41:24.531] [DEBUG] debug-file - Update task entry:default@BuildJS input file:E:\project\My_project\OpenHarmony\frontend\entry\build\default\intermediates\res\default\ark_module.json cache by regenerate.
[2026-05-10T12:41:24.531] [DEBUG] debug-file - Update task entry:default@BuildJS input file:E:\project\My_project\OpenHarmony\frontend\entry\build\default\intermediates\res\default\resources\base\profile cache by regenerate.
[2026-05-10T12:41:24.531] [DEBUG] debug-file - Update task entry:default@BuildJS output file:E:\project\My_project\OpenHarmony\frontend\entry\build\default\intermediates\loader_out\default\js cache.
[2026-05-10T12:41:24.531] [DEBUG] debug-file - Incremental task entry:default@BuildJS post-execution cost:2 ms .
[2026-05-10T12:41:24.531] [DEBUG] debug-file - Update task entry:default@CacheNativeLibs input file:E:\project\My_project\OpenHarmony\frontend\entry\build\default\intermediates\stripped_native_libs\default cache by regenerate.
[2026-05-10T12:41:24.531] [DEBUG] debug-file - Update task entry:default@CacheNativeLibs input file:E:\project\My_project\OpenHarmony\frontend\entry\build\default\intermediates\libs\default cache by regenerate.
[2026-05-10T12:41:24.531] [DEBUG] debug-file - Update task entry:default@CacheNativeLibs output file:E:\project\My_project\OpenHarmony\frontend\entry\build\default\intermediates\patch\default\base_native_libs.json cache.
[2026-05-10T12:41:24.531] [DEBUG] debug-file - Update task entry:default@CacheNativeLibs output file:E:\project\My_project\OpenHarmony\frontend\entry\build\default\intermediates\patch\default\binxo_native_libs.json cache.
[2026-05-10T12:41:24.531] [DEBUG] debug-file - Incremental task entry:default@CacheNativeLibs post-execution cost:1 ms .
[2026-05-10T12:41:24.532] [DEBUG] debug-file - Update task entry:default@HotReloadArkTS input file:E:\project\My_project\OpenHarmony\frontend\entry\build\default\intermediates\loader\default cache from map.
[2026-05-10T12:41:24.532] [DEBUG] debug-file - Update task entry:default@HotReloadArkTS input file:E:\project\My_project\OpenHarmony\frontend\entry\build\default\intermediates\res\default\resources\rawfile cache by regenerate.
[2026-05-10T12:41:24.532] [DEBUG] debug-file - Update task entry:default@HotReloadArkTS input file:E:\project\My_project\OpenHarmony\frontend\entry\build\default\intermediates\res\default\ResourceTable.txt cache by regenerate.
[2026-05-10T12:41:24.532] [DEBUG] debug-file - Update task entry:default@HotReloadArkTS input file:E:\project\My_project\OpenHarmony\frontend\entry\build\default\intermediates\res\default\ark_module.json cache by regenerate.
[2026-05-10T12:41:24.532] [DEBUG] debug-file - Update task entry:default@HotReloadArkTS input file:E:\project\My_project\OpenHarmony\frontend\entry\build\default\intermediates\res\default\resources\base\profile cache by regenerate.
[2026-05-10T12:41:24.532] [DEBUG] debug-file - Update task entry:default@HotReloadArkTS input file:E:\project\My_project\OpenHarmony\frontend\entry\src\main\ets cache by regenerate.
[2026-05-10T12:41:24.535] [DEBUG] debug-file - Update task entry:default@HotReloadArkTS input file:E:\project\My_project\OpenHarmony\frontend\entry\build\default\generated\profile\default\BuildProfile.ets cache by regenerate.
[2026-05-10T12:41:24.535] [DEBUG] debug-file - Update task entry:default@HotReloadArkTS output file:E:\project\My_project\OpenHarmony\frontend\entry\build\default\intermediates\loader_out\default\ets cache.
[2026-05-10T12:41:24.535] [DEBUG] debug-file - Incremental task entry:default@HotReloadArkTS post-execution cost:4 ms .
[2026-05-10T12:41:24.535] [DEBUG] debug-file - There is no need to refresh cache, since the incremental task entry:default@GeneratePkgModuleJson is up-to-date.
[2026-05-10T12:41:24.535] [DEBUG] debug-file - Incremental task entry:default@ProcessCompiledResources post-execution cost:1 ms .
[2026-05-10T12:41:24.535] [DEBUG] debug-file - Update task entry:default@PackageHap input file:E:\project\My_project\OpenHarmony\frontend\entry\build\default\intermediates\stripped_native_libs\default cache by regenerate.
[2026-05-10T12:41:24.535] [DEBUG] debug-file - Update task entry:default@PackageHap input file:E:\project\My_project\OpenHarmony\frontend\entry\build\default\intermediates\res\default\module.json cache by regenerate.
[2026-05-10T12:41:24.536] [DEBUG] debug-file - Update task entry:default@PackageHap input file:E:\project\My_project\OpenHarmony\frontend\entry\build\default\intermediates\res\default\resources cache by regenerate.
[2026-05-10T12:41:24.536] [DEBUG] debug-file - Update task entry:default@PackageHap input file:E:\project\My_project\OpenHarmony\frontend\entry\build\default\intermediates\res\default\resources.index cache by regenerate.
[2026-05-10T12:41:24.536] [DEBUG] debug-file - Update task entry:default@PackageHap input file:E:\project\My_project\OpenHarmony\frontend\entry\build\default\outputs\default\pack.info cache by regenerate.
[2026-05-10T12:41:24.537] [DEBUG] debug-file - Update task entry:default@PackageHap input file:E:\project\My_project\OpenHarmony\frontend\entry\build\default\intermediates\loader_out\default\ets cache from map.
[2026-05-10T12:41:24.537] [DEBUG] debug-file - Update task entry:default@PackageHap input file:E:\project\My_project\OpenHarmony\frontend\entry\build\default\intermediates\loader\default\pkgSdkInfo.json cache by regenerate.
[2026-05-10T12:41:24.537] [DEBUG] debug-file - Update task entry:default@PackageHap input file:E:\project\My_project\OpenHarmony\frontend\entry\build\default\intermediates\loader_out\default\ets\sourceMaps.map cache by regenerate.
[2026-05-10T12:41:24.537] [DEBUG] debug-file - Update task entry:default@PackageHap input file:E:\project\My_project\OpenHarmony\frontend\entry\build\default\generated\profile\default\BuildProfile.ets cache by regenerate.
[2026-05-10T12:41:24.537] [DEBUG] debug-file - Update task entry:default@PackageHap output file:E:\project\My_project\OpenHarmony\frontend\entry\build\default\outputs\default\entry-default-unsigned.hap cache.
[2026-05-10T12:41:24.537] [DEBUG] debug-file - Update task entry:default@PackageHap output file:E:\project\My_project\OpenHarmony\frontend\entry\build\default\intermediates\source_map\default\sourceMaps.map cache.
[2026-05-10T12:41:24.537] [DEBUG] debug-file - Update task entry:default@PackageHap output file:E:\project\My_project\OpenHarmony\frontend\entry\build\default\outputs\default\mapping\sourceMaps.map cache.
[2026-05-10T12:41:24.537] [DEBUG] debug-file - Incremental task entry:default@PackageHap post-execution cost:2 ms .
[2026-05-10T12:41:24.537] [DEBUG] debug-file - Update task entry:default@SignHap input file:E:\project\My_project\OpenHarmony\frontend\entry\build\default\outputs\default\entry-default-unsigned.hap cache from map.
[2026-05-10T12:41:24.537] [DEBUG] debug-file - Update task entry:default@SignHap output file:E:\project\My_project\OpenHarmony\frontend\entry\build\default\outputs\default\entry-default-signed.hap cache.
[2026-05-10T12:41:24.537] [DEBUG] debug-file - Incremental task entry:default@SignHap post-execution cost:1 ms .
[2026-05-10T12:41:24.537] [DEBUG] debug-file - Update task entry:default@CollectDebugSymbol input file:E:\project\My_project\OpenHarmony\frontend\entry\build\default\intermediates\loader_out\default\ets\sourceMaps.map cache by regenerate.
[2026-05-10T12:41:24.538] [DEBUG] debug-file - Update task entry:default@CollectDebugSymbol input file:E:\project\My_project\OpenHarmony\frontend\entry\build\default\intermediates\libs\default cache by regenerate.
[2026-05-10T12:41:24.538] [DEBUG] debug-file - Update task entry:default@CollectDebugSymbol output file:E:\project\My_project\OpenHarmony\frontend\entry\build\default\outputs\default\symbol cache.
[2026-05-10T12:41:24.538] [DEBUG] debug-file - Incremental task entry:default@CollectDebugSymbol post-execution cost:1 ms .
[2026-05-10T12:41:24.560] [DEBUG] debug-file - Cleanup worker 14.
[2026-05-10T12:41:24.560] [DEBUG] debug-file - Worker 14 has been cleaned up.
[2026-05-10T12:41:24.560] [DEBUG] debug-file - Current idle worker size: 0.
[2026-05-10T12:41:24.561] [DEBUG] debug-file - Current resident worker size: 1.
[2026-05-10T12:41:24.561] [DEBUG] debug-file - hvigor build process will be closed.
[2026-05-10T12:41:24.567] [DEBUG] debug-file - worker[14] exits with exit code 1.
[2026-05-10T12:41:59.886] [DEBUG] debug-file - session manager: send message to worker process.
[2026-05-10T12:41:59.886] [DEBUG] debug-file - session manager: send message to worker process.
[2026-05-10T12:42:00.040] [DEBUG] debug-file - watch worker: worker is ready to be terminated.
[2026-05-10T12:42:00.041] [DEBUG] debug-file - Server currently has 0 watch-worker
